address,asset_type,submarket,status,last_ask,value,implied_cap,lease_psf,comp_ppsf,opener
3100 SE 6th Avenue,Commercial (other),Area 3800,Expired,11900000.0,6404000.0,0.1027,26.5,71,"Hi, I saw 3100 SE 6th Avenue came off the market — I cover Andrews Ave · SE 17th St. Commercial around here is trading near $71/SF and leasing around $26/SF. I think it can be positioned to actually sell — got two minutes?"
2209 NE 26th Street,Hotel,Area 3370,Expired,9600000.0,6259000.0,0.0767,,226,"Hi, I saw 2209 NE 26th Street came off the market — I cover Dixie Hwy · Oakland Park Blvd. Hotel around here is trading near $226/SF. I think it can be positioned to actually sell — got two minutes?"
3030 SW 4th Avenue,Industrial,Area 3490,Expired,8700000.0,6026000.0,0.0546,19.4,123,"Hi, I saw 3030 SW 4th Avenue came off the market — I cover the area. Industrial around here is trading near $123/SF and leasing around $19/SF. I think it can be positioned to actually sell — got two minutes?"
3001 N Ocean Blvd,Hotel,Area 3130,Expired,8000000.0,5306000.0,0.0602,,293,"Hi, I saw 3001 N Ocean Blvd came off the market — I cover Ocean Blvd. Hotel around here is trading near $293/SF. I think it can be positioned to actually sell — got two minutes?"
616-626 SW 14th Ave,Multifamily,Area 3470,Expired,7950000.0,3783000.0,0.0481,15.4,97,"Hi, I saw 616-626 SW 14th Ave came off the market — I cover Davie Blvd · Las Olas Blvd. Multifamily around here is trading near $97/SF and leasing around $15/SF. I think it can be positioned to actually sell — got two minutes?"
925 W Broward Blvd,Mixed Use,Area 3560,Expired,7600000.0,2923000.0,0.0327,20.2,110,"Hi, I saw 925 W Broward Blvd came off the market — I cover Broward Blvd · Sunrise Blvd. Mixed-use around here is trading near $110/SF and leasing around $20/SF. I think it can be positioned to actually sell — got two minutes?"
2000 S Federal Highway,Retail,Area 3480,Cancelled,7000000.0,2143000.0,0.0398,28.0,127,"Hi, I saw 2000 S Federal Highway came off the market — I cover Federal Hwy · SE 17th St. Retail around here is trading near $127/SF and leasing around $28/SF. I think it can be positioned to actually sell — got two minutes?"
2000 S Federal Highway,Retail,Area 3600,Cancelled,7000000.0,2987000.0,0.0398,28.0,177,"Hi, I saw 2000 S Federal Highway came off the market — I cover SE 17th St · Federal Hwy. Retail around here is trading near $177/SF and leasing around $28/SF. I think it can be positioned to actually sell — got two minutes?"
0000 N Main Street,Commercial (other),Area 3260,Expired,6500000.0,3975000.0,0.0521,26.5,159,"Hi, I saw 0000 N Main Street came off the market — I cover Sunrise Blvd · Oakland Park Blvd. Commercial around here is trading near $159/SF and leasing around $26/SF. I think it can be positioned to actually sell — got two minutes?"
2640+2648+2667 NE 32nd Street,Hotel,Area 3250,Expired,6000000.0,6690000.0,0.1324,,224,"Hi, I saw 2640+2648+2667 NE 32nd Street came off the market — I cover Oakland Park Blvd. Hotel around here is trading near $224/SF. I think it can be positioned to actually sell — got two minutes?"
1995 E Oakland Park Blvd,Office,Area 3360,Expired,5999999.0,2109000.0,0.0887,17.0,63,"Hi, I saw 1995 E Oakland Park Blvd came off the market — I cover Oakland Park Blvd. Office around here is trading near $63/SF and leasing around $17/SF. I think it can be positioned to actually sell — got two minutes?"
1916 SW 11th St,Multifamily,Area 3990,Expired,5999999.0,3933000.0,0.0432,15.4,149,"Hi, I saw 1916 SW 11th St came off the market — I cover the area. Multifamily around here is trading near $149/SF and leasing around $15/SF. I think it can be positioned to actually sell — got two minutes?"
1916 SW 11th Street,Multifamily,Area 3990,Expired,5800888.0,3933000.0,0.0447,15.4,149,"Hi, I saw 1916 SW 11th Street came off the market — I cover the area. Multifamily around here is trading near $149/SF and leasing around $15/SF. I think it can be positioned to actually sell — got two minutes?"
1354 Bayview Drive,Multifamily,Area 3260,Expired,5450000.0,3396000.0,0.0347,15.4,176,"Hi, I saw 1354 Bayview Drive came off the market — I cover Sunrise Blvd · Oakland Park Blvd. Multifamily around here is trading near $176/SF and leasing around $15/SF. I think it can be positioned to actually sell — got two minutes?"
1545 Miami Road,Multifamily,Area 3600,Expired,5295000.0,4825000.0,0.0371,15.4,241,"Hi, I saw 1545 Miami Road came off the market — I cover SE 17th St · Federal Hwy. Multifamily around here is trading near $241/SF and leasing around $15/SF. I think it can be positioned to actually sell — got two minutes?"
431 NW 1st Avenue,Commercial (other),Area 3810,Expired,5000000.0,4223000.0,0.0432,26.5,265,"Hi, I saw 431 NW 1st Avenue came off the market — I cover Broward Blvd. Commercial around here is trading near $265/SF and leasing around $26/SF. I think it can be positioned to actually sell — got two minutes?"
511 SE 5th Ave Unit#101/102,Restaurant,Area 3800,Expired,5000000.0,1594000.0,0.0412,22.6,184,"Hi, I saw 511 SE 5th Ave Unit#101/102 came off the market — I cover Andrews Ave · SE 17th St. Restaurant/bar around here is trading near $184/SF and leasing around $23/SF. I think it can be positioned to actually sell — got two minutes?"
1843 S Federal Highway,Commercial (other),Area 3800,Expired,4600000.0,2568000.0,0.0375,26.5,202,"Hi, I saw 1843 S Federal Highway came off the market — I cover Andrews Ave · SE 17th St. Commercial around here is trading near $202/SF and leasing around $26/SF. I think it can be positioned to actually sell — got two minutes?"
1215 NE 17th Court,Commercial (other),Area 3160,Expired,4500000.0,2689000.0,0.1372,26.5,59,"Hi, I saw 1215 NE 17th Court came off the market — I cover Ocean Blvd · SE 17th St. Commercial around here is trading near $59/SF and leasing around $26/SF. I think it can be positioned to actually sell — got two minutes?"
2648 NE 32nd Street,Hotel,Area 3250,Expired,4500000.0,5541000.0,0.1182,,277,"Hi, I saw 2648 NE 32nd Street came off the market — I cover Oakland Park Blvd. Hotel around here is trading near $277/SF. I think it can be positioned to actually sell — got two minutes?"
2817 E Oakland Park Boulevard,Commercial (other),Area 3250,Expired,4500000.0,3106000.0,0.0448,26.5,209,"Hi, I saw 2817 E Oakland Park Boulevard came off the market — I cover Oakland Park Blvd. Commercial around here is trading near $209/SF and leasing around $26/SF. I think it can be positioned to actually sell — got two minutes?"
702-704 NE 1st Avenue,Commercial (other),Area 3380,Cancelled,4250000.0,3414000.0,0.0356,26.5,306,"Hi, I saw 702-704 NE 1st Avenue came off the market — I cover Wilton Dr · Federal Hwy. Commercial around here is trading near $306/SF and leasing around $26/SF. I think it can be positioned to actually sell — got two minutes?"
2648 NE 32nd Street,Hotel,Area 3250,Expired,4200000.0,5541000.0,0.1267,,277,"Hi, I saw 2648 NE 32nd Street came off the market — I cover Oakland Park Blvd. Hotel around here is trading near $277/SF. I think it can be positioned to actually sell — got two minutes?"
817 NE 4th Avenue,Mixed Use,Area 3270,Expired,4000000.0,2505000.0,0.0448,20.2,131,"Hi, I saw 817 NE 4th Avenue came off the market — I cover Sunrise Blvd. Mixed-use around here is trading near $131/SF and leasing around $20/SF. I think it can be positioned to actually sell — got two minutes?"
2150 NW 9th Avenue,Commercial (other),Area 3460,Expired,3995000.0,2467000.0,0.0768,26.5,109,"Hi, I saw 2150 NW 9th Avenue came off the market — I cover Sunrise Blvd. Commercial around here is trading near $109/SF and leasing around $26/SF. I think it can be positioned to actually sell — got two minutes?"
3001 NE 12 Terrace,Industrial,Area 3370,Expired,3900000.0,3146000.0,0.0323,19.4,242,"Hi, I saw 3001 NE 12 Terrace came off the market — I cover Dixie Hwy · Oakland Park Blvd. Industrial around here is trading near $242/SF and leasing around $19/SF. I think it can be positioned to actually sell — got two minutes?"
1730 W Sunrise Boulevard,Retail,Area 3560,Expired,3900000.0,2657000.0,0.1136,28.0,99,"Hi, I saw 1730 W Sunrise Boulevard came off the market — I cover Broward Blvd · Sunrise Blvd. Retail around here is trading near $99/SF and leasing around $28/SF. I think it can be positioned to actually sell — got two minutes?"
2666 E Oakland Park Boulevard,Commercial (other),Area 3250,Expired,3800000.0,3120000.0,0.0535,26.5,208,"Hi, I saw 2666 E Oakland Park Boulevard came off the market — I cover Oakland Park Blvd. Commercial around here is trading near $208/SF and leasing around $26/SF. I think it can be positioned to actually sell — got two minutes?"
1040 E Oakland Park Blvd,Retail,Area 3370,Expired,3650000.0,2472000.0,0.1118,28.0,100,"Hi, I saw 1040 E Oakland Park Blvd came off the market — I cover Dixie Hwy · Oakland Park Blvd. Retail around here is trading near $100/SF and leasing around $28/SF. I think it can be positioned to actually sell — got two minutes?"
2905 NE 6th Avenue,Commercial (other),Area 3370,Expired,3600000.0,4183000.0,0.1133,26.5,139,"Hi, I saw 2905 NE 6th Avenue came off the market — I cover Dixie Hwy · Oakland Park Blvd. Commercial around here is trading near $139/SF and leasing around $26/SF. I think it can be positioned to actually sell — got two minutes?"
2666 E Oakland Park Boulevard,Commercial (other),Area 3250,Expired,3600000.0,3120000.0,0.0565,26.5,208,"Hi, I saw 2666 E Oakland Park Boulevard came off the market — I cover Oakland Park Blvd. Commercial around here is trading near $208/SF and leasing around $26/SF. I think it can be positioned to actually sell — got two minutes?"
2120 S Federal Hwy,Retail,Area 3600,Expired,3595000.0,2576000.0,0.0558,28.0,212,"Hi, I saw 2120 S Federal Hwy came off the market — I cover SE 17th St · Federal Hwy. Retail around here is trading near $212/SF and leasing around $28/SF. I think it can be positioned to actually sell — got two minutes?"
2455 E Sunrise Boulevard Unit#Penthouse,Commercial (other),Area 3260,Expired,3520180.0,2852000.0,0.0477,26.5,230,"Hi, I saw 2455 E Sunrise Boulevard Unit#Penthouse came off the market — I cover Sunrise Blvd · Oakland Park Blvd. Commercial around here is trading near $230/SF and leasing around $26/SF. I think it can be positioned to actually sell — got two minutes?"
991 E Oakland Park Blvd,Office,Area 3720,Expired,3500000.0,1561000.0,0.0806,17.0,88,"Hi, I saw 991 E Oakland Park Blvd came off the market — I cover Oakland Park Blvd. Office around here is trading near $88/SF and leasing around $17/SF. I think it can be positioned to actually sell — got two minutes?"
2120 S Federal Hwy,Retail,Area 3600,Cancelled,3495000.0,2576000.0,0.0574,28.0,212,"Hi, I saw 2120 S Federal Hwy came off the market — I cover SE 17th St · Federal Hwy. Retail around here is trading near $212/SF and leasing around $28/SF. I think it can be positioned to actually sell — got two minutes?"
1730 W Sunrise Boulevard,Commercial (other),Area 3460,Expired,3400000.0,2684000.0,0.107,26.5,100,"Hi, I saw 1730 W Sunrise Boulevard came off the market — I cover Sunrise Blvd. Commercial around here is trading near $100/SF and leasing around $26/SF. I think it can be positioned to actually sell — got two minutes?"
600 SW 4th Avenue,Commercial (other),Area 3500,Expired,3395000.0,2572000.0,0.0494,26.5,208,"Hi, I saw 600 SW 4th Avenue came off the market — I cover Andrews Ave. Commercial around here is trading near $208/SF and leasing around $26/SF. I think it can be positioned to actually sell — got two minutes?"
201 SW 21st St,Industrial,Area 3500,Withdrawn,3395000.0,3645000.0,0.0594,19.4,175,"Hi, I saw 201 SW 21st St came off the market — I cover Andrews Ave. Industrial around here is trading near $175/SF and leasing around $19/SF. I think it can be positioned to actually sell — got two minutes?"
746 NE 3rd Ave & 8th Street,Commercial (other),Area 3270,Expired,3368750.0,3504000.0,0.0774,26.5,182,"Hi, I saw 746 NE 3rd Ave & 8th Street came off the market — I cover Sunrise Blvd. Commercial around here is trading near $182/SF and leasing around $26/SF. I think it can be positioned to actually sell — got two minutes?"
2625 NE 13th Ct,Multifamily,Area 3260,Expired,3349000.0,2880000.0,0.04,15.4,211,"Hi, I saw 2625 NE 13th Ct came off the market — I cover Sunrise Blvd · Oakland Park Blvd. Multifamily around here is trading near $211/SF and leasing around $15/SF. I think it can be positioned to actually sell — got two minutes?"
15 SE 9th Avenue,Commercial (other),Area 3270,Cancelled,3250000.0,2258000.0,0.0313,26.5,301,"Hi, I saw 15 SE 9th Avenue came off the market — I cover Sunrise Blvd. Commercial around here is trading near $301/SF and leasing around $26/SF. I think it can be positioned to actually sell — got two minutes?"
"1408, 1404 NE",Retail,Area 3370,Cancelled,3200000.0,2816000.0,,28.0,86,"Hi, I saw 1408, 1404 NE came off the market — I cover Dixie Hwy · Oakland Park Blvd. Retail around here is trading near $86/SF and leasing around $28/SF. I think it can be positioned to actually sell — got two minutes?"
729 SW 2nd Ct,Multifamily,Area 3470,Expired,3000000.0,2128000.0,0.0376,15.4,185,"Hi, I saw 729 SW 2nd Ct came off the market — I cover Davie Blvd · Las Olas Blvd. Multifamily around here is trading near $185/SF and leasing around $15/SF. I think it can be positioned to actually sell — got two minutes?"
1115 Tequesta Street,Multifamily,Area 3470,Cancelled,2999990.0,2572000.0,0.0572,15.4,147,"Hi, I saw 1115 Tequesta Street came off the market — I cover Davie Blvd · Las Olas Blvd. Multifamily around here is trading near $147/SF and leasing around $15/SF. I think it can be positioned to actually sell — got two minutes?"
828 NW 1st St,Industrial,Area 3470,Cancelled,2975000.0,2679000.0,0.0454,19.4,192,"Hi, I saw 828 NW 1st St came off the market — I cover Davie Blvd · Las Olas Blvd. Industrial around here is trading near $192/SF and leasing around $19/SF. I think it can be positioned to actually sell — got two minutes?"
2826 E Oakland Park Blvd,Office,Area 3250,Expired,2850000.0,1051000.0,0.0419,17.0,140,"Hi, I saw 2826 E Oakland Park Blvd came off the market — I cover Oakland Park Blvd. Office around here is trading near $140/SF and leasing around $17/SF. I think it can be positioned to actually sell — got two minutes?"
2625 NE 13th Ct,Multifamily,Area 3260,Expired,2850000.0,2880000.0,0.047,15.4,211,"Hi, I saw 2625 NE 13th Ct came off the market — I cover Sunrise Blvd · Oakland Park Blvd. Multifamily around here is trading near $211/SF and leasing around $15/SF. I think it can be positioned to actually sell — got two minutes?"
533 NE 13th Street,Commercial (other),Area 3380,Expired,2850000.0,3855000.0,0.0689,26.5,266,"Hi, I saw 533 NE 13th Street came off the market — I cover Wilton Dr · Federal Hwy. Commercial around here is trading near $266/SF and leasing around $26/SF. I think it can be positioned to actually sell — got two minutes?"
2826 E Oakland Park Blvd,Office,Area 30,Withdrawn,2800000.0,1043000.0,0.0426,17.0,139,"Hi, I saw 2826 E Oakland Park Blvd came off the market — I cover Oakland Park Blvd. Office around here is trading near $139/SF and leasing around $17/SF. I think it can be positioned to actually sell — got two minutes?"
92 Hendricks Isle,Multifamily,Area 3280,Cancelled,2750000.0,2000000.0,,15.4,320,"Hi, I saw 92 Hendricks Isle came off the market — I cover Sunrise Blvd · Las Olas Blvd. Multifamily around here is trading near $320/SF and leasing around $15/SF. I think it can be positioned to actually sell — got two minutes?"
15 NW 9th Ave,Industrial,Area 3470,Expired,2750000.0,1939000.0,,19.4,277,"Hi, I saw 15 NW 9th Ave came off the market — I cover Davie Blvd · Las Olas Blvd. Industrial around here is trading near $277/SF and leasing around $19/SF. I think it can be positioned to actually sell — got two minutes?"
114 NW 25th Street,Multifamily,Area 3390,Expired,2750000.0,4783000.0,0.1434,15.4,119,"Hi, I saw 114 NW 25th Street came off the market — I cover Oakland Park Blvd · SE 17th St. Multifamily around here is trading near $119/SF and leasing around $15/SF. I think it can be positioned to actually sell — got two minutes?"
2010 Wilton Dr,Restaurant,Area 3380,Expired,2750000.0,2165000.0,0.0688,22.6,272,"Hi, I saw 2010 Wilton Dr came off the market — I cover Wilton Dr · Federal Hwy. Restaurant/bar around here is trading near $272/SF and leasing around $23/SF. I think it can be positioned to actually sell — got two minutes?"
724-730 3rd Avenue,Multifamily,Area 3270,Expired,2734375.0,3078000.0,0.0561,15.4,197,"Hi, I saw 724-730 3rd Avenue came off the market — I cover Sunrise Blvd. Multifamily around here is trading near $197/SF and leasing around $15/SF. I think it can be positioned to actually sell — got two minutes?"
1122 W Broward Boulevard,Retail,Area 3470,Expired,2650000.0,1197000.0,0.049,28.0,152,"Hi, I saw 1122 W Broward Boulevard came off the market — I cover Davie Blvd · Las Olas Blvd. Retail around here is trading near $152/SF and leasing around $28/SF. I think it can be positioned to actually sell — got two minutes?"
2502 NE 6th Avenue,Commercial (other),Area 3370,Expired,2649000.0,2014000.0,0.032,26.5,322,"Hi, I saw 2502 NE 6th Avenue came off the market — I cover Dixie Hwy · Oakland Park Blvd. Commercial around here is trading near $322/SF and leasing around $26/SF. I think it can be positioned to actually sell — got two minutes?"
3047 N Federal Highway,Commercial (other),Area 3380,Cancelled,2500000.0,1881000.0,,26.5,601,"Hi, I saw 3047 N Federal Highway came off the market — I cover Wilton Dr · Federal Hwy. Commercial around here is trading near $601/SF and leasing around $26/SF. I think it can be positioned to actually sell — got two minutes?"
2500 Wilton Dr,Special Purpose,Area 3370,Expired,2500000.0,1926000.0,,7.3,340,"Hi, I saw 2500 Wilton Dr came off the market — I cover Dixie Hwy · Oakland Park Blvd. Special-purpose around here is trading near $340/SF and leasing around $7/SF. I think it can be positioned to actually sell — got two minutes?"
1650 NE 26th Street,Commercial (other),Area 3280,Expired,2500000.0,3121000.0,0.0813,26.5,208,"Hi, I saw 1650 NE 26th Street came off the market — I cover Sunrise Blvd · Las Olas Blvd. Commercial around here is trading near $208/SF and leasing around $26/SF. I think it can be positioned to actually sell — got two minutes?"
835 NE 3rd Ave,Restaurant,Area 3700,Cancelled,2499999.0,1549000.0,0.0606,22.6,243,"Hi, I saw 835 NE 3rd Ave came off the market — I cover Andrews Ave. Restaurant/bar around here is trading near $243/SF and leasing around $23/SF. I think it can be positioned to actually sell — got two minutes?"
415 SE 12th Street,Commercial (other),Area 3150,Cancelled,2499000.0,2808000.0,0.0648,26.5,235,"Hi, I saw 415 SE 12th Street came off the market — I cover the area. Commercial around here is trading near $235/SF and leasing around $26/SF. I think it can be positioned to actually sell — got two minutes?"
2617 NE 13th Court,Commercial (other),Area 3260,Expired,2475000.0,2621000.0,0.0569,26.5,252,"Hi, I saw 2617 NE 13th Court came off the market — I cover Sunrise Blvd · Oakland Park Blvd. Commercial around here is trading near $252/SF and leasing around $26/SF. I think it can be positioned to actually sell — got two minutes?"
735 NW 7th Terrace,Industrial,Area 3460,Expired,2400000.0,1883000.0,0.0409,19.4,186,"Hi, I saw 735 NW 7th Terrace came off the market — I cover Sunrise Blvd. Industrial around here is trading near $186/SF and leasing around $19/SF. I think it can be positioned to actually sell — got two minutes?"
1700 NE 5 Street,Commercial (other),Area 3270,Expired,2295000.0,2923000.0,0.0774,26.5,223,"Hi, I saw 1700 NE 5 Street came off the market — I cover Sunrise Blvd. Commercial around here is trading near $223/SF and leasing around $26/SF. I think it can be positioned to actually sell — got two minutes?"
844 NW 10th Ter,Mixed Use,Area 3460,Expired,2225000.0,1536000.0,0.071,20.2,91,"Hi, I saw 844 NW 10th Ter came off the market — I cover Sunrise Blvd. Mixed-use around here is trading near $91/SF and leasing around $20/SF. I think it can be positioned to actually sell — got two minutes?"
844 NW 10th Ter,Mixed Use,Area 3460,Expired,2200000.0,1536000.0,0.0718,20.2,91,"Hi, I saw 844 NW 10th Ter came off the market — I cover Sunrise Blvd. Mixed-use around here is trading near $91/SF and leasing around $20/SF. I think it can be positioned to actually sell — got two minutes?"
1210 NE 8th Ave,Flex,Area 3560,Withdrawn,2198672.0,2092000.0,0.0427,,328,"Hi, I saw 1210 NE 8th Ave came off the market — I cover Broward Blvd · Sunrise Blvd. Flex around here is trading near $328/SF. I think it can be positioned to actually sell — got two minutes?"
1210 NE 8th Avenue,Mixed Use,Area 3560,Withdrawn,2198672.0,1499000.0,,20.2,235,"Hi, I saw 1210 NE 8th Avenue came off the market — I cover Broward Blvd · Sunrise Blvd. Mixed-use around here is trading near $235/SF and leasing around $20/SF. I think it can be positioned to actually sell — got two minutes?"
325 NW 25 Street,Multifamily,Area 3390,Expired,2179449.0,2842000.0,0.0595,15.4,215,"Hi, I saw 325 NW 25 Street came off the market — I cover Oakland Park Blvd · SE 17th St. Multifamily around here is trading near $215/SF and leasing around $15/SF. I think it can be positioned to actually sell — got two minutes?"
709 SW 4th Ct Unit#1-7,Multifamily,Area 3470,Expired,2100000.0,2324000.0,0.0654,15.4,166,"Hi, I saw 709 SW 4th Ct Unit#1-7 came off the market — I cover Davie Blvd · Las Olas Blvd. Multifamily around here is trading near $166/SF and leasing around $15/SF. I think it can be positioned to actually sell — got two minutes?"
842 NW 1st Avenue Unit#1-8,Multifamily,Area 3810,Expired,2079000.0,3311000.0,0.0478,15.4,327,"Hi, I saw 842 NW 1st Avenue Unit#1-8 came off the market — I cover Broward Blvd. Multifamily around here is trading near $327/SF and leasing around $15/SF. I think it can be positioned to actually sell — got two minutes?"
1900 E Oakland Park Boulevard,Retail,Area 3370,Expired,2050000.0,2058000.0,0.1347,28.0,123,"Hi, I saw 1900 E Oakland Park Boulevard came off the market — I cover Dixie Hwy · Oakland Park Blvd. Retail around here is trading near $123/SF and leasing around $28/SF. I think it can be positioned to actually sell — got two minutes?"
842 NW 1st Ave,Multifamily,Area 3810,Expired,2049000.0,3311000.0,0.0485,15.4,327,"Hi, I saw 842 NW 1st Ave came off the market — I cover Broward Blvd. Multifamily around here is trading near $327/SF and leasing around $15/SF. I think it can be positioned to actually sell — got two minutes?"
511 SE 5th Ave Unit#11,Office,Area 3800,Expired,2043000.0,735000.0,0.0353,17.0,162,"Hi, I saw 511 SE 5th Ave Unit#11 came off the market — I cover Andrews Ave · SE 17th St. Office around here is trading near $162/SF and leasing around $17/SF. I think it can be positioned to actually sell — got two minutes?"
821 NE 18th Ct Unit#1-5,Multifamily,Area 3370,Expired,2000000.0,2246000.0,0.0419,15.4,263,"Hi, I saw 821 NE 18th Ct Unit#1-5 came off the market — I cover Dixie Hwy · Oakland Park Blvd. Multifamily around here is trading near $263/SF and leasing around $15/SF. I think it can be positioned to actually sell — got two minutes?"
2010 NW 6th St,Restaurant,Area 3040,Expired,1998500.0,1404000.0,0.0618,22.6,270,"Hi, I saw 2010 NW 6th St came off the market — I cover Federal Hwy. Restaurant/bar around here is trading near $270/SF and leasing around $23/SF. I think it can be positioned to actually sell — got two minutes?"
1091 NE 4th Avenue,Commercial (other),Area 3390,Expired,1990000.0,3403000.0,0.1233,26.5,188,"Hi, I saw 1091 NE 4th Avenue came off the market — I cover Oakland Park Blvd · SE 17th St. Commercial around here is trading near $188/SF and leasing around $26/SF. I think it can be positioned to actually sell — got two minutes?"
2700 E Oakland Park Boulevard,Retail,Area 3260,Expired,1990000.0,2025000.0,0.1244,28.0,135,"Hi, I saw 2700 E Oakland Park Boulevard came off the market — I cover Sunrise Blvd · Oakland Park Blvd. Retail around here is trading near $135/SF and leasing around $28/SF. I think it can be positioned to actually sell — got two minutes?"
200-204 NW 17th Court Unit#1-8,Multifamily,Area 3390,Cancelled,1950000.0,2317000.0,0.0429,15.4,272,"Hi, I saw 200-204 NW 17th Court Unit#1-8 came off the market — I cover Oakland Park Blvd · SE 17th St. Multifamily around here is trading near $272/SF and leasing around $15/SF. I think it can be positioned to actually sell — got two minutes?"
700 NW 7th Avenue,Industrial,Area 3400,Cancelled,1950000.0,3662000.0,0.0839,19.4,217,"Hi, I saw 700 NW 7th Avenue came off the market — I cover the area. Industrial around here is trading near $217/SF and leasing around $19/SF. I think it can be positioned to actually sell — got two minutes?"
320 Davie Blvd,Office,Area 3380,Expired,1950000.0,1486000.0,0.0787,17.0,154,"Hi, I saw 320 Davie Blvd came off the market — I cover Wilton Dr · Federal Hwy. Office around here is trading near $154/SF and leasing around $17/SF. I think it can be positioned to actually sell — got two minutes?"
901 NE 30th Ct,Industrial,Area 3331,Expired,1900000.0,3630000.0,0.0842,19.4,220,"Hi, I saw 901 NE 30th Ct came off the market — I cover the area. Industrial around here is trading near $220/SF and leasing around $19/SF. I think it can be positioned to actually sell — got two minutes?"
3047 N Federal Highway,Commercial (other),Area 3380,Expired,1900000.0,1881000.0,,26.5,601,"Hi, I saw 3047 N Federal Highway came off the market — I cover Wilton Dr · Federal Hwy. Commercial around here is trading near $601/SF and leasing around $26/SF. I think it can be positioned to actually sell — got two minutes?"
1415 SW 1 ST Unit#1-8,Multifamily,Area 3470,Expired,1895000.0,2319000.0,0.0715,15.4,168,"Hi, I saw 1415 SW 1 ST Unit#1-8 came off the market — I cover Davie Blvd · Las Olas Blvd. Multifamily around here is trading near $168/SF and leasing around $15/SF. I think it can be positioned to actually sell — got two minutes?"
2500 Wilton Drive,Commercial (other),Area 3370,Cancelled,1890000.0,1926000.0,0.0406,26.5,340,"Hi, I saw 2500 Wilton Drive came off the market — I cover Dixie Hwy · Oakland Park Blvd. Commercial around here is trading near $340/SF and leasing around $26/SF. I think it can be positioned to actually sell — got two minutes?"
530-536 & 548 & 548 32nd Street,Commercial (other),Area 3450,Expired,1890000.0,3320000.0,0.1227,26.5,194,"Hi, I saw 530-536 & 548 & 548 32nd Street came off the market — I cover Oakland Park Blvd. Commercial around here is trading near $194/SF and leasing around $26/SF. I think it can be positioned to actually sell — got two minutes?"
100 SE 21st Street Unit#1-8,Commercial (other),Area 3800,Expired,1850000.0,2703000.0,0.1047,26.5,189,"Hi, I saw 100 SE 21st Street Unit#1-8 came off the market — I cover Andrews Ave · SE 17th St. Commercial around here is trading near $189/SF and leasing around $26/SF. I think it can be positioned to actually sell — got two minutes?"
2300 NW 6th St,Multifamily,Area 3120,Cancelled,1800000.0,2855000.0,0.0731,15.4,213,"Hi, I saw 2300 NW 6th St came off the market — I cover the area. Multifamily around here is trading near $213/SF and leasing around $15/SF. I think it can be positioned to actually sell — got two minutes?"
1100 NE 18th Court,Multifamily,Area 3370,Expired,1800000.0,2319000.0,0.05,15.4,253,"Hi, I saw 1100 NE 18th Court came off the market — I cover Dixie Hwy · Oakland Park Blvd. Multifamily around here is trading near $253/SF and leasing around $15/SF. I think it can be positioned to actually sell — got two minutes?"
1620 NE 12th Terrace,Industrial,Area 3360,Expired,1800000.0,3087000.0,0.0632,19.4,263,"Hi, I saw 1620 NE 12th Terrace came off the market — I cover Oakland Park Blvd. Industrial around here is trading near $263/SF and leasing around $19/SF. I think it can be positioned to actually sell — got two minutes?"
505 SE 20th St Unit#1-5,Multifamily,Area 3600,Expired,1799000.0,2937000.0,0.0381,15.4,421,"Hi, I saw 505 SE 20th St Unit#1-5 came off the market — I cover SE 17th St · Federal Hwy. Multifamily around here is trading near $421/SF and leasing around $15/SF. I think it can be positioned to actually sell — got two minutes?"
1124 NE 5th Avenue,Multifamily,Area 3370,Expired,1750000.0,3362000.0,0.1136,15.4,166,"Hi, I saw 1124 NE 5th Avenue came off the market — I cover Dixie Hwy · Oakland Park Blvd. Multifamily around here is trading near $166/SF and leasing around $15/SF. I think it can be positioned to actually sell — got two minutes?"
511 SE 5th Ave Unit#11,Office,Area 3800,Cancelled,1740000.0,735000.0,0.0415,17.0,162,"Hi, I saw 511 SE 5th Ave Unit#11 came off the market — I cover Andrews Ave · SE 17th St. Office around here is trading near $162/SF and leasing around $17/SF. I think it can be positioned to actually sell — got two minutes?"
511 SE 5th Ave Unit#11,Office,Area 3800,Expired,1700000.0,720000.0,0.0406,17.0,166,"Hi, I saw 511 SE 5th Ave Unit#11 came off the market — I cover Andrews Ave · SE 17th St. Office around here is trading near $166/SF and leasing around $17/SF. I think it can be positioned to actually sell — got two minutes?"
1130 NE 6th Avenue,Commercial (other),Area 3370,Expired,1700000.0,2809000.0,0.1018,26.5,220,"Hi, I saw 1130 NE 6th Avenue came off the market — I cover Dixie Hwy · Oakland Park Blvd. Commercial around here is trading near $220/SF and leasing around $26/SF. I think it can be positioned to actually sell — got two minutes?"
2133 N Dixie Highway,Commercial (other),Area 3370,Expired,1700000.0,2182000.0,0.0598,26.5,291,"Hi, I saw 2133 N Dixie Highway came off the market — I cover Dixie Hwy · Oakland Park Blvd. Commercial around here is trading near $291/SF and leasing around $26/SF. I think it can be positioned to actually sell — got two minutes?"
1415 SW 1st Street Unit#1-8,Multifamily,Area 3470,Expired,1699000.0,2319000.0,0.0797,15.4,168,"Hi, I saw 1415 SW 1st Street Unit#1-8 came off the market — I cover Davie Blvd · Las Olas Blvd. Multifamily around here is trading near $168/SF and leasing around $15/SF. I think it can be positioned to actually sell — got two minutes?"
834 NW 10th Ter,Industrial,Area 3460,Expired,1600000.0,2396000.0,0.1022,19.4,142,"Hi, I saw 834 NW 10th Ter came off the market — I cover Sunrise Blvd. Industrial around here is trading near $142/SF and leasing around $19/SF. I think it can be positioned to actually sell — got two minutes?"
2455 E Sunrise Boulevard Unit#Retail Portfolio Sale,Commercial (other),Area 3260,Expired,1600000.0,2852000.0,0.105,26.5,230,"Hi, I saw 2455 E Sunrise Boulevard Unit#Retail Portfolio Sale came off the market — I cover Sunrise Blvd · Oakland Park Blvd. Commercial around here is trading near $230/SF and leasing around $26/SF. I think it can be positioned to actually sell — got two minutes?"
709 SW 4th Ct Unit#1-7,Multifamily,Area 3470,Cancelled,1599900.0,2324000.0,0.0859,15.4,166,"Hi, I saw 709 SW 4th Ct Unit#1-7 came off the market — I cover Davie Blvd · Las Olas Blvd. Multifamily around here is trading near $166/SF and leasing around $15/SF. I think it can be positioned to actually sell — got two minutes?"
824 NE 4th St Unit#1-6,Multifamily,Area 3700,Expired,1500000.0,2029000.0,0.0421,15.4,315,"Hi, I saw 824 NE 4th St Unit#1-6 came off the market — I cover Andrews Ave. Multifamily around here is trading near $315/SF and leasing around $15/SF. I think it can be positioned to actually sell — got two minutes?"
1100 NE 18th Court Unit#1-8,Multifamily,Area 3370,Expired,1500000.0,2319000.0,0.06,15.4,253,"Hi, I saw 1100 NE 18th Court Unit#1-8 came off the market — I cover Dixie Hwy · Oakland Park Blvd. Multifamily around here is trading near $253/SF and leasing around $15/SF. I think it can be positioned to actually sell — got two minutes?"
618 NE 14th Avenue,Multifamily,Area 3270,Expired,1500000.0,2439000.0,0.0626,15.4,255,"Hi, I saw 618 NE 14th Avenue came off the market — I cover Sunrise Blvd. Multifamily around here is trading near $255/SF and leasing around $15/SF. I think it can be positioned to actually sell — got two minutes?"
618 NE 14th Avenue,Multifamily,Area 3270,Expired,1500000.0,2439000.0,0.0626,15.4,255,"Hi, I saw 618 NE 14th Avenue came off the market — I cover Sunrise Blvd. Multifamily around here is trading near $255/SF and leasing around $15/SF. I think it can be positioned to actually sell — got two minutes?"
505 SE 20th St Unit#1-6,Multifamily,Area 3600,Cancelled,1490000.0,2937000.0,0.046,15.4,421,"Hi, I saw 505 SE 20th St Unit#1-6 came off the market — I cover SE 17th St · Federal Hwy. Multifamily around here is trading near $421/SF and leasing around $15/SF. I think it can be positioned to actually sell — got two minutes?"
426 NW 14th Ave Unit#1-8,Multifamily,Area 3460,Expired,1425000.0,1768000.0,0.0817,15.4,149,"Hi, I saw 426 NW 14th Ave Unit#1-8 came off the market — I cover Sunrise Blvd. Multifamily around here is trading near $149/SF and leasing around $15/SF. I think it can be positioned to actually sell — got two minutes?"
834 NW 10th Ter,Industrial,Area 3460,Cancelled,1400000.0,2396000.0,0.1168,19.4,142,"Hi, I saw 834 NW 10th Ter came off the market — I cover Sunrise Blvd. Industrial around here is trading near $142/SF and leasing around $19/SF. I think it can be positioned to actually sell — got two minutes?"
1100 NE 18th Ct Unit#1-8,Multifamily,Area 3420,Cancelled,1400000.0,2402000.0,0.0643,15.4,262,"Hi, I saw 1100 NE 18th Ct Unit#1-8 came off the market — I cover the area. Multifamily around here is trading near $262/SF and leasing around $15/SF. I think it can be positioned to actually sell — got two minutes?"
921 NE 3rd Avenue,Mixed Use,Area 3700,Expired,1400000.0,1114000.0,,20.2,330,"Hi, I saw 921 NE 3rd Avenue came off the market — I cover Andrews Ave. Mixed-use around here is trading near $330/SF and leasing around $20/SF. I think it can be positioned to actually sell — got two minutes?"
105 S Avenue Of The Arts,Commercial (other),Area 3460,Expired,1399000.0,1351000.0,0.0603,26.5,217,"Hi, I saw 105 S Avenue Of The Arts came off the market — I cover Sunrise Blvd. Commercial around here is trading near $217/SF and leasing around $26/SF. I think it can be positioned to actually sell — got two minutes?"
301 SW 7th Street,Commercial (other),Area 3500,Expired,1395000.0,2001000.0,0.0704,26.5,276,"Hi, I saw 301 SW 7th Street came off the market — I cover Andrews Ave. Commercial around here is trading near $276/SF and leasing around $26/SF. I think it can be positioned to actually sell — got two minutes?"
1317 SE 4th Ave,Office,Area 3800,Expired,1350000.0,1082000.0,0.1236,17.0,103,"Hi, I saw 1317 SE 4th Ave came off the market — I cover Andrews Ave · SE 17th St. Office around here is trading near $103/SF and leasing around $17/SF. I think it can be positioned to actually sell — got two minutes?"
1124 NE 5th Avenue Unit#1-6,Multifamily,Area 3370,Expired,1350000.0,2782000.0,0.0982,15.4,206,"Hi, I saw 1124 NE 5th Avenue Unit#1-6 came off the market — I cover Dixie Hwy · Oakland Park Blvd. Multifamily around here is trading near $206/SF and leasing around $15/SF. I think it can be positioned to actually sell — got two minutes?"
1106 NE 5th Ave Unit#1-5,Multifamily,Area 3370,Expired,1349999.0,2430000.0,0.0736,15.4,240,"Hi, I saw 1106 NE 5th Ave Unit#1-5 came off the market — I cover Dixie Hwy · Oakland Park Blvd. Multifamily around here is trading near $240/SF and leasing around $15/SF. I think it can be positioned to actually sell — got two minutes?"
526 NW 15th Way,Multifamily,Area 3460,Expired,1300000.0,1729000.0,0.0853,15.4,153,"Hi, I saw 526 NW 15th Way came off the market — I cover Sunrise Blvd. Multifamily around here is trading near $153/SF and leasing around $15/SF. I think it can be positioned to actually sell — got two minutes?"
2001 W State Road 84 Unit#232/234,Industrial,Area 3580,Expired,1300000.0,3127000.0,0.088,19.4,265,"Hi, I saw 2001 W State Road 84 Unit#232/234 came off the market — I cover SR-84. Industrial around here is trading near $265/SF and leasing around $19/SF. I think it can be positioned to actually sell — got two minutes?"
808 NW 19 Street,Multifamily,Area 3370,Expired,1299000.0,2357000.0,0.0715,15.4,249,"Hi, I saw 808 NW 19 Street came off the market — I cover Dixie Hwy · Oakland Park Blvd. Multifamily around here is trading near $249/SF and leasing around $15/SF. I think it can be positioned to actually sell — got two minutes?"
301 SW 14th Way,Multifamily,Area 3470,Withdrawn,1280000.0,1860000.0,0.0663,15.4,215,"Hi, I saw 301 SW 14th Way came off the market — I cover Davie Blvd · Las Olas Blvd. Multifamily around here is trading near $215/SF and leasing around $15/SF. I think it can be positioned to actually sell — got two minutes?"
200 S Andrews Ave Unit#602,Office,Area 3800,Cancelled,1250000.0,634000.0,0.042,17.0,192,"Hi, I saw 200 S Andrews Ave Unit#602 came off the market — I cover Andrews Ave · SE 17th St. Office around here is trading near $192/SF and leasing around $17/SF. I think it can be positioned to actually sell — got two minutes?"
1230 SE 4th Avenue,Mixed Use,Area 3800,Expired,1250000.0,1419000.0,0.0554,20.2,192,"Hi, I saw 1230 SE 4th Avenue came off the market — I cover Andrews Ave · SE 17th St. Mixed-use around here is trading near $192/SF and leasing around $20/SF. I think it can be positioned to actually sell — got two minutes?"
2600 N Andrews Ave,Office,Area 3370,Cancelled,1200000.0,1091000.0,0.1165,17.0,124,"Hi, I saw 2600 N Andrews Ave came off the market — I cover Dixie Hwy · Oakland Park Blvd. Office around here is trading near $124/SF and leasing around $17/SF. I think it can be positioned to actually sell — got two minutes?"
2001 W State Road 84 #418,Industrial,Area 3580,Expired,1200000.0,3127000.0,0.0953,19.4,265,"Hi, I saw 2001 W State Road 84 #418 came off the market — I cover SR-84. Industrial around here is trading near $265/SF and leasing around $19/SF. I think it can be positioned to actually sell — got two minutes?"
2001 NW 21st Avenue,Commercial (other),Area 3560,Expired,1200000.0,2375000.0,0.0941,26.5,285,"Hi, I saw 2001 NW 21st Avenue came off the market — I cover Broward Blvd · Sunrise Blvd. Commercial around here is trading near $285/SF and leasing around $26/SF. I think it can be positioned to actually sell — got two minutes?"
2600 N Andrews Ave,Mixed Use,Area 3370,Expired,1200000.0,1689000.0,0.0686,20.2,192,"Hi, I saw 2600 N Andrews Ave came off the market — I cover Dixie Hwy · Oakland Park Blvd. Mixed-use around here is trading near $192/SF and leasing around $20/SF. I think it can be positioned to actually sell — got two minutes?"
600 W Oakland Park Blvd,Retail,Area 3390,Expired,1200000.0,1695000.0,0.1405,28.0,166,"Hi, I saw 600 W Oakland Park Blvd came off the market — I cover Oakland Park Blvd · SE 17th St. Retail around here is trading near $166/SF and leasing around $28/SF. I think it can be positioned to actually sell — got two minutes?"
2600 N Andrews Ave,Mixed Use,Area 3370,Expired,1200000.0,1689000.0,0.0686,20.2,192,"Hi, I saw 2600 N Andrews Ave came off the market — I cover Dixie Hwy · Oakland Park Blvd. Mixed-use around here is trading near $192/SF and leasing around $20/SF. I think it can be positioned to actually sell — got two minutes?"
412 SE 23rd St,Office,Area 3600,Expired,1195000.0,1390000.0,0.0898,17.0,206,"Hi, I saw 412 SE 23rd St came off the market — I cover SE 17th St · Federal Hwy. Office around here is trading near $206/SF and leasing around $17/SF. I think it can be positioned to actually sell — got two minutes?"
2801 SW 3rd Avenue,Commercial (other),Area 3490,Expired,1180000.0,1293000.0,,26.5,570,"Hi, I saw 2801 SW 3rd Avenue came off the market — I cover the area. Commercial around here is trading near $570/SF and leasing around $26/SF. I think it can be positioned to actually sell — got two minutes?"
848 NW 2nd Ave,Multifamily,Area 3460,Expired,1175000.0,1357000.0,0.0564,15.4,201,"Hi, I saw 848 NW 2nd Ave came off the market — I cover Sunrise Blvd. Multifamily around here is trading near $201/SF and leasing around $15/SF. I think it can be positioned to actually sell — got two minutes?"
2455 E Sunrise Boulevard Unit#CU-1A,Commercial (other),Area 3260,Expired,1098960.0,2372000.0,0.1034,26.5,283,"Hi, I saw 2455 E Sunrise Boulevard Unit#CU-1A came off the market — I cover Sunrise Blvd · Oakland Park Blvd. Commercial around here is trading near $283/SF and leasing around $26/SF. I think it can be positioned to actually sell — got two minutes?"
848 NW 2nd Ave,Multifamily,Area 3460,Expired,1095000.0,1357000.0,0.0605,15.4,201,"Hi, I saw 848 NW 2nd Ave came off the market — I cover Sunrise Blvd. Multifamily around here is trading near $201/SF and leasing around $15/SF. I think it can be positioned to actually sell — got two minutes?"
1227 South Andrews Ave,Mixed Use,Area 3500,Expired,1090000.0,1338000.0,0.0537,20.2,214,"Hi, I saw 1227 South Andrews Ave came off the market — I cover Andrews Ave. Mixed-use around here is trading near $214/SF and leasing around $20/SF. I think it can be positioned to actually sell — got two minutes?"
2455 E Sunrise Boulevard Unit#1108,Commercial (other),Area 3260,Expired,1079325.0,1541000.0,0.0417,26.5,464,"Hi, I saw 2455 E Sunrise Boulevard Unit#1108 came off the market — I cover Sunrise Blvd · Oakland Park Blvd. Commercial around here is trading near $464/SF and leasing around $26/SF. I think it can be positioned to actually sell — got two minutes?"
1026 NW 9th Ave,Retail,Area 3424,Expired,1050000.0,1391000.0,0.1061,28.0,206,"Hi, I saw 1026 NW 9th Ave came off the market — I cover the area. Retail around here is trading near $206/SF and leasing around $28/SF. I think it can be positioned to actually sell — got two minutes?"
412 SE 13th Street,Commercial (other),Area 3800,Expired,1049000.0,912000.0,,26.5,646,"Hi, I saw 412 SE 13th Street came off the market — I cover Andrews Ave · SE 17th St. Commercial around here is trading near $646/SF and leasing around $26/SF. I think it can be positioned to actually sell — got two minutes?"
848 NW 2nd Ave,Multifamily,Area 3460,Expired,1039000.0,1357000.0,0.0638,15.4,201,"Hi, I saw 848 NW 2nd Ave came off the market — I cover Sunrise Blvd. Multifamily around here is trading near $201/SF and leasing around $15/SF. I think it can be positioned to actually sell — got two minutes?"
200 S Andrews Ave Unit#503,Office,Area 3800,Cancelled,1020000.0,545000.0,0.0374,17.0,227,"Hi, I saw 200 S Andrews Ave Unit#503 came off the market — I cover Andrews Ave · SE 17th St. Office around here is trading near $227/SF and leasing around $17/SF. I think it can be positioned to actually sell — got two minutes?"
200 S Andrews Ave Unit#503,Office,Area 3800,Cancelled,1000000.0,545000.0,0.0381,17.0,227,"Hi, I saw 200 S Andrews Ave Unit#503 came off the market — I cover Andrews Ave · SE 17th St. Office around here is trading near $227/SF and leasing around $17/SF. I think it can be positioned to actually sell — got two minutes?"
624 SW 24th Street,Commercial (other),Area 3480,Expired,990000.0,2081000.0,0.0866,26.5,329,"Hi, I saw 624 SW 24th Street came off the market — I cover Federal Hwy · SE 17th St. Commercial around here is trading near $329/SF and leasing around $26/SF. I think it can be positioned to actually sell — got two minutes?"
719 NW 7th Ter,Industrial,Area 3112,Cancelled,985000.0,2390000.0,0.0664,19.4,354,"Hi, I saw 719 NW 7th Ter came off the market — I cover the area. Industrial around here is trading near $354/SF and leasing around $19/SF. I think it can be positioned to actually sell — got two minutes?"
419 NE 2nd Avenue,Multifamily,Area 3500,Cancelled,954000.0,1817000.0,0.0656,15.4,285,"Hi, I saw 419 NE 2nd Avenue came off the market — I cover Andrews Ave. Multifamily around here is trading near $285/SF and leasing around $15/SF. I think it can be positioned to actually sell — got two minutes?"
311 SW 14th Way,Multifamily,Area 3470,Withdrawn,950000.0,1697000.0,0.073,15.4,240,"Hi, I saw 311 SW 14th Way came off the market — I cover Davie Blvd · Las Olas Blvd. Multifamily around here is trading near $240/SF and leasing around $15/SF. I think it can be positioned to actually sell — got two minutes?"
2001-2007 NW 21st Ave,Mixed Use,Area 3560,Expired,949900.0,1949000.0,0.1097,20.2,175,"Hi, I saw 2001-2007 NW 21st Ave came off the market — I cover Broward Blvd · Sunrise Blvd. Mixed-use around here is trading near $175/SF and leasing around $20/SF. I think it can be positioned to actually sell — got two minutes?"
824 NE 16th Street,Multifamily,Area 3370,Expired,930000.0,2391000.0,0.103,15.4,245,"Hi, I saw 824 NE 16th Street came off the market — I cover Dixie Hwy · Oakland Park Blvd. Multifamily around here is trading near $245/SF and leasing around $15/SF. I think it can be positioned to actually sell — got two minutes?"
1141 SE 4th Avenue,Commercial (other),Area 3800,Cancelled,929000.0,1932000.0,0.1021,26.5,276,"Hi, I saw 1141 SE 4th Avenue came off the market — I cover Andrews Ave · SE 17th St. Commercial around here is trading near $276/SF and leasing around $26/SF. I think it can be positioned to actually sell — got two minutes?"
423 SE 19th St,Office,Area 3800,Expired,899999.0,889000.0,0.1208,17.0,130,"Hi, I saw 423 SE 19th St came off the market — I cover Andrews Ave · SE 17th St. Office around here is trading near $130/SF and leasing around $17/SF. I think it can be positioned to actually sell — got two minutes?"
1112 NE 5th Ave Unit#1-2,Multifamily,Area 3370,Cancelled,890000.0,2012000.0,0.0744,15.4,298,"Hi, I saw 1112 NE 5th Ave Unit#1-2 came off the market — I cover Dixie Hwy · Oakland Park Blvd. Multifamily around here is trading near $298/SF and leasing around $15/SF. I think it can be positioned to actually sell — got two minutes?"
739 NW 7th Ter,Industrial,Area 3010,Expired,875000.0,2390000.0,0.0748,19.4,354,"Hi, I saw 739 NW 7th Ter came off the market — I cover the area. Industrial around here is trading near $354/SF and leasing around $19/SF. I think it can be positioned to actually sell — got two minutes?"
2011 W State Road 84 Unit#232-2,Industrial,Area 3480,Expired,850000.0,1360000.0,,19.4,680,"Hi, I saw 2011 W State Road 84 Unit#232-2 came off the market — I cover Federal Hwy · SE 17th St. Industrial around here is trading near $680/SF and leasing around $19/SF. I think it can be positioned to actually sell — got two minutes?"
916 NW 9th Avenue,Industrial,Area 3460,Expired,850000.0,1559000.0,0.077,19.4,231,"Hi, I saw 916 NW 9th Avenue came off the market — I cover Sunrise Blvd. Industrial around here is trading near $231/SF and leasing around $19/SF. I think it can be positioned to actually sell — got two minutes?"
11 SE 13th Street,Mixed Use,Area 3800,TempOff,850000.0,1312000.0,0.0688,20.2,210,"Hi, I saw 11 SE 13th Street came off the market — I cover Andrews Ave · SE 17th St. Mixed-use around here is trading near $210/SF and leasing around $20/SF. I think it can be positioned to actually sell — got two minutes?"
223 SW 17th St,Mixed Use,Area 3480,Expired,849000.0,1601000.0,0.0814,20.2,217,"Hi, I saw 223 SW 17th St came off the market — I cover Federal Hwy · SE 17th St. Mixed-use around here is trading near $217/SF and leasing around $20/SF. I think it can be positioned to actually sell — got two minutes?"
2455 E Sunrise Boulevard Unit#CU-1B,Commercial (other),Area 3260,Expired,830625.0,2372000.0,0.1367,26.5,283,"Hi, I saw 2455 E Sunrise Boulevard Unit#CU-1B came off the market — I cover Sunrise Blvd · Oakland Park Blvd. Commercial around here is trading near $283/SF and leasing around $26/SF. I think it can be positioned to actually sell — got two minutes?"
1210 NE 15th Street Unit#22,Commercial (other),Area 3270,Expired,824250.0,1090000.0,,26.5,695,"Hi, I saw 1210 NE 15th Street Unit#22 came off the market — I cover Sunrise Blvd. Commercial around here is trading near $695/SF and leasing around $26/SF. I think it can be positioned to actually sell — got two minutes?"
1601 NW 6th St,Mixed Use,Area 3460,Cancelled,775000.0,830000.0,0.0539,20.2,186,"Hi, I saw 1601 NW 6th St came off the market — I cover Sunrise Blvd. Mixed-use around here is trading near $186/SF and leasing around $20/SF. I think it can be positioned to actually sell — got two minutes?"
2455 E Sunrise Blvd Unit#CU9K-CU9M-CU9L,Office,Area 3350,Expired,750000.0,987000.0,0.1404,17.0,149,"Hi, I saw 2455 E Sunrise Blvd Unit#CU9K-CU9M-CU9L came off the market — I cover Sunrise Blvd. Office around here is trading near $149/SF and leasing around $17/SF. I think it can be positioned to actually sell — got two minutes?"
2455 E Sunrise Blvd Unit#CU9K-CU9M-CU9L,Office,Area 3300,Expired,750000.0,987000.0,0.1404,17.0,149,"Hi, I saw 2455 E Sunrise Blvd Unit#CU9K-CU9M-CU9L came off the market — I cover Sunrise Blvd. Office around here is trading near $149/SF and leasing around $17/SF. I think it can be positioned to actually sell — got two minutes?"
648 W Oakland Park Blvd,Mixed Use,Area 3390,Expired,750000.0,1795000.0,0.1167,20.2,192,"Hi, I saw 648 W Oakland Park Blvd came off the market — I cover Oakland Park Blvd · SE 17th St. Mixed-use around here is trading near $192/SF and leasing around $20/SF. I think it can be positioned to actually sell — got two minutes?"
200 SE 19th Street,Mixed Use,Area 3800,Cancelled,699000.0,1383000.0,0.0931,20.2,199,"Hi, I saw 200 SE 19th Street came off the market — I cover Andrews Ave · SE 17th St. Mixed-use around here is trading near $199/SF and leasing around $20/SF. I think it can be positioned to actually sell — got two minutes?"
314 SE 14th Street,Commercial (other),Area 3800,Cancelled,665000.0,1800000.0,0.1223,26.5,300,"Hi, I saw 314 SE 14th Street came off the market — I cover Andrews Ave · SE 17th St. Commercial around here is trading near $300/SF and leasing around $26/SF. I think it can be positioned to actually sell — got two minutes?"
405-407 E Oakland Park Blvd,Multifamily,Area 3450,Cancelled,600000.0,1691000.0,0.0709,15.4,390,"Hi, I saw 405-407 E Oakland Park Blvd came off the market — I cover Oakland Park Blvd. Multifamily around here is trading near $390/SF and leasing around $15/SF. I think it can be positioned to actually sell — got two minutes?"
1403 NW 8th Ave,Multifamily,Area 3390,Expired,575000.0,2079000.0,0.1152,15.4,308,"Hi, I saw 1403 NW 8th Ave came off the market — I cover Oakland Park Blvd · SE 17th St. Multifamily around here is trading near $308/SF and leasing around $15/SF. I think it can be positioned to actually sell — got two minutes?"
401 E Oakland Park Blvd,Mixed Use,Area 3450,Expired,540000.0,1370000.0,0.0913,20.2,260,"Hi, I saw 401 E Oakland Park Blvd came off the market — I cover Oakland Park Blvd. Mixed-use around here is trading near $260/SF and leasing around $20/SF. I think it can be positioned to actually sell — got two minutes?"
3015 N Ocean Boulevard Unit#C-115,Commercial (other),Area 3160,Expired,425000.0,618000.0,0.0618,26.5,319,"Hi, I saw 3015 N Ocean Boulevard Unit#C-115 came off the market — I cover Ocean Blvd · SE 17th St. Commercial around here is trading near $319/SF and leasing around $26/SF. I think it can be positioned to actually sell — got two minutes?"
2455 E Sunrise Boulevard Unit#209,Commercial (other),Area 3260,Expired,423040.0,1001000.0,0.0424,26.5,757,"Hi, I saw 2455 E Sunrise Boulevard Unit#209 came off the market — I cover Sunrise Blvd · Oakland Park Blvd. Commercial around here is trading near $757/SF and leasing around $26/SF. I think it can be positioned to actually sell — got two minutes?"
2455 E Sunrise Boulevard Unit#512,Commercial (other),Area 3260,Expired,416975.0,987000.0,0.0417,26.5,769,"Hi, I saw 2455 E Sunrise Boulevard Unit#512 came off the market — I cover Sunrise Blvd · Oakland Park Blvd. Commercial around here is trading near $769/SF and leasing around $26/SF. I think it can be positioned to actually sell — got two minutes?"
2455 E Sunrise Boulevard Unit#815,Commercial (other),Area 3260,Expired,369495.0,907000.0,0.0393,26.5,847,"Hi, I saw 2455 E Sunrise Boulevard Unit#815 came off the market — I cover Sunrise Blvd · Oakland Park Blvd. Commercial around here is trading near $847/SF and leasing around $26/SF. I think it can be positioned to actually sell — got two minutes?"
2455 E Sunrise Boulevard Unit#502,Commercial (other),Area 3260,Expired,359775.0,921000.0,0.0417,26.5,832,"Hi, I saw 2455 E Sunrise Boulevard Unit#502 came off the market — I cover Sunrise Blvd · Oakland Park Blvd. Commercial around here is trading near $832/SF and leasing around $26/SF. I think it can be positioned to actually sell — got two minutes?"
3015 N Ocean Boulevard Unit#C-115,Commercial (other),Area 3160,Expired,350000.0,618000.0,0.075,26.5,319,"Hi, I saw 3015 N Ocean Boulevard Unit#C-115 came off the market — I cover Ocean Blvd · SE 17th St. Commercial around here is trading near $319/SF and leasing around $26/SF. I think it can be positioned to actually sell — got two minutes?"
3015 N Ocean Boulevard Unit#C-126,Commercial (other),Area 3160,Expired,315000.0,618000.0,0.0834,26.5,319,"Hi, I saw 3015 N Ocean Boulevard Unit#C-126 came off the market — I cover Ocean Blvd · SE 17th St. Commercial around here is trading near $319/SF and leasing around $26/SF. I think it can be positioned to actually sell — got two minutes?"
655 NW 22nd Road,Commercial (other),Area 3560,Cancelled,192000.0,1166000.0,0.1297,26.5,635,"Hi, I saw 655 NW 22nd Road came off the market — I cover Broward Blvd · Sunrise Blvd. Commercial around here is trading near $635/SF and leasing around $26/SF. I think it can be positioned to actually sell — got two minutes?"
3045 N Federal Hwy Unit#6,Office,Area 3070,Expired,170000.0,265000.0,0.0375,17.0,662,"Hi, I saw 3045 N Federal Hwy Unit#6 came off the market — I cover Federal Hwy. Office around here is trading near $662/SF and leasing around $17/SF. I think it can be positioned to actually sell — got two minutes?"
1400 S Federal Highway,Commercial (other),Area 3600,UnderContract,10500000.0,7528000.0,0.0619,26.5,157,Hi — you're on the market at 1400 S Federal Highway for $10.50M ($219/SF). Comparable commercial on SE 17th St · Federal Hwy has been closer to $157/SF; I have a read on where it clears and a few active buyers. Worth a quick call?
815 NE 13th Street,Commercial (other),Area 3380,Active,4900000.0,3733000.0,0.0374,26.5,276,Hi — you're on the market at 815 NE 13th Street for $4.90M ($362/SF). Comparable commercial on Wilton Dr · Federal Hwy has been closer to $276/SF; I have a read on where it clears and a few active buyers. Worth a quick call?
"804-810 NE 4th Avenue Unit#804, 805 & 810",Commercial (other),Area 3380,Active,4900000.0,4062000.0,0.0449,26.5,250,"Hi — you're on the market at 804-810 NE 4th Avenue Unit#804, 805 & 810 for $4.90M ($302/SF). Comparable commercial on Wilton Dr · Federal Hwy has been closer to $250/SF; I have a read on where it clears and a few active buyers. Worth a quick call?"
101-105 SE 26 Street,Multifamily,Area 3570,Active,4000000.0,3364000.0,0.0464,15.4,178,Hi — you're on the market at 101-105 SE 26 Street for $4.00M ($212/SF). Comparable multifamily on the area has been closer to $178/SF; I have a read on where it clears and a few active buyers. Worth a quick call?
101-105 SE 26th Street,Multifamily,Area 3570,Active,4000000.0,3364000.0,0.0464,15.4,178,Hi — you're on the market at 101-105 SE 26th Street for $4.00M ($212/SF). Comparable multifamily on the area has been closer to $178/SF; I have a read on where it clears and a few active buyers. Worth a quick call?
929 NE 17th Way,Special Purpose,Area 3370,Active,3995000.0,3483000.0,0.0664,7.3,172,Hi — you're on the market at 929 NE 17th Way for $4.00M ($197/SF). Comparable special-purpose on Dixie Hwy · Oakland Park Blvd has been closer to $172/SF; I have a read on where it clears and a few active buyers. Worth a quick call?
637 NE 4th Ave,Multifamily,Area 3810,Active,3749000.0,2754000.0,,15.4,408,Hi — you're on the market at 637 NE 4th Ave for $3.75M ($555/SF). Comparable multifamily on Broward Blvd has been closer to $408/SF; I have a read on where it clears and a few active buyers. Worth a quick call?
3001 NE 6 Avenue,Mixed Use,Area 3370,Active,2800000.0,1929000.0,0.0393,20.2,164,Hi — you're on the market at 3001 NE 6 Avenue for $2.80M ($238/SF). Comparable mixed-use on Dixie Hwy · Oakland Park Blvd has been closer to $164/SF; I have a read on where it clears and a few active buyers. Worth a quick call?
749 NE 16th Avenue,Multifamily,Area 3800,Active,2500000.0,2162000.0,0.0376,15.4,226,Hi — you're on the market at 749 NE 16th Avenue for $2.50M ($261/SF). Comparable multifamily on Andrews Ave · SE 17th St has been closer to $226/SF; I have a read on where it clears and a few active buyers. Worth a quick call?
2617 NE 13th Court,Multifamily,Area 3260,Active,2475000.0,2538000.0,0.0412,15.4,244,Hi — you're on the market at 2617 NE 13th Court for $2.48M ($238/SF). Comparable multifamily on Sunrise Blvd · Oakland Park Blvd has been closer to $244/SF; I have a read on where it clears and a few active buyers. Worth a quick call?
1730 NE 7th St Unit#1-5,Multifamily,Area 3270,Active,2149000.0,2056000.0,0.0303,15.4,310,Hi — you're on the market at 1730 NE 7th St Unit#1-5 for $2.15M ($324/SF). Comparable multifamily on Sunrise Blvd has been closer to $310/SF; I have a read on where it clears and a few active buyers. Worth a quick call?
1327 SE 2nd Ave,Office,Area 3800,Active,2100000.0,1022000.0,0.0703,17.0,110,Hi — you're on the market at 1327 SE 2nd Ave for $2.10M ($226/SF). Comparable office on Andrews Ave · SE 17th St has been closer to $110/SF; I have a read on where it clears and a few active buyers. Worth a quick call?
2745 E Oakland Park Boulevard,Commercial (other),Area 3250,Active,2100000.0,2251000.0,0.0484,26.5,300,Hi — you're on the market at 2745 E Oakland Park Boulevard for $2.10M ($280/SF). Comparable commercial on Oakland Park Blvd has been closer to $300/SF; I have a read on where it clears and a few active buyers. Worth a quick call?
1210 NE 8th Ave,Flex,Area 3380,Active,1999000.0,2628000.0,0.047,,412,Hi — you're on the market at 1210 NE 8th Ave for $2.00M ($313/SF). Comparable flex on Wilton Dr · Federal Hwy has been closer to $412/SF; I have a read on where it clears and a few active buyers. Worth a quick call?
1143 NE 7th Ave,Mixed Use,Area 3380,UnderContract,1900000.0,1884000.0,0.0315,20.2,295,Hi — you're on the market at 1143 NE 7th Ave for $1.90M ($298/SF). Comparable mixed-use on Wilton Dr · Federal Hwy has been closer to $295/SF; I have a read on where it clears and a few active buyers. Worth a quick call?
15 NW 9th Ave,Industrial,Area 3470,Active,1799000.0,1939000.0,0.0377,19.4,277,Hi — you're on the market at 15 NW 9th Ave for $1.80M ($257/SF). Comparable industrial on Davie Blvd · Las Olas Blvd has been closer to $277/SF; I have a read on where it clears and a few active buyers. Worth a quick call?
620 SW 7th St Unit#1-6,Multifamily,Area 3470,Active,1749000.0,1801000.0,0.0453,15.4,223,Hi — you're on the market at 620 SW 7th St Unit#1-6 for $1.75M ($217/SF). Comparable multifamily on Davie Blvd · Las Olas Blvd has been closer to $223/SF; I have a read on where it clears and a few active buyers. Worth a quick call?
3015 N Ocean Boulevard Unit#C1-C8,Mixed Use,Area 3160,Active,1040000.0,702000.0,0.0468,20.2,135,Hi — you're on the market at 3015 N Ocean Boulevard Unit#C1-C8 for $1.04M ($200/SF). Comparable mixed-use on Ocean Blvd · SE 17th St has been closer to $135/SF; I have a read on where it clears and a few active buyers. Worth a quick call?
1083 SE 17th St,Restaurant,Area 3600,Active,995000.0,986000.0,,22.6,822,Hi — you're on the market at 1083 SE 17th St for $995K ($829/SF). Comparable restaurant/bar on SE 17th St · Federal Hwy has been closer to $822/SF; I have a read on where it clears and a few active buyers. Worth a quick call?
200 S Andrews Ave Unit#503,Office,Area 3800,Active,990000.0,545000.0,0.0385,17.0,227,Hi — you're on the market at 200 S Andrews Ave Unit#503 for $990K ($412/SF). Comparable office on Andrews Ave · SE 17th St has been closer to $227/SF; I have a read on where it clears and a few active buyers. Worth a quick call?
1200 S Federal Hwy,Retail,Area 3480,Active,710000.0,757000.0,0.0426,28.0,413,Hi — you're on the market at 1200 S Federal Hwy for $710K ($387/SF). Comparable retail on Federal Hwy · SE 17th St has been closer to $413/SF; I have a read on where it clears and a few active buyers. Worth a quick call?
