mls,address,submarket,asset_type,status,deal_kind,price,sqft,units,price_per_unit,ppsf,pred_ppsf,ppsf_gap_pct,age,year_built,waterfront,bays,zoning,noi,implied_cap,market_cap,assumed_value,income_gap_pct,price_band
F10483757,3015 N Ocean Boulevard Unit#C-101,Area 3160,Commercial (other),Sold,Sale,185000.0,1938.0,,,95.0,235.0,-59.4,,,False,,CB,26264.0,0.142,0.07,375197.0,-50.7,< $1M
F10532075,560 NE 15th Avenue,Area 3280,Multifamily,Sold,Sale,1195000.0,6192.0,,,193.0,237.0,-18.7,73.0,1953.0,False,,RC-15,60766.0,0.0509,0.055,1104833.0,8.2,$1–2.5M
A11771376,1310 NE 30th St Unit#1-5,Area 3330,Multifamily,Sold,Sale,1080000.0,11349.0,5.0,216000.0,95.0,172.0,-44.7,66.0,1960.0,True,,R-1,111375.0,0.1031,0.055,2024992.0,-46.7,$1–2.5M
F10486633,2520 N Dixie Highway,Area 3370,Commercial (other),Sold,Sale,1115000.0,9828.0,,,113.0,187.0,-39.3,26.0,2000.0,False,1.0,LI,133189.0,0.1195,0.07,1902701.0,-41.4,$1–2.5M
F10451956,921 NE 16th Terrace,Area 3270,Multifamily,Sold,Sale,1015000.0,6750.0,,,150.0,227.0,-33.7,80.0,1946.0,False,,RMM-25,66242.0,0.0653,0.055,1204396.0,-15.7,$1–2.5M
F10468256,412 SE 13th Street,Area 3800,Commercial (other),Sold,Sale,985000.0,1412.0,,,698.0,477.0,46.3,87.0,1939.0,False,,RO,19135.0,0.0194,0.07,273363.0,260.3,< $1M
F10489400,1448 NW 6th Street,Area 3460,Mixed Use,Sold,Sale,875000.0,12217.0,,,72.0,80.0,-10.7,63.0,1963.0,False,0.0,NWRAC-MUW,114351.0,0.1307,0.0675,1694091.0,-48.3,< $1M
A11859675,601 NW 22 RD,Area 3650,Restaurant,Sold,Sale,901000.0,15756.0,,,57.0,111.0,-48.3,,,False,,,374363.0,0.4155,0.065,5759424.0,-84.4,< $1M
F10469034,2032 NE 26th Street Unit#1-6,Area 3370,Multifamily,Sold,Sale,885000.0,7004.0,6.0,147500.0,126.0,215.0,-41.4,70.0,1956.0,False,,ROSC-2,68734.0,0.0777,0.055,1249717.0,-29.2,< $1M
F10479444,130 SE 29th Street,Area 3800,Industrial,Sold,Sale,905000.0,1671.0,,,542.0,488.0,10.9,28.0,1998.0,False,,B-3,16192.0,0.0179,0.0625,259072.0,249.3,< $1M
A11710589,708 Spangler Blvd Unit#BAY7,Area 3050,Industrial,Sold,Sale,895000.0,1500.0,,,597.0,584.0,2.2,22.0,2004.0,False,1.0,IM-3,14535.0,0.0162,0.0625,232560.0,284.8,< $1M
A11819826,1314 SE 1st Ave,Area 3800,Office,Sold,Sale,700000.0,6250.0,,,112.0,100.0,11.9,101.0,1925.0,False,,ROA,99344.0,0.1419,0.08,1241797.0,-43.6,< $1M
F10505483,100 SE 20th Street,Area 3800,Commercial (other),Sold,Sale,660000.0,6776.0,,,97.0,208.0,-53.1,67.0,1959.0,False,,RO,91828.0,0.1391,0.07,1311834.0,-49.7,< $1M
F10460731,632 SW 4th Avenue,Area 3500,Commercial (other),Sold,Sale,700000.0,6250.0,,,112.0,220.0,-49.2,55.0,1971.0,False,,RAC-SMU,84700.0,0.121,0.07,1210000.0,-42.1,< $1M
A11775992,3015 N Ocean Blvd Unit#C120,Area 3160,Office,Sold,Sale,200000.0,5200.0,,,38.0,65.0,-40.4,52.0,1974.0,False,,CB,82654.0,0.4133,0.08,1033175.0,-80.6,< $1M
F10521525,1085 SE 17th Street,Area 3600,Retail,Sold,Sale,483600.0,1200.0,,,403.0,533.0,-24.4,65.0,1961.0,False,,B-1,19806.0,0.041,0.0675,293419.0,64.8,< $1M
F10425450,3015 N Ocean Boulevard Unit#C-105,Area 3160,Commercial (other),Sold,Sale,325000.0,1938.0,,,168.0,235.0,-28.7,,,False,,CB,26264.0,0.0808,0.07,375197.0,-13.4,< $1M
F10459521,111 W Davie Boulevard,Area 3470,Mixed Use,Sold,Sale,1726650.0,15800.0,,,109.0,85.0,27.8,,,False,,,147888.0,0.0857,0.0675,2190933.0,-21.2,$1–2.5M
F10462139,708 SE 17th Street,Area 3600,Commercial (other),Sold,Sale,1750000.0,12300.0,,,142.0,238.0,-40.2,68.0,1958.0,False,6.0,B-1,166690.0,0.0953,0.07,2381280.0,-26.5,$1–2.5M
F10543625,1007 SE 2nd Court,Area 3280,Multifamily,Sold,Sale,1950000.0,5500.0,,,355.0,253.0,40.1,70.0,1956.0,False,,RMM-25,53975.0,0.0277,0.055,981360.0,98.7,$1–2.5M
A11776976,721 NW 3rd Ave,Area 3810,Multifamily,Sold,Sale,1950000.0,13500.0,,,144.0,207.0,-30.3,53.0,1973.0,False,,RMM-25,132484.0,0.0679,0.055,2408793.0,-19.0,$1–2.5M
F10472248,1241 NE 16th Terrace,Area 3380,Multifamily,Sold,Sale,1750000.0,11480.0,,,152.0,215.0,-29.2,57.0,1969.0,False,,RC-15,112660.0,0.0644,0.055,2048366.0,-14.6,$1–2.5M
F10512931,701 NW 7th Terrace,Area 3460,Industrial,Sold,Sale,2050000.0,10125.0,,,202.0,138.0,47.1,55.0,1971.0,False,,I,98111.0,0.0479,0.0625,1569780.0,30.6,$1–2.5M
A11864949,412 N Andrews Ave,Area 3700,Retail,Sold,Sale,1600000.0,5625.0,,,284.0,168.0,69.4,67.0,1959.0,False,,RAC-UV,92840.0,0.058,0.0675,1375400.0,16.3,$1–2.5M
F10437672,2132-2200 E Oakland Park Boulevard,Area 3370,Commercial (other),Sold,Sale,1175000.0,3429.0,,,343.0,326.0,5.1,65.0,1961.0,False,,B-1,46470.0,0.0395,0.07,663854.0,77.0,$1–2.5M
F10469019,1515 NE 26th Street,Area 3370,Commercial (other),Sold,Sale,1765000.0,9998.0,,,177.0,184.0,-4.3,67.0,1959.0,False,,B-2,135493.0,0.0768,0.07,1935613.0,-8.8,$1–2.5M
A11691076,1521 SE 2nd Ct Unit#1-8,Area 3280,Multifamily,Sold,Sale,1780000.0,5500.0,8.0,222500.0,324.0,253.0,27.9,65.0,1961.0,False,,RC-15,53975.0,0.0303,0.055,981360.0,81.4,$1–2.5M
A11743959,2300 NW 6th St,Area 3120,Multifamily,Sold,Sale,1800000.0,13402.0,,,134.0,158.0,-14.8,67.0,1959.0,False,,NWRAC-MU,131522.0,0.0731,0.055,2391307.0,-24.7,$1–2.5M
F10482119,901 NE 30th Court,Area 3370,Commercial (other),Sold,Sale,1725000.0,16500.0,,,105.0,141.0,-26.1,58.0,1968.0,False,15.0,B-1,223608.0,0.1296,0.07,3194400.0,-46.0,$1–2.5M
A11631671,1823 - 1825 SW 1st Ave,Area 3360,Industrial,Sold,Sale,1075000.0,10000.0,,,108.0,212.0,-49.2,74.0,1952.0,False,,SRAC-SAw,96900.0,0.0901,0.0625,1550400.0,-30.7,$1–2.5M
F10517299,1129 NE 16th Avenue Unit#1-5,Area 3380,Multifamily,Sold,Sale,1150000.0,6752.0,5.0,230000.0,170.0,285.0,-40.3,62.0,1964.0,False,,RC-15,66261.0,0.0576,0.055,1204753.0,-4.5,$1–2.5M
A11887948,1100 NE 4th Ave Unit#1-2,Area 3400,Restaurant,Sold,Sale,1140000.0,6250.0,2.0,570000.0,182.0,181.0,0.9,72.0,1954.0,False,2.0,CB,148500.0,0.1303,0.065,2284615.0,-50.1,$1–2.5M
F10402950,808 W Broward Boulevard,Area 3810,Commercial (other),Sold,Sale,3450000.0,31542.0,,,109.0,136.0,-19.7,63.0,1963.0,False,,B-1,427457.0,0.1239,0.07,6106531.0,-43.5,$2.5–5M
F10465569,1620 SW 3 Avenue,Area 3500,Industrial,Sold,Sale,4050000.0,31764.0,,,128.0,103.0,23.6,69.0,1957.0,False,12.0,B-3,307793.0,0.076,0.0625,4924691.0,-17.8,$2.5–5M
A11344372,1320 SW 26th St,Area 3490,Multifamily,Sold,Sale,3000000.0,9445.0,,,318.0,190.0,67.6,80.0,1946.0,False,,B-2,92689.0,0.0309,0.055,1685263.0,78.0,$2.5–5M
F10525141,2780 E Oakland Park Boulevard,Area 3260,Commercial (other),Sold,Sale,3450000.0,17001.0,,,203.0,144.0,41.3,62.0,1964.0,False,3.0,CB,230398.0,0.0668,0.07,3291394.0,4.8,$2.5–5M
A11702199,1800 NW 9th Ave,Area 3250,Mixed Use,Sold,Sale,3500000.0,36491.0,,,96.0,69.0,39.8,66.0,1960.0,False,,RDS-15,341556.0,0.0976,0.0675,5060085.0,-30.8,$2.5–5M
F10439465,201 SE 2nd Street,Area 3700,Commercial (other),Sold,Sale,3200000.0,6997.0,,,457.0,230.0,98.6,62.0,1964.0,False,,RAC-CC,94823.0,0.0296,0.07,1354619.0,136.2,$2.5–5M
F10545299,525 Antioch Avenue,Area 3160,Multifamily,Sold,Sale,2700000.0,12500.0,,,216.0,84.0,156.1,67.0,1959.0,False,,NBRA,122670.0,0.0454,0.055,2230364.0,21.1,$2.5–5M
F10484556,723 NW 6th Avenue,Area 3450,Industrial,Sold,Sale,2575000.0,20250.0,,,127.0,145.0,-12.6,73.0,1953.0,False,7.0,I,196222.0,0.0762,0.0625,3139560.0,-18.0,$2.5–5M
F10479999,2901 Middle River Drive,Area 3260,Multifamily,Sold,Sale,2700000.0,22496.0,,,120.0,120.0,0.3,69.0,1957.0,False,,RMM-25,220767.0,0.0818,0.055,4013941.0,-32.7,$2.5–5M
F10530249,2300 NE 6th Avenue,Area 3370,Multifamily,Sold,Sale,2600000.0,13683.0,,,190.0,151.0,25.7,55.0,1971.0,False,,B-2 A&E Overlay,134279.0,0.0516,0.055,2441445.0,6.5,$2.5–5M
F10432211,16-20 NE 8th Avenue,Area 3270,Multifamily,Sold,Sale,2550000.0,12960.0,,,197.0,160.0,22.7,71.0,1955.0,False,,RMM-25,127184.0,0.0499,0.055,2312441.0,10.3,$2.5–5M
A11954137,1085 SE 17th St,Area 3600,Retail,Sold,Sale,675000.0,1200.0,,,562.0,533.0,5.6,64.0,1962.0,False,,B-1,19806.0,0.0293,0.0675,293419.0,130.0,< $1M
A11770215,217 SE 10th St,Area 3800,Mixed Use,Sold,Sale,600000.0,4633.0,,,130.0,182.0,-28.8,77.0,1949.0,False,,RAC-RPO,43365.0,0.0723,0.0675,642443.0,-6.6,< $1M
F10485692,1200 NE 7th Avenue Unit#6,Area 3370,Commercial (other),Sold,Sale,580000.0,1258.0,,,461.0,558.0,-17.4,20.0,2006.0,False,,,17048.0,0.0294,0.07,243549.0,138.1,< $1M
F10435691,1200 NE 7th Avenue Unit#1,Area 3380,Commercial (other),Sold,Sale,575000.0,1276.0,,,451.0,719.0,-37.3,19.0,2007.0,False,1.0,B-3,17292.0,0.0301,0.07,247034.0,132.8,< $1M
A11690352,1851 SW 2nd Ave Unit#8,Area 3470,Industrial,Sold,Sale,595000.0,1488.0,,,400.0,468.0,-14.5,27.0,1999.0,False,1.0,B-3,14419.0,0.0242,0.0625,230700.0,157.9,< $1M
A11782606,215 SW 17th St,Area 3800,Office,Sold,Sale,505000.0,7380.0,,,68.0,92.0,-25.6,66.0,1960.0,False,,B-3,117305.0,0.2323,0.08,1466314.0,-65.6,< $1M
A11923553,401 E Oakland Park Blvd,Area 3450,Mixed Use,Sold,Sale,500000.0,5268.0,,,95.0,192.0,-50.6,58.0,1968.0,False,,B-1,49308.0,0.0986,0.0675,730496.0,-31.6,< $1M
A11909736,828 NW 1st St,Area 3470,Industrial,Sold,Sale,2464500.0,13951.0,,,177.0,142.0,24.7,69.0,1957.0,False,8.0,B-3,135185.0,0.0549,0.0625,2162963.0,13.9,$1–2.5M
A11772256,2010 Wilton Dr,Area 3380,Restaurant,Sold,Sale,2150000.0,7960.0,,,270.0,200.0,35.2,64.0,1962.0,False,,A & E DI,189130.0,0.088,0.065,2909686.0,-26.1,$1–2.5M
F10483444,1215-1221 NE 17th Avenue,Area 3380,Multifamily,Sold,Sale,2051000.0,13512.0,,,152.0,197.0,-22.9,74.0,1952.0,False,,RC-15,132601.0,0.0647,0.055,2410934.0,-14.9,$1–2.5M
F10506173,1620 NE 12th Terrace Unit#1620-1630,Area 3360,Industrial,Sold,Sale,1575244.0,11736.0,11.0,143200.0,134.0,195.0,-31.0,67.0,1959.0,False,5.0,B-3,113722.0,0.0722,0.0625,1819549.0,-13.4,$1–2.5M
A11972748,1415 SW 1st Street Unit#1-8,Area 3470,Multifamily,Sold,Sale,1550000.0,13802.0,8.0,193800.0,112.0,124.0,-9.5,51.0,1975.0,False,,RML-25,135447.0,0.0874,0.055,2462678.0,-37.1,$1–2.5M
A11618230,2615 SW 2nd Ave,Area 3213,Industrial,Sold,Sale,1350000.0,10289.0,,,131.0,209.0,-37.1,74.0,1952.0,False,,I,99700.0,0.0739,0.0625,1595207.0,-15.4,$1–2.5M
F10455487,516 SW Flagler Avenue,Area 3500,Commercial (other),Sold,Sale,1262500.0,4250.0,,,297.0,272.0,9.4,23.0,2003.0,False,,,57596.0,0.0456,0.07,822800.0,53.4,$1–2.5M
F10455464,515 SW 1st Avenue,Area 3500,Commercial (other),Sold,Sale,1262500.0,5250.0,,,240.0,242.0,-0.8,36.0,1990.0,False,,,71148.0,0.0564,0.07,1016400.0,24.2,$1–2.5M
F10461212,1133 SE 4th Avenue,Area 3800,Commercial (other),Sold,Sale,1400000.0,7000.0,,,200.0,204.0,-2.0,66.0,1960.0,False,,ROA,94864.0,0.0678,0.07,1355200.0,3.3,$1–2.5M
F10490057,1514 NE 4th Avenue,Area 3700,Retail,Sold,Sale,950000.0,12496.0,,,76.0,110.0,-30.8,65.0,1961.0,False,,CB,206244.0,0.2171,0.0675,3055466.0,-68.9,< $1M
F10466055,2301 S Andrews Avenue,Area 3600,Retail,Sold,Sale,1200000.0,3921.0,,,306.0,284.0,7.9,67.0,1959.0,False,,CB,64715.0,0.0539,0.0675,958745.0,25.2,$1–2.5M
F10494364,2435 N Dixie Highway,Area 3370,Commercial (other),Sold,Sale,1365000.0,11662.0,,,117.0,170.0,-31.0,76.0,1950.0,False,,B-3,158043.0,0.1158,0.07,2257763.0,-39.5,$1–2.5M
A11717708,3031 NE 21st Ter Unit#1-7,Area 3370,Multifamily,Sold,Sale,1200000.0,6003.0,7.0,171400.0,200.0,234.0,-14.7,52.0,1974.0,False,,RMM-25,58911.0,0.0491,0.055,1071110.0,12.0,$1–2.5M
A11821328,2435 N Dixie Hwy,Area 3370,Multifamily,Sold,Sale,1395000.0,11662.0,,,120.0,164.0,-27.1,76.0,1950.0,False,,TOC SOUT,114446.0,0.082,0.055,2080840.0,-33.0,$1–2.5M
A11645293,2420-2426 N Dixie Hwy,Area 3370,Retail,Sold,Sale,1150000.0,6110.0,,,188.0,156.0,20.9,61.0,1965.0,False,4.0,TOC SOUT,100844.0,0.0877,0.0675,1493990.0,-23.0,$1–2.5M
A11927736,1350 NE 5th Ter Unit#1-28,Area 3380,Multifamily,Sold,Sale,6300000.0,35087.0,28.0,225000.0,180.0,119.0,51.1,54.0,1972.0,False,,RM-15,344330.0,0.0547,0.055,6260542.0,0.6,$5–10M
F10322285,1211 NE 4th Avenue,Area 3400,Commercial (other),Sold,Sale,4500000.0,25024.0,,,180.0,117.0,53.8,64.0,1962.0,False,,,339125.0,0.0754,0.07,4844646.0,-7.1,$2.5–5M
F10514756,735 & 745 NE & 745 5th Avenue Unit#1-5,Area 3700,Multifamily,Sold,Sale,3767690.0,10125.0,5.0,753500.0,372.0,183.0,103.4,67.0,1959.0,False,,RAC-UV,99363.0,0.0264,0.055,1806595.0,108.6,$2.5–5M
A12040868,2901 SW 3rd Ave Unit#4,Unknown,Industrial,Sold,Sale,1725000.0,5170.0,,,334.0,302.0,10.4,26.0,2000.0,False,,I,50097.0,0.029,0.0625,801557.0,115.2,$1–2.5M
F10541001,1400 S Federal Highway,Area 3600,Commercial (other),UnderContract,Sale,10500000.0,47950.0,,,219.0,157.0,39.7,35.0,1991.0,False,,B-1,649818.0,0.0619,0.07,9283120.0,13.1,$10M+
A11979422,1143 NE 7th Ave,Area 3380,Mixed Use,UnderContract,Sale,1900000.0,6385.0,,,298.0,295.0,0.9,72.0,1954.0,False,2.0,B-3,59764.0,0.0315,0.0675,885387.0,114.6,$1–2.5M
F10382163,1021 NW 1st Street,Area 3470,Commercial (other),UnderContract,Sale,975000.0,7000.0,,,139.0,249.0,-44.0,69.0,1957.0,False,,,94864.0,0.0973,0.07,1355200.0,-28.1,< $1M
A11841391,848 NW 2nd Ave,Area 3810,Multifamily,UnderContract,Sale,975000.0,6750.0,,,144.0,406.0,-64.4,54.0,1972.0,False,,RMM-25,66242.0,0.0679,0.055,1204396.0,-19.0,< $1M
F10447470,1225 SE 2nd Avenue,Area 3800,Office,UnderContract,Sale,1995000.0,21789.0,,,92.0,70.0,30.6,52.0,1974.0,False,0.0,ROC,346336.0,0.1736,0.08,4329202.0,-53.9,$1–2.5M
F10455534,901 Sunrise Lane,Area 3270,Commercial (other),UnderContract,Sale,2400000.0,1108.0,,,2166.0,831.0,160.7,69.0,1957.0,False,,S-L-A,15016.0,0.0063,0.07,214509.0,1018.8,$1–2.5M
F10546000,1100 NW 4th Street,Area 3480,Commercial (other),UnderContract,Sale,2900000.0,21450.0,,,135.0,172.0,-21.4,59.0,1967.0,False,,RMM-25,290690.0,0.1002,0.07,4152720.0,-30.2,$2.5–5M
A11831403,842 NW 1st Ave,Area 3810,Multifamily,UnderContract,Sale,1900000.0,10126.0,,,188.0,327.0,-42.6,53.0,1973.0,False,,RMM-25,99373.0,0.0523,0.055,1806773.0,5.2,$1–2.5M
A11941918,2001-2007 NW 21st Ave,Area 3560,Mixed Use,UnderContract,Sale,799900.0,11136.0,,,72.0,175.0,-58.9,,,False,0.0,B-2,104233.0,0.1303,0.0675,1544192.0,-48.2,< $1M
F10540017,100 SE 21st Street Unit#1-8,Area 3800,Multifamily,Pending,Sale,1750000.0,14299.0,8.0,218800.0,122.0,183.0,-33.1,49.0,1977.0,False,,RMM-25,140325.0,0.0802,0.055,2551358.0,-31.4,$1–2.5M
A12026991,200 S Andrews Ave Unit#503,Area 3800,Office,Active,Sale,990000.0,2400.0,,,412.0,227.0,81.7,40.0,1986.0,False,,RAC-CC,38148.0,0.0385,0.08,476850.0,107.6,< $1M
A11911133,1083 SE 17th St,Area 3600,Restaurant,Active,Sale,995000.0,1200.0,,,829.0,822.0,0.8,58.0,1968.0,False,,B-1,28512.0,0.0287,0.065,438646.0,126.8,< $1M
F10550299,201 SE 19th Street,Area 3800,Commercial (other),Active,Sale,875000.0,6840.0,,,128.0,280.0,-54.3,66.0,1960.0,False,,17,92696.0,0.1059,0.07,1324224.0,-33.9,< $1M
A11992794,1518-1522 NE 4th Ave,Area 3370,Retail,Active,Sale,750000.0,6248.0,,,120.0,209.0,-42.5,50.0,1976.0,False,,CB,103122.0,0.1375,0.0675,1527733.0,-50.9,< $1M
A12048692,423 SE 19th St,Area 3800,Office,Active,Sale,799000.0,6840.0,,,117.0,130.0,-10.0,59.0,1967.0,False,,RO,108722.0,0.1361,0.08,1359022.0,-41.2,< $1M
A12029539,1026 NW 9th Ave,Area 3424,Retail,Active,Sale,1050000.0,6751.0,,,156.0,206.0,-24.7,65.0,1961.0,False,,B-1,111424.0,0.1061,0.0675,1650725.0,-36.4,$1–2.5M
A12026724,1026 NW 9th Ave,Area 3424,Retail,Active,Sale,1050000.0,6751.0,,,156.0,206.0,-24.7,65.0,1961.0,False,,B-1,111424.0,0.1061,0.0675,1650725.0,-36.4,$1–2.5M
F10532172,3015 N Ocean Boulevard Unit#C1-C8,Area 3160,Mixed Use,Active,Sale,1040000.0,5200.0,,,200.0,135.0,47.9,52.0,1974.0,False,,MIXED USE COMM,48672.0,0.0468,0.0675,721067.0,44.2,$1–2.5M
A11865042,1200 S Federal Hwy,Area 3480,Retail,Active,Sale,710000.0,1833.0,,,387.0,413.0,-6.2,62.0,1964.0,False,,B-1,30253.0,0.0426,0.0675,448197.0,58.4,< $1M
F10541521,1536 NW 6th Street,Area 3460,Mixed Use,Active,Sale,675000.0,4680.0,,,144.0,181.0,-20.3,65.0,1961.0,False,,NWRAC-MUw,43805.0,0.0649,0.0675,648960.0,4.0,< $1M
A11953210,2455 E Sunrise Blvd Unit#CU9J,Area 3260,Office,Active,Sale,320000.0,13263.0,,,24.0,103.0,-76.7,18.0,2008.0,False,,B-1,210815.0,0.6588,0.08,2635192.0,-87.9,< $1M
F10513760,101-105 SE 26 Street,Area 3570,Multifamily,Active,Sale,4000000.0,18898.0,,,212.0,178.0,18.9,51.0,1975.0,False,,,185457.0,0.0464,0.055,3371953.0,18.6,$2.5–5M
A11879773,929 NE 17th Way,Area 3370,Special Purpose,Active,Sale,3995000.0,20250.0,,,197.0,172.0,14.9,,,False,,RMM-25,265072.0,0.0664,0.075,3534300.0,13.0,$2.5–5M
A11922150,637 NE 4th Ave,Area 3810,Multifamily,Active,Sale,3749000.0,6750.0,,,555.0,408.0,36.2,3.0,2023.0,False,,RAC-UV,66242.0,0.0177,0.055,1204396.0,211.3,$2.5–5M
A11960453,201 SW 21st St,Area 3500,Industrial,Active,Sale,3495000.0,20827.0,,,168.0,175.0,-4.1,67.0,1959.0,False,15.0,RM-15,201814.0,0.0577,0.0625,3229018.0,8.2,$2.5–5M
A11966949,1111 SW 4th St,Area 3470,Multifamily,Active,Sale,2940000.0,17500.0,,,168.0,148.0,13.4,50.0,1976.0,False,,RML-25,171738.0,0.0584,0.055,3122509.0,-5.8,$2.5–5M
F10391933,3001 NE 6 Avenue,Area 3370,Mixed Use,Active,Sale,2800000.0,11761.0,,,238.0,164.0,44.9,69.0,1957.0,False,,tocw,110083.0,0.0393,0.0675,1630859.0,71.7,$2.5–5M
F10506407,431 NW 1st Avenue,Area 3810,Commercial (other),Active,Sale,5000000.0,6375.0,,,784.0,432.0,81.6,,,False,,RAC-UV,86394.0,0.0173,0.07,1234200.0,305.1,$5–10M
F10547944,815 NE 13th Street,Area 3380,Commercial (other),Active,Sale,4900000.0,13525.0,,,362.0,276.0,31.3,65.0,1961.0,False,,CB,183291.0,0.0374,0.07,2618440.0,87.1,$2.5–5M
F10500865,"804-810 NE 4th Avenue Unit#804, 805 & 810",Area 3380,Commercial (other),Active,Sale,4900000.0,16250.0,,,302.0,250.0,20.5,68.0,1958.0,False,,RAC-UV,220220.0,0.0449,0.07,3146000.0,55.8,$2.5–5M
F10556402,325 SW 26th Street,Area 3600,Mixed Use,Active,Sale,4250000.0,33723.0,,,126.0,136.0,-7.1,25.0,2001.0,False,,B-2,315647.0,0.0743,0.0675,4676256.0,-9.1,$2.5–5M
F10513768,101-105 SE 26th Street,Area 3570,Multifamily,Active,Sale,4000000.0,18898.0,,,212.0,178.0,18.9,54.0,1972.0,False,,B-3,185457.0,0.0464,0.055,3371953.0,18.6,$2.5–5M
F10552058,1901 SE 4th Avenue,Area 3800,Mixed Use,Active,Sale,1150000.0,8315.0,,,138.0,181.0,-23.5,67.0,1959.0,False,,ROA,77828.0,0.0677,0.0675,1153013.0,-0.3,$1–2.5M
A11978741,355 NW 32nd St Unit#1-6,Area 3720,Multifamily,Active,Sale,1300000.0,13800.0,6.0,216700.0,94.0,210.0,-55.2,61.0,1965.0,False,,R-2,135428.0,0.1042,0.055,2462321.0,-47.2,$1–2.5M
A12004590,1126 SE 2nd Ave,Area 3800,Mixed Use,Active,Sale,1100000.0,10954.0,,,100.0,156.0,-35.6,76.0,1950.0,False,,ROA,102529.0,0.0932,0.0675,1518955.0,-27.6,$1–2.5M
F10546525,751 NW 5th Street,Area 3460,Multifamily,Active,Sale,1399990.0,10125.0,,,138.0,162.0,-14.6,66.0,1960.0,False,,RMM-25,99363.0,0.071,0.055,1806595.0,-22.5,$1–2.5M
A12045322,620 SW 7th St Unit#1-6,Area 3470,Multifamily,Active,Sale,1749000.0,8075.0,6.0,291500.0,217.0,223.0,-2.9,66.0,1960.0,False,,RD-15,79245.0,0.0453,0.055,1440815.0,21.4,$1–2.5M
A11993577,834 NW 10th Terr,Area 3460,Industrial,Active,Sale,1750000.0,16875.0,,,104.0,142.0,-27.0,57.0,1969.0,False,,B-3,163519.0,0.0934,0.0625,2616300.0,-33.1,$1–2.5M
A11851609,15 NW 9th Ave,Area 3470,Industrial,Active,Sale,1799000.0,7000.0,,,257.0,277.0,-7.2,72.0,1954.0,False,6.0,B-3,67830.0,0.0377,0.0625,1085280.0,65.8,$1–2.5M
F10506416,114 NW 5th Street,Area 3810,Commercial (other),Active,Sale,6000000.0,8126.0,,,738.0,379.0,94.6,67.0,1959.0,False,,RAC-UV,110124.0,0.0184,0.07,1573194.0,281.4,$5–10M
A11967447,505 SE 16th St,Area 3600,Hotel,Active,Sale,6000000.0,21450.0,,,280.0,373.0,-25.0,66.0,1960.0,False,,RO,570570.0,0.0951,0.085,6712588.0,-10.6,$5–10M
A12052897,2209 NE 26th St,Area 3370,Hotel,Active,Sale,7995000.0,36407.0,,,220.0,195.0,12.4,69.0,1957.0,False,,RM-12,968426.0,0.1211,0.085,11393249.0,-29.8,$5–10M
F10522666,700 NE 13th Street,Area 3380,Retail,Active,Sale,1999000.0,8108.0,,,247.0,235.0,4.9,72.0,1954.0,False,,CB,133821.0,0.0669,0.0675,1982532.0,0.8,$1–2.5M
A11923542,2500 Wilton Dr,Area 3370,Mixed Use,Active,Sale,2299000.0,5664.0,,,406.0,244.0,66.6,14.0,2012.0,False,,A & E DI,53015.0,0.0231,0.0675,785408.0,192.7,$1–2.5M
A12016794,2401 NW 9th Ave Unit#1-8,Area 3010,Multifamily,Active,Sale,1999000.0,10061.0,8.0,249900.0,199.0,249.0,-20.1,60.0,1966.0,False,,RM-12,98735.0,0.0494,0.055,1795175.0,11.4,$1–2.5M
A12023882,1210 NE 8th Ave,Area 3380,Flex,Active,Sale,1999000.0,6378.0,,,313.0,412.0,-23.9,59.0,1967.0,False,,B-3,93884.0,0.047,0.07,1341202.0,49.0,$1–2.5M
A12031317,1327 SE 2nd Ave,Area 3800,Office,Active,Sale,2100000.0,9289.0,,,226.0,110.0,104.8,50.0,1976.0,False,,ROA,147649.0,0.0703,0.08,1845608.0,13.8,$1–2.5M
F10532006,2745 E Oakland Park Boulevard,Area 3250,Commercial (other),Active,Sale,2100000.0,7503.0,,,280.0,300.0,-6.8,66.0,1960.0,False,,CB,101681.0,0.0484,0.07,1452581.0,44.6,$1–2.5M
A11948614,1730 NE 7th St Unit#1-5,Area 3270,Multifamily,Active,Sale,2149000.0,6633.0,5.0,429800.0,324.0,310.0,4.4,65.0,1961.0,False,,RCS-15,65094.0,0.0303,0.055,1183520.0,81.6,$1–2.5M
F10551939,1110 NW 7th Avenue,Area 3390,Multifamily,Active,Sale,2499999.0,13510.0,,,185.0,212.0,-12.9,72.0,1954.0,False,,RD-15,132582.0,0.053,0.055,2410577.0,3.7,$1–2.5M
A11947999,1225 NE 15th Ave Unit#1-9,Area 3380,Multifamily,Active,Sale,2399000.0,13011.0,9.0,266600.0,184.0,273.0,-32.4,58.0,1968.0,False,,RM-15,127685.0,0.0532,0.055,2321541.0,3.3,$1–2.5M
F10435807,701 W Las Olas Boulevard,Area 3470,Commercial (other),Active,Sale,1900000.0,20614.0,,,92.0,140.0,-34.2,,,False,0.0,RAC-AS,279361.0,0.147,0.07,3990870.0,-52.4,$1–2.5M
F10550621,1313 S Andrews Avenue,Area 3800,Commercial (other),Active,Sale,2350000.0,27878.0,,,84.0,132.0,-36.1,100.0,1926.0,False,,SRAC-SAe,377803.0,0.1608,0.07,5397181.0,-56.5,$1–2.5M
F10502298,212 SE 8th Street,Area 3800,Commercial (other),Active,Sale,2695000.0,14000.0,,,192.0,192.0,0.5,40.0,1986.0,False,,RAC-CC,189728.0,0.0704,0.07,2710400.0,-0.6,$2.5–5M
F10536144,749 NE 16th Avenue,Area 3800,Multifamily,Active,Sale,2500000.0,9566.0,,,261.0,226.0,15.4,63.0,1963.0,False,,RMM-25,93877.0,0.0376,0.055,1706853.0,46.5,$2.5–5M
F10554980,2617 NE 13th Court,Area 3260,Multifamily,Active,Sale,2475000.0,10400.0,,,238.0,244.0,-2.5,78.0,1948.0,False,,RMM-25,102061.0,0.0412,0.055,1855663.0,33.4,$1–2.5M
F10502935,2612 SW 14th Avenue,Area 3490,Commercial (other),Cancelled,Sale,375000.0,6120.0,,,61.0,334.0,-81.7,77.0,1949.0,False,,B-2,82938.0,0.2212,0.07,1184832.0,-68.3,< $1M
A11934612,2455 E Sunrise Blvd Unit#CU9J,Area 3260,Office,Cancelled,Sale,350000.0,13263.0,,,26.0,103.0,-74.5,18.0,2008.0,False,,B-1,210815.0,0.6023,0.08,2635192.0,-86.7,< $1M
F10536686,655 NW 22nd Road,Area 3560,Commercial (other),Cancelled,Sale,192000.0,1837.0,,,105.0,635.0,-83.5,67.0,1959.0,False,,CB,24895.0,0.1297,0.07,355643.0,-46.0,< $1M
F10472586,200 SE 19th Street,Area 3800,Mixed Use,Cancelled,Sale,699000.0,6950.0,,,101.0,199.0,-49.5,58.0,1968.0,False,,ROA,65052.0,0.0931,0.0675,963733.0,-27.5,< $1M
F10468835,314 SE 14th Street,Area 3800,Commercial (other),Cancelled,Sale,665000.0,6000.0,,,111.0,300.0,-63.0,74.0,1952.0,False,,ROA,81312.0,0.1223,0.07,1161600.0,-42.8,< $1M
A11701071,405-407 E Oakland Park Blvd,Area 3450,Multifamily,Cancelled,Sale,600000.0,4335.0,,,138.0,390.0,-64.5,38.0,1988.0,False,,B-1,42542.0,0.0709,0.055,773490.0,-22.4,< $1M
F10526269,200 SE 19th Street,Area 3800,Commercial (other),Cancelled,Sale,549000.0,6950.0,,,79.0,278.0,-71.5,58.0,1968.0,False,,ROA,94186.0,0.1716,0.07,1345520.0,-59.2,< $1M
A11794628,200 S Andrews Ave Unit#503,Area 3800,Office,Cancelled,Sale,1020000.0,2400.0,,,425.0,227.0,87.2,40.0,1986.0,False,,RAC-CC,38148.0,0.0374,0.08,476850.0,113.9,$1–2.5M
A11985417,200 S Andrews Ave Unit#503,Area 3800,Office,Cancelled,Sale,1000000.0,2400.0,,,417.0,227.0,83.6,40.0,1986.0,False,,RAC-CC,38148.0,0.0381,0.08,476850.0,109.7,$1–2.5M
A11806234,719 NW 7th Ter,Area 3112,Industrial,Cancelled,Sale,985000.0,6750.0,,,146.0,354.0,-58.7,70.0,1956.0,False,2.0,I,65408.0,0.0664,0.0625,1046520.0,-5.9,< $1M
F10545614,419 NE 2nd Avenue,Area 3500,Multifamily,Cancelled,Sale,954000.0,6375.0,,,150.0,285.0,-47.5,88.0,1938.0,False,,RAC-UV,62562.0,0.0656,0.055,1137485.0,-16.1,< $1M
F10517843,1141 SE 4th Avenue,Area 3800,Commercial (other),Cancelled,Sale,929000.0,7000.0,,,133.0,276.0,-51.9,84.0,1942.0,False,,RO,94864.0,0.1021,0.07,1355200.0,-31.4,< $1M
A11592284,1112 NE 5th Ave Unit#1-2,Area 3370,Multifamily,Cancelled,Sale,890000.0,6751.0,2.0,445000.0,132.0,298.0,-55.8,44.0,1982.0,False,,RMM-25,66252.0,0.0744,0.055,1204575.0,-26.1,< $1M
A11957283,1601 NW 6th St,Area 3460,Mixed Use,Cancelled,Sale,775000.0,4463.0,,,174.0,186.0,-6.5,60.0,1966.0,False,,NWRAC-MU,41774.0,0.0539,0.0675,618869.0,25.2,< $1M
A11610343,834 NW 10th Ter,Area 3460,Industrial,Cancelled,Sale,1400000.0,16875.0,,,83.0,142.0,-41.6,57.0,1969.0,False,6.0,B-3,163519.0,0.1168,0.0625,2616300.0,-46.5,$1–2.5M
A11952041,2217 NW 19th St,Area 3090,Industrial,Cancelled,Sale,1295000.0,32374.0,,,40.0,154.0,-74.0,,,False,,B-3,313704.0,0.2422,0.0625,5019265.0,-74.2,$1–2.5M
A11888354,200 S Andrews Ave Unit#602,Area 3800,Office,Cancelled,Sale,1250000.0,3300.0,,,379.0,192.0,97.7,40.0,1986.0,False,,RAC-CC,52454.0,0.042,0.08,655669.0,90.6,$1–2.5M
A11812059,2600 N Andrews Ave,Area 3370,Office,Cancelled,Sale,1200000.0,8798.0,,,136.0,124.0,10.1,74.0,1952.0,False,0.0,B-2,139844.0,0.1165,0.08,1748053.0,-31.4,$1–2.5M
F10461720,2500 Wilton Drive,Area 3370,Commercial (other),Cancelled,Sale,1890000.0,5664.0,,,334.0,340.0,-1.8,15.0,2011.0,False,0.0,B-2,76759.0,0.0406,0.07,1096550.0,72.4,$1–2.5M
A11681312,2300 NW 6th St,Area 3120,Multifamily,Cancelled,Sale,1800000.0,13402.0,,,134.0,213.0,-37.1,66.0,1960.0,False,,NWRAC-MU,131522.0,0.0731,0.055,2391307.0,-24.7,$1–2.5M
A11652916,511 SE 5th Ave Unit#11,Area 3800,Office,Cancelled,Sale,1740000.0,4540.0,,,383.0,162.0,136.5,21.0,2005.0,False,,RAC-CC,72163.0,0.0415,0.08,902041.0,92.9,$1–2.5M
A11974556,709 SW 4th Ct Unit#1-7,Area 3470,Multifamily,Cancelled,Sale,1599900.0,14000.0,7.0,228600.0,114.0,166.0,-31.2,85.0,1941.0,False,,RML-25,137390.0,0.0859,0.055,2498007.0,-36.0,$1–2.5M
A11825502,505 SE 20th St Unit#1-6,Area 3600,Multifamily,Cancelled,Sale,1490000.0,6977.0,6.0,248300.0,214.0,421.0,-49.3,68.0,1958.0,False,,RO,68469.0,0.046,0.055,1244900.0,19.7,$1–2.5M
A11986634,1100 NE 18th Ct Unit#1-8,Area 3420,Multifamily,Cancelled,Sale,1400000.0,9167.0,8.0,175000.0,153.0,262.0,-41.6,48.0,1978.0,False,,RML-25,89961.0,0.0643,0.055,1635659.0,-14.4,$1–2.5M
F10396875,3047 N Federal Highway,Area 3380,Commercial (other),Cancelled,Sale,2500000.0,3130.0,,,799.0,601.0,32.9,67.0,1959.0,False,,B-1,42418.0,0.017,0.07,605968.0,312.6,$2.5–5M
A11480161,835 NE 3rd Ave,Area 3700,Restaurant,Cancelled,Sale,2499999.0,6375.0,,,392.0,243.0,61.6,51.0,1975.0,False,0.0,NWRAC-MU,151470.0,0.0606,0.065,2330308.0,7.3,$1–2.5M
F10463127,415 SE 12th Street,Area 3150,Commercial (other),Cancelled,Sale,2499000.0,11950.0,,,209.0,235.0,-10.9,,,False,,MO,161946.0,0.0648,0.07,2313520.0,8.0,$1–2.5M
F10492389,900 Sunrise Lane,Area 3280,Retail,Cancelled,Sale,2200000.0,1849.0,,,1190.0,411.0,189.2,58.0,1968.0,False,,SLA,30517.0,0.0139,0.0675,452109.0,386.6,$1–2.5M
F10447022,200-204 NW 17th Court Unit#1-8,Area 3390,Multifamily,Cancelled,Sale,1950000.0,8518.0,8.0,243800.0,229.0,272.0,-15.8,60.0,1966.0,False,,RML-25,83592.0,0.0429,0.055,1519859.0,28.3,$1–2.5M
F10544162,700 NW 7th Avenue,Area 3400,Industrial,Cancelled,Sale,1950000.0,16875.0,,,116.0,217.0,-46.8,,,False,,I-1,163519.0,0.0839,0.0625,2616300.0,-25.5,$1–2.5M
A11646889,2120 S Federal Hwy,Area 3600,Retail,Cancelled,Sale,3495000.0,12150.0,,,288.0,212.0,35.9,15.0,2011.0,False,4.0,B-1,200533.0,0.0574,0.0675,2970864.0,17.6,$2.5–5M
F10467536,15 SE 9th Avenue,Area 3270,Commercial (other),Cancelled,Sale,3250000.0,7500.0,,,433.0,301.0,44.2,66.0,1960.0,False,,RO,101640.0,0.0313,0.07,1452000.0,123.8,$2.5–5M
F10499110,"1408, 1404 NE",Area 3370,Retail,Cancelled,Sale,3200000.0,32741.0,,,98.0,86.0,13.2,65.0,1961.0,False,,RM-15,540384.0,0.1689,0.0675,8005684.0,-60.0,$2.5–5M
F10414807,1115 Tequesta Street,Area 3470,Multifamily,Cancelled,Sale,2999990.0,17500.0,,,171.0,147.0,16.3,98.0,1928.0,False,,RML-25,171738.0,0.0572,0.055,3122509.0,-3.9,$2.5–5M
A11823943,828 NW 1st St,Area 3470,Industrial,Cancelled,Sale,2975000.0,13951.0,,,213.0,192.0,11.1,69.0,1957.0,False,8.0,B-3,135185.0,0.0454,0.0625,2162963.0,37.5,$2.5–5M
A11579197,92 Hendricks Isle,Area 3280,Multifamily,Cancelled,Sale,2750000.0,6250.0,,,440.0,320.0,37.5,74.0,1952.0,True,,RMM-25,61335.0,0.0223,0.055,1115182.0,146.6,$2.5–5M
F10438219,2100 Miami Road,Area 3170,Multifamily,Cancelled,Sale,10795000.0,21315.0,,,506.0,168.0,201.8,3.0,2023.0,False,0.0,RMM-25,209177.0,0.0194,0.055,3803216.0,183.8,$10M+
A11698022,2200 N Ocean Blvd Unit#CU3,Area 3160,Retail,Cancelled,Sale,7995000.0,12433.0,,,643.0,77.0,730.9,8.0,2018.0,True,,PUD,205204.0,0.0257,0.0675,3040062.0,163.0,$5–10M
F10493575,2000 S Federal Highway,Area 3480,Retail,Cancelled,Sale,7000000.0,16875.0,,,415.0,127.0,226.9,58.0,1968.0,False,,B-1,278518.0,0.0398,0.0675,4126200.0,69.6,$5–10M
F10497615,2000 S Federal Highway,Area 3600,Retail,Cancelled,Sale,7000000.0,16875.0,,,415.0,177.0,134.4,58.0,1968.0,False,,B-1,278518.0,0.0398,0.0675,4126200.0,69.6,$5–10M
A11594999,2001 W State Road 84 Unit#412-3,Area 3580,Industrial,Cancelled,Sale,5500000.0,11800.0,,,466.0,264.0,76.5,17.0,2009.0,False,,PUD,114342.0,0.0208,0.0625,1829472.0,200.6,$5–10M
F10486612,702-704 NE 1st Avenue,Area 3380,Commercial (other),Cancelled,Sale,4250000.0,11156.0,,,381.0,306.0,24.6,62.0,1964.0,False,,RAC-UV,151186.0,0.0356,0.07,2159802.0,96.8,$2.5–5M
A11572479,2881 E Oakland Park Blvd,Area 3250,Office,Cancelled,Sale,21000000.0,37685.0,,,557.0,59.0,842.9,57.0,1969.0,False,,CB,599003.0,0.0285,0.08,7487538.0,180.5,$10M+
A11665921,3086 Harbor Dr,Area 3170,Hotel,Cancelled,Sale,14999000.0,13483.0,,,1112.0,342.0,225.4,75.0,1951.0,False,,RMH-25,358648.0,0.0239,0.085,4219386.0,255.5,$10M+
A11842347,955 S Federal Hwy,Area 3040,Office,Cancelled,Sale,12500000.0,15535.0,,,805.0,95.0,749.3,52.0,1974.0,False,,RAC-RPO,246929.0,0.0198,0.08,3086610.0,305.0,$10M+
A11425211,3005 Alhambra St,Area 3170,Hotel,Cancelled,Sale,12400000.0,12500.0,,,992.0,356.0,179.0,85.0,1941.0,False,,,332500.0,0.0268,0.085,3911765.0,217.0,$10M+
A11642161,824 NE 4th St Unit#1-6,Area 3700,Multifamily,Expired,Sale,1500000.0,6440.0,6.0,250000.0,233.0,315.0,-26.1,66.0,1960.0,False,,RMM-25,63200.0,0.0421,0.055,1149083.0,30.5,$1–2.5M
F10450330,2455 E Sunrise Boulevard Unit#CU-1A,Area 3260,Commercial (other),Expired,Sale,1098960.0,8381.0,,,131.0,283.0,-53.7,,,False,,B-1,113579.0,0.1034,0.07,1622562.0,-32.3,$1–2.5M
F10491389,526 NW 15th Way,Area 3460,Multifamily,Expired,Sale,1300000.0,11300.0,,,115.0,153.0,-24.6,69.0,1957.0,False,,RS-8,110894.0,0.0853,0.055,2016249.0,-35.5,$1–2.5M
A11685059,1106 NE 5th Ave Unit#1-5,Area 3370,Multifamily,Expired,Sale,1349999.0,10127.0,5.0,270000.0,133.0,240.0,-44.6,46.0,1980.0,False,,RMM-25,99382.0,0.0736,0.055,1806951.0,-25.3,$1–2.5M
F10453529,2801 SW 3rd Avenue,Area 3490,Commercial (other),Expired,Sale,1180000.0,2268.0,,,520.0,570.0,-8.7,24.0,2002.0,False,1.0,I,30736.0,0.026,0.07,439085.0,168.7,$1–2.5M
A11773250,412 SE 23rd St,Area 3600,Office,Expired,Sale,1195000.0,6749.0,,,177.0,206.0,-13.9,67.0,1959.0,False,,RO,107275.0,0.0898,0.08,1340942.0,-10.9,$1–2.5M
F10491429,2001 W State Road 84 #418,Area 3580,Industrial,Expired,Sale,1200000.0,11800.0,,,102.0,265.0,-61.6,2.0,2024.0,False,,PUD,114342.0,0.0953,0.0625,1829472.0,-34.4,$1–2.5M
F10405105,2001 NW 21st Avenue,Area 3560,Commercial (other),Expired,Sale,1200000.0,8333.0,,,144.0,285.0,-49.4,42.0,1984.0,False,,B-2,112929.0,0.0941,0.07,1613269.0,-25.6,$1–2.5M
A11706192,848 NW 2nd Ave,Area 3460,Multifamily,Expired,Sale,1095000.0,6750.0,,,162.0,201.0,-19.3,53.0,1973.0,False,,RMM-25,66242.0,0.0605,0.055,1204396.0,-9.1,$1–2.5M
F10516187,1100 NE 18th Court Unit#1-8,Area 3370,Multifamily,Expired,Sale,1500000.0,9167.0,8.0,187500.0,164.0,253.0,-35.3,68.0,1958.0,False,,RML-25,89961.0,0.06,0.055,1635659.0,-8.3,$1–2.5M
A11657759,2600 N Andrews Ave,Area 3370,Mixed Use,Expired,Sale,1200000.0,8798.0,,,136.0,192.0,-28.9,55.0,1971.0,False,,B-2,82349.0,0.0686,0.0675,1219989.0,-1.6,$1–2.5M
F10529942,1230 SE 4th Avenue,Area 3800,Mixed Use,Expired,Sale,1250000.0,7393.0,,,169.0,192.0,-12.1,67.0,1959.0,False,,RO,69198.0,0.0554,0.0675,1025163.0,21.9,$1–2.5M
F10497894,808 NW 19 Street,Area 3370,Multifamily,Expired,Sale,1299000.0,9466.0,,,137.0,249.0,-44.9,56.0,1970.0,False,,RDS-15,92896.0,0.0715,0.055,1689010.0,-23.1,$1–2.5M
F10491090,2001 W State Road 84 Unit#232/234,Area 3580,Industrial,Expired,Sale,1300000.0,11800.0,,,110.0,265.0,-58.4,2.0,2024.0,False,,PUD,114342.0,0.088,0.0625,1829472.0,-28.9,$1–2.5M
A11814830,1415 SW 1st Street Unit#1-8,Area 3470,Multifamily,Expired,Sale,1699000.0,13802.0,8.0,212400.0,123.0,168.0,-26.7,52.0,1974.0,False,,RML-25,135447.0,0.0797,0.055,2462678.0,-31.0,$1–2.5M
A11889386,511 SE 5th Ave Unit#11,Area 3800,Office,Expired,Sale,1700000.0,4340.0,,,392.0,166.0,136.0,21.0,2005.0,True,,RAC-CC,68984.0,0.0406,0.08,862304.0,97.1,$1–2.5M
A11781126,1317 SE 4th Ave,Area 3800,Office,Expired,Sale,1350000.0,10500.0,,,129.0,103.0,24.5,68.0,1958.0,False,,ROA,166898.0,0.1236,0.08,2086219.0,-35.3,$1–2.5M
F10523632,1700 NE 5 Street,Area 3270,Commercial (other),Expired,Sale,2295000.0,13107.0,,,175.0,223.0,-21.6,68.0,1958.0,False,,RC-15,177626.0,0.0774,0.07,2537515.0,-9.6,$1–2.5M
F10486705,1124 NE 5th Avenue,Area 3370,Multifamily,Expired,Sale,1750000.0,20256.0,,,86.0,166.0,-47.9,75.0,1951.0,False,,RMM-25,198784.0,0.1136,0.055,3614260.0,-51.6,$1–2.5M
A11444550,511 SE 5th Ave Unit#11,Area 3800,Office,Expired,Sale,2043000.0,4540.0,,,450.0,162.0,177.7,21.0,2005.0,False,,RAC-CC,72163.0,0.0353,0.08,902041.0,126.5,$1–2.5M
A11739246,842 NW 1st Ave,Area 3810,Multifamily,Expired,Sale,2049000.0,10126.0,,,202.0,327.0,-38.1,52.0,1974.0,False,,RMM-25,99373.0,0.0485,0.055,1806773.0,13.4,$1–2.5M
F10395763,1100 NE 18th Court,Area 3370,Multifamily,Expired,Sale,1800000.0,9167.0,,,196.0,253.0,-22.4,68.0,1958.0,False,,RML-25,89961.0,0.05,0.055,1635659.0,10.0,$1–2.5M
F10435565,1620 NE 12th Terrace,Area 3360,Industrial,Expired,Sale,1800000.0,11736.0,,,153.0,263.0,-41.8,73.0,1953.0,False,5.0,B-3,113722.0,0.0632,0.0625,1819549.0,-1.1,$1–2.5M
F10396003,100 SE 21st Street Unit#1-8,Area 3800,Commercial (other),Expired,Sale,1850000.0,14299.0,8.0,231200.0,129.0,189.0,-31.6,49.0,1977.0,False,,RMM-25,193780.0,0.1047,0.07,2768286.0,-33.2,$1–2.5M
F10457923,530-536 & 548 & 548 32nd Street,Area 3450,Commercial (other),Expired,Sale,1890000.0,17111.0,,,110.0,194.0,-43.0,67.0,1959.0,False,5.0,B-3,231888.0,0.1227,0.07,3312690.0,-42.9,$1–2.5M
A11753988,1415 SW 1 ST Unit#1-8,Area 3470,Multifamily,Expired,Sale,1895000.0,13802.0,8.0,236900.0,137.0,168.0,-18.3,52.0,1974.0,False,,RML-25,135447.0,0.0715,0.055,2462678.0,-23.1,$1–2.5M
A11803692,844 NW 10th Ter,Area 3460,Mixed Use,Expired,Sale,2225000.0,16875.0,,,132.0,91.0,44.1,61.0,1965.0,False,8.0,B-3,157950.0,0.071,0.0675,2340000.0,-4.9,$1–2.5M
F10482300,1124 NE 5th Avenue Unit#1-6,Area 3370,Multifamily,Expired,Sale,1350000.0,13504.0,6.0,225000.0,100.0,206.0,-51.4,75.0,1951.0,False,,RMM-25,132523.0,0.0982,0.055,2409506.0,-44.0,$1–2.5M
A11690572,901 NE 30th Ct,Area 3331,Industrial,Expired,Sale,1900000.0,16500.0,,,115.0,220.0,-47.7,58.0,1968.0,False,,MR,159885.0,0.0842,0.0625,2558160.0,-25.7,$1–2.5M
A11363737,320 Davie Blvd,Area 3380,Office,Expired,Sale,1950000.0,9652.0,,,202.0,154.0,31.6,36.0,1990.0,False,,ROC,153419.0,0.0787,0.08,1917732.0,1.7,$1–2.5M
F10423861,1091 NE 4th Avenue,Area 3390,Commercial (other),Expired,Sale,1990000.0,18100.0,,,110.0,188.0,-41.6,,,False,,CB,245291.0,0.1233,0.07,3504160.0,-43.2,$1–2.5M
F10504783,2700 E Oakland Park Boulevard,Area 3260,Retail,Expired,Sale,1990000.0,15000.0,,,133.0,135.0,-1.7,66.0,1960.0,False,,CB,247572.0,0.1244,0.0675,3667733.0,-45.7,$1–2.5M
A11727291,2010 NW 6th St,Area 3040,Restaurant,Expired,Sale,1998500.0,5200.0,,,384.0,270.0,42.2,,,False,,NWRAC-MU,123552.0,0.0618,0.065,1900800.0,5.1,$1–2.5M
A11657946,821 NE 18th Ct Unit#1-5,Area 3370,Multifamily,Expired,Sale,2000000.0,8540.0,5.0,400000.0,234.0,263.0,-11.0,51.0,1975.0,False,,RML-25,83808.0,0.0419,0.055,1523784.0,31.3,$1–2.5M
A11750386,600 W Oakland Park Blvd,Area 3390,Retail,Expired,Sale,1200000.0,10213.0,,,117.0,166.0,-29.1,58.0,1968.0,False,,TOC-W,168564.0,0.1405,0.0675,2497237.0,-51.9,$1–2.5M
A11534878,2600 N Andrews Ave,Area 3370,Mixed Use,Expired,Sale,1200000.0,8798.0,,,136.0,192.0,-28.9,55.0,1971.0,False,,B-2,82349.0,0.0686,0.0675,1219989.0,-1.6,$1–2.5M
F10450315,2455 E Sunrise Boulevard Unit#1108,Area 3260,Commercial (other),Expired,Sale,1079325.0,3321.0,,,325.0,464.0,-29.9,,,False,,B-1,45006.0,0.0417,0.07,642946.0,67.9,$1–2.5M
A11582220,1227 South Andrews Ave,Area 3500,Mixed Use,Expired,Sale,1090000.0,6250.0,,,174.0,214.0,-18.5,,,False,,CB,58500.0,0.0537,0.0675,866667.0,25.8,$1–2.5M
F10512115,624 SW 24th Street,Area 3480,Commercial (other),Expired,Sale,990000.0,6325.0,,,157.0,329.0,-52.4,74.0,1952.0,False,,CF,85716.0,0.0866,0.07,1224520.0,-19.2,< $1M
F10453687,1210 NE 15th Street Unit#22,Area 3270,Commercial (other),Expired,Sale,824250.0,1568.0,,,526.0,695.0,-24.4,6.0,2020.0,False,1.0,B3,21250.0,0.0258,0.07,303565.0,171.5,< $1M
F10450332,2455 E Sunrise Boulevard Unit#CU-1B,Area 3260,Commercial (other),Expired,Sale,830625.0,8381.0,,,99.0,283.0,-65.0,,,False,,B-1,113579.0,0.1367,0.07,1622562.0,-48.8,< $1M
A11721197,223 SW 17th St,Area 3480,Mixed Use,Expired,Sale,849000.0,7380.0,,,115.0,217.0,-47.0,74.0,1952.0,False,,B-3,69077.0,0.0814,0.0675,1023360.0,-17.0,< $1M
A11225517,2011 W State Road 84 Unit#232-2,Area 3480,Industrial,Expired,Sale,850000.0,2000.0,,,425.0,680.0,-37.5,4.0,2022.0,False,,,19380.0,0.0228,0.0625,310080.0,174.1,< $1M
A11637888,848 NW 2nd Ave,Area 3460,Multifamily,Expired,Sale,1175000.0,6750.0,,,174.0,201.0,-13.4,54.0,1972.0,False,,RMM-25,66242.0,0.0564,0.055,1204396.0,-2.4,$1–2.5M
A11899504,423 SE 19th St,Area 3800,Office,Expired,Sale,899999.0,6840.0,,,132.0,130.0,1.4,59.0,1967.0,False,,RO,108722.0,0.1208,0.08,1359022.0,-33.8,< $1M
F10462346,824 NE 16th Street,Area 3370,Multifamily,Expired,Sale,930000.0,9759.0,,,95.0,245.0,-61.1,56.0,1970.0,False,,RS-8,95771.0,0.103,0.055,1741289.0,-46.6,< $1M
A11718368,2001-2007 NW 21st Ave,Area 3560,Mixed Use,Expired,Sale,949900.0,11136.0,,,85.0,175.0,-51.2,,,False,0.0,B-2,104233.0,0.1097,0.0675,1544192.0,-38.5,< $1M
A11748832,848 NW 2nd Ave,Area 3460,Multifamily,Expired,Sale,1039000.0,6750.0,,,154.0,201.0,-23.4,54.0,1972.0,False,,RMM-25,66242.0,0.0638,0.055,1204396.0,-13.7,$1–2.5M
F10483250,1147 Seabreeze Boulevard,Area 3170,Hotel,Expired,Sale,14750000.0,12976.0,,,1137.0,349.0,225.8,76.0,1950.0,False,,RMH-25,345162.0,0.0234,0.085,4060725.0,263.2,$10M+
A11804621,401 E Oakland Park Blvd,Area 3450,Mixed Use,Expired,Sale,540000.0,5268.0,,,103.0,260.0,-60.5,78.0,1948.0,False,,B-1,49308.0,0.0913,0.0675,730496.0,-26.1,< $1M
F10526976,301 SW 7th Street,Area 3500,Commercial (other),Expired,Sale,1395000.0,7250.0,,,192.0,276.0,-30.3,58.0,1968.0,False,,RAC-SMU (TMU),98252.0,0.0704,0.07,1403600.0,-0.6,$1–2.5M
F10526788,105 S Avenue Of The Arts,Area 3460,Commercial (other),Expired,Sale,1399000.0,6225.0,,,225.0,217.0,3.7,68.0,1958.0,False,,RAC-AS,84361.0,0.0603,0.07,1205160.0,16.1,$1–2.5M
F10410358,921 NE 3rd Avenue,Area 3700,Mixed Use,Expired,Sale,1400000.0,3375.0,,,415.0,330.0,25.6,46.0,1980.0,False,1.0,NWRAC-MUne,31590.0,0.0226,0.0675,468000.0,199.1,$1–2.5M
A11934425,426 NW 14th Ave Unit#1-8,Area 3460,Multifamily,Expired,Sale,1425000.0,11865.0,8.0,178100.0,120.0,149.0,-19.3,62.0,1964.0,False,,RS-8,116438.0,0.0817,0.055,2117061.0,-32.7,$1–2.5M
A11626291,2455 E Sunrise Blvd Unit#CU9K-CU9M-CU9L,Area 3350,Office,Expired,Sale,750000.0,6624.0,,,113.0,149.0,-24.0,53.0,1973.0,False,,B-1,105288.0,0.1404,0.08,1316106.0,-43.0,< $1M
A11716543,2455 E Sunrise Blvd Unit#CU9K-CU9M-CU9L,Area 3300,Office,Expired,Sale,750000.0,6624.0,,,113.0,149.0,-24.0,53.0,1973.0,False,,B-1,105288.0,0.1404,0.08,1316106.0,-43.0,< $1M
F10421306,1432 NE 10th Avenue,Area 3370,Commercial (other),Expired,Sale,525000.0,5992.0,,,88.0,328.0,-73.3,70.0,1956.0,False,,RMM-25,81204.0,0.1547,0.07,1160051.0,-54.7,< $1M
F10491103,2001 W St. Road,Area 3580,Industrial,Expired,Sale,535000.0,11800.0,,,45.0,264.0,-82.8,17.0,2009.0,False,,PUD,114342.0,0.2137,0.0625,1829472.0,-70.8,< $1M
F10453661,916 NW 9th Avenue,Area 3460,Industrial,Expired,Sale,850000.0,6750.0,,,126.0,231.0,-45.5,68.0,1958.0,False,,B-3,65408.0,0.077,0.0625,1046520.0,-18.8,< $1M
A11475571,739 NW 7th Ter,Area 3010,Industrial,Expired,Sale,875000.0,6750.0,,,130.0,354.0,-63.3,69.0,1957.0,False,,I,65408.0,0.0748,0.0625,1046520.0,-16.4,< $1M
F10490790,200 SE 19th Street,Area 3800,Commercial (other),Expired,Sale,599000.0,6950.0,,,86.0,278.0,-68.9,58.0,1968.0,False,,ROA,94186.0,0.1572,0.07,1345520.0,-55.5,< $1M
A11842002,648 W Oakland Park Blvd,Area 3390,Mixed Use,Expired,Sale,750000.0,9351.0,,,80.0,192.0,-58.2,65.0,1961.0,False,,TOC-W,87525.0,0.1167,0.0675,1296672.0,-42.2,< $1M
F10405535,412 SE 13th Street,Area 3800,Commercial (other),Expired,Sale,1049000.0,1412.0,,,743.0,646.0,15.0,87.0,1939.0,False,,RO,19135.0,0.0182,0.07,273363.0,283.7,$1–2.5M
A11891960,1026 NW 9th Ave,Area 3424,Retail,Expired,Sale,1050000.0,6751.0,,,156.0,206.0,-24.7,65.0,1961.0,False,,B-1,111424.0,0.1061,0.0675,1650725.0,-36.4,$1–2.5M
F10513010,125 N Birch Road,Area 3170,Commercial (other),Expired,Sale,23000000.0,28321.0,,,812.0,148.0,448.6,79.0,1947.0,False,,,383806.0,0.0167,0.07,5482946.0,319.5,$10M+
A11664525,616-626 SW 14th Ave,Area 3470,Multifamily,Expired,Sale,7950000.0,39000.0,,,204.0,97.0,111.0,60.0,1966.0,False,,RD-15,382730.0,0.0481,0.055,6958735.0,14.2,$5–10M
A11640494,3001 N Ocean Blvd,Area 3130,Hotel,Expired,Sale,8000000.0,18110.0,,,442.0,293.0,51.0,,,False,,CB,481726.0,0.0602,0.085,5667365.0,41.2,$5–10M
F10409873,3030 SW 4th Avenue,Area 3490,Industrial,Expired,Sale,8700000.0,48992.0,,,178.0,123.0,43.9,52.0,1974.0,False,14.0,I,474732.0,0.0546,0.0625,7595720.0,14.5,$5–10M
A11624877,925 W Broward Blvd,Area 3560,Mixed Use,Expired,Sale,8900000.0,26576.0,,,335.0,110.0,204.0,47.0,1979.0,False,,B-1,248751.0,0.0279,0.0675,3685205.0,141.5,$5–10M
F10530893,2209 NE 26th Street,Area 3370,Hotel,Expired,Sale,9600000.0,27696.0,,,347.0,226.0,53.4,69.0,1957.0,False,,RM-12,736714.0,0.0767,0.085,8667219.0,10.8,$5–10M
F10494003,850 NE 13th Street Unit#A-D,Area 3560,Mixed Use,Expired,Sale,11250000.0,17220.0,,,653.0,139.0,371.2,56.0,1970.0,False,,B-3,161179.0,0.0143,0.0675,2387840.0,371.1,$10M+
F10421930,3001 NE 12 Terrace,Area 3370,Industrial,Expired,Sale,3900000.0,13000.0,,,300.0,242.0,24.0,,,False,,,125970.0,0.0323,0.0625,2015520.0,93.5,$2.5–5M
F10283367,1122 W Broward Boulevard,Area 3470,Retail,Expired,Sale,2650000.0,7875.0,,,337.0,152.0,121.8,72.0,1954.0,False,,B-1,129975.0,0.049,0.0675,1925560.0,37.6,$2.5–5M
F10322411,0000 N Main Street,Area 3260,Commercial (other),Expired,Sale,6500000.0,25000.0,,,260.0,159.0,63.6,35.0,1991.0,False,,,338800.0,0.0521,0.07,4840000.0,34.3,$5–10M
F10492704,1827 Middle River Drive,Area 3350,Commercial (other),Expired,Sale,13900000.0,24715.0,,,562.0,159.0,252.8,64.0,1962.0,False,0.0,RM-15,334938.0,0.0241,0.07,4784824.0,190.5,$10M+
F10465676,618 NE 14th Avenue,Area 3270,Multifamily,Expired,Sale,1500000.0,9563.0,,,157.0,255.0,-38.5,75.0,1951.0,False,,,93847.0,0.0626,0.055,1706317.0,-12.1,$1–2.5M
A11932016,2826 E Oakland Park Blvd,Area 3250,Office,Expired,Sale,2850000.0,7505.0,,,380.0,140.0,172.0,46.0,1980.0,False,,CB,119292.0,0.0419,0.08,1491150.0,91.1,$2.5–5M
F10467546,2150 NW 9th Avenue,Area 3460,Commercial (other),Expired,Sale,3995000.0,22630.0,,,177.0,109.0,61.5,44.0,1982.0,False,,CB,306682.0,0.0768,0.07,4381168.0,-8.8,$2.5–5M
F10496405,817 NE 4th Avenue,Area 3270,Mixed Use,Expired,Sale,4000000.0,19125.0,,,209.0,131.0,59.7,67.0,1959.0,False,1.0,RAC-UV,179010.0,0.0448,0.0675,2652000.0,50.8,$2.5–5M
F10530037,746 NE 3rd Ave & 8th Street,Area 3270,Commercial (other),Expired,Sale,3368750.0,19250.0,,,175.0,182.0,-3.8,67.0,1959.0,False,,RAC-UV,260876.0,0.0774,0.07,3726800.0,-9.6,$2.5–5M
F10358396,600 SW 4th Avenue,Area 3500,Commercial (other),Expired,Sale,3395000.0,12363.0,,,275.0,208.0,32.0,44.0,1982.0,False,,RAC-SMU,167543.0,0.0494,0.07,2393477.0,41.8,$2.5–5M
F10544997,1730 W Sunrise Boulevard,Area 3460,Commercial (other),Expired,Sale,3400000.0,26836.0,,,127.0,100.0,27.1,59.0,1967.0,False,,B-3,363681.0,0.107,0.07,5195450.0,-34.6,$2.5–5M
A11510533,991 E Oakland Park Blvd,Area 3720,Office,Expired,Sale,3500000.0,17740.0,,,197.0,88.0,123.3,45.0,1981.0,False,,B-1,281977.0,0.0806,0.08,3524716.0,-0.7,$2.5–5M
F10466998,2455 E Sunrise Boulevard Unit#Penthouse,Area 3260,Commercial (other),Expired,Sale,3520180.0,12398.0,,,284.0,230.0,23.4,,,False,,B-1,168018.0,0.0477,0.07,2400253.0,46.7,$2.5–5M
A11615342,505 SE 20th St Unit#1-5,Area 3600,Multifamily,Expired,Sale,1799000.0,6977.0,5.0,359800.0,258.0,421.0,-38.8,68.0,1958.0,False,,RO,68469.0,0.0381,0.055,1244900.0,44.5,$1–2.5M
A11889793,2625 NE 13th Ct,Area 3260,Multifamily,Expired,Sale,2850000.0,13650.0,,,209.0,211.0,-1.2,67.0,1959.0,False,,RMM-25,133956.0,0.047,0.055,2435557.0,17.0,$2.5–5M
F10516675,618 NE 14th Avenue,Area 3270,Multifamily,Expired,Sale,1500000.0,9563.0,,,157.0,255.0,-38.5,75.0,1951.0,False,,,93847.0,0.0626,0.055,1706317.0,-12.1,$1–2.5M
A11616873,"520 Orton Ave Unit#201, 204, 403",Area 3160,Multifamily,Expired,Sale,1575000.0,3801.0,,,414.0,216.0,92.1,41.0,1985.0,False,,NBRA,37301.0,0.0237,0.055,678209.0,132.2,$1–2.5M
A11892190,834 NW 10th Ter,Area 3460,Industrial,Expired,Sale,1600000.0,16875.0,,,95.0,142.0,-33.3,57.0,1969.0,False,2.0,B-3,163519.0,0.1022,0.0625,2616300.0,-38.8,$1–2.5M
F10481743,2455 E Sunrise Boulevard Unit#Retail Portfolio Sale,Area 3260,Commercial (other),Expired,Sale,1600000.0,12398.0,,,129.0,230.0,-43.9,,,False,,B-1,168018.0,0.105,0.07,2400253.0,-33.3,$1–2.5M
F10460691,3047 N Federal Highway,Area 3380,Commercial (other),Expired,Sale,1900000.0,3130.0,,,607.0,601.0,1.0,67.0,1959.0,False,,B-1,42418.0,0.0223,0.07,605968.0,213.5,$1–2.5M
F10352347,1130 NE 6th Avenue,Area 3370,Commercial (other),Expired,Sale,1700000.0,12769.0,,,133.0,220.0,-39.4,45.0,1981.0,False,5.0,B-3,173045.0,0.1018,0.07,2472078.0,-31.2,$1–2.5M
F10432650,2133 N Dixie Highway,Area 3370,Commercial (other),Expired,Sale,1700000.0,7497.0,,,227.0,291.0,-22.1,64.0,1962.0,False,,B-3,101599.0,0.0598,0.07,1451419.0,17.1,$1–2.5M
F10503686,2617 NE 13th Court,Area 3260,Commercial (other),Expired,Sale,2475000.0,10400.0,,,238.0,252.0,-5.7,78.0,1948.0,False,,RMM-25,140941.0,0.0569,0.07,2013440.0,22.9,$1–2.5M
F10530033,724-730 3rd Avenue,Area 3270,Multifamily,Expired,Sale,2734375.0,15625.0,,,175.0,197.0,-11.0,66.0,1960.0,False,,,153338.0,0.0561,0.055,2787955.0,-1.9,$2.5–5M
F10496195,1900 E Oakland Park Boulevard,Area 3370,Retail,Expired,Sale,2050000.0,16728.0,,,123.0,123.0,-0.7,66.0,1960.0,False,6.0,"CB, RMM25",276092.0,0.1347,0.0675,4090256.0,-49.9,$1–2.5M
F10426987,842 NW 1st Avenue Unit#1-8,Area 3810,Multifamily,Expired,Sale,2079000.0,10126.0,8.0,259900.0,205.0,327.0,-37.2,53.0,1973.0,False,,RMM-25,99373.0,0.0478,0.055,1806773.0,15.1,$1–2.5M
A11948494,709 SW 4th Ct Unit#1-7,Area 3470,Multifamily,Expired,Sale,2100000.0,14000.0,7.0,300000.0,150.0,166.0,-9.9,67.0,1959.0,False,,RML-25,137390.0,0.0654,0.055,2498007.0,-15.9,$1–2.5M
F10428676,325 NW 25 Street,Area 3390,Multifamily,Expired,Sale,2179449.0,13220.0,,,165.0,215.0,-23.3,65.0,1961.0,False,,RM12,129736.0,0.0595,0.055,2358833.0,-7.6,$1–2.5M
A11564907,844 NW 10th Ter,Area 3460,Mixed Use,Expired,Sale,2200000.0,16875.0,,,130.0,91.0,42.5,61.0,1965.0,False,,B-3,157950.0,0.0718,0.0675,2340000.0,-6.0,$1–2.5M
A11766749,729 SW 2nd Ct,Area 3470,Multifamily,Expired,Sale,3000000.0,11500.0,,,261.0,185.0,41.1,65.0,1961.0,False,,RML-25,112856.0,0.0376,0.055,2051935.0,46.2,$2.5–5M
A11769839,2625 NE 13th Ct,Area 3260,Multifamily,Expired,Sale,3349000.0,13650.0,,,245.0,211.0,16.1,67.0,1959.0,False,,RMM-25,133956.0,0.04,0.055,2435557.0,37.5,$2.5–5M
F10447881,735 NW 7th Terrace,Area 3460,Industrial,Expired,Sale,2400000.0,10125.0,,,237.0,186.0,27.3,67.0,1959.0,False,,I,98111.0,0.0409,0.0625,1569780.0,52.9,$1–2.5M
A11812151,2500 Wilton Dr,Area 3370,Special Purpose,Expired,Sale,2500000.0,5664.0,,,441.0,340.0,29.9,15.0,2011.0,False,,A & E DISTRICT,74142.0,0.0297,0.075,988557.0,152.9,$2.5–5M
F10531419,1650 NE 26th Street,Area 3280,Commercial (other),Expired,Sale,2500000.0,15003.0,,,167.0,208.0,-19.9,52.0,1974.0,False,0.0,B-2,203321.0,0.0813,0.07,2904581.0,-13.9,$2.5–5M
F10469634,900 Sunrise Lane,Area 3170,Commercial (other),Expired,Sale,2500000.0,1849.0,,,1352.0,633.0,113.5,58.0,1968.0,False,,SLA,25058.0,0.01,0.07,357966.0,598.4,$2.5–5M
F10417742,2502 NE 6th Avenue,Area 3370,Commercial (other),Expired,Sale,2649000.0,6256.0,,,423.0,322.0,31.3,7.0,2019.0,False,,RS-5,84781.0,0.032,0.07,1211162.0,118.7,$2.5–5M
A11771851,2120 S Federal Hwy,Area 3600,Retail,Expired,Sale,3595000.0,12150.0,,,296.0,212.0,39.8,15.0,2011.0,False,,B-1,200533.0,0.0558,0.0675,2970864.0,21.0,$2.5–5M
F10463900,2905 NE 6th Avenue,Area 3370,Commercial (other),Expired,Sale,3600000.0,30093.0,,,120.0,139.0,-14.0,53.0,1973.0,False,,LI,407820.0,0.1133,0.07,5826005.0,-38.2,$2.5–5M
A11563857,15 NW 9th Ave,Area 3470,Industrial,Expired,Sale,2750000.0,7000.0,,,393.0,277.0,41.9,72.0,1954.0,False,6.0,B-3,67830.0,0.0247,0.0625,1085280.0,153.4,$2.5–5M
F10446472,114 NW 25th Street,Area 3390,Multifamily,Expired,Sale,2750000.0,40196.0,,,68.0,119.0,-42.4,85.0,1941.0,False,,RM-16,394467.0,0.1434,0.055,7172136.0,-61.7,$2.5–5M
A11308343,2010 Wilton Dr,Area 3380,Restaurant,Expired,Sale,2750000.0,7960.0,,,345.0,272.0,26.9,4.0,2022.0,False,,,189130.0,0.0688,0.065,2909686.0,-5.5,$2.5–5M
F10498147,533 NE 13th Street,Area 3380,Commercial (other),Expired,Sale,2850000.0,14491.0,,,197.0,266.0,-26.2,48.0,1978.0,False,,CB,196382.0,0.0689,0.07,2805458.0,1.6,$2.5–5M
F10467099,2666 E Oakland Park Boulevard,Area 3250,Commercial (other),Expired,Sale,3800000.0,15000.0,,,253.0,208.0,21.9,65.0,1961.0,False,,CB,203280.0,0.0535,0.07,2904000.0,30.9,$2.5–5M
F10541974,1215 NE 17th Court,Area 3160,Commercial (other),Expired,Sale,4500000.0,45568.0,,,99.0,59.0,66.4,71.0,1955.0,False,,B-3,617538.0,0.1372,0.07,8821965.0,-49.0,$2.5–5M
F10425362,1843 S Federal Highway,Area 3800,Commercial (other),Expired,Sale,4600000.0,12715.0,,,362.0,202.0,79.4,41.0,1985.0,False,,B-1,172314.0,0.0375,0.07,2461624.0,86.9,$2.5–5M
F10495101,2666 E Oakland Park Boulevard,Area 3250,Commercial (other),Expired,Sale,3600000.0,15000.0,,,240.0,208.0,15.5,65.0,1961.0,False,,CB,203280.0,0.0565,0.07,2904000.0,24.0,$2.5–5M
A11649334,1040 E Oakland Park Blvd,Area 3370,Retail,Expired,Sale,3650000.0,24725.0,,,148.0,100.0,47.3,65.0,1961.0,False,12.0,MR,408081.0,0.1118,0.0675,6045647.0,-39.6,$2.5–5M
F10479873,1730 W Sunrise Boulevard,Area 3560,Retail,Expired,Sale,3900000.0,26836.0,,,145.0,99.0,46.6,59.0,1967.0,False,,B-3,442923.0,0.1136,0.0675,6561819.0,-40.6,$2.5–5M
F10458308,1545 Miami Road,Area 3600,Multifamily,Expired,Sale,5295000.0,20020.0,,,264.0,241.0,9.8,53.0,1973.0,False,,RMM-25,196468.0,0.0371,0.055,3572150.0,48.2,$5–10M
F10502149,1354 Bayview Drive,Area 3260,Multifamily,Expired,Sale,5450000.0,19298.0,,,282.0,176.0,60.6,67.0,1959.0,False,,RMM-25,189383.0,0.0347,0.055,3443325.0,58.3,$5–10M
F10539676,2648 NE 32nd Street,Area 3250,Hotel,Expired,Sale,4200000.0,20004.0,,,210.0,277.0,-24.3,67.0,1959.0,False,,RMM-25,532106.0,0.1267,0.085,6260075.0,-32.9,$2.5–5M
A11724942,2724 NE 14th St,Area 3260,Multifamily,Expired,Sale,4490000.0,10000.0,,,449.0,250.0,79.7,50.0,1976.0,True,,RMM-25,98136.0,0.0219,0.055,1784291.0,151.6,$2.5–5M
F10497468,645 NE 4th Avenue,Area 3700,Multifamily,Expired,Sale,4500000.0,10126.0,,,444.0,249.0,78.3,7.0,2019.0,False,,RAC-UV,99373.0,0.0221,0.055,1806773.0,149.1,$2.5–5M
F10483251,2648 NE 32nd Street,Area 3250,Hotel,Expired,Sale,4500000.0,20004.0,,,225.0,277.0,-18.9,67.0,1959.0,False,,RMM-25,532106.0,0.1182,0.085,6260075.0,-28.1,$2.5–5M
F10495959,2817 E Oakland Park Boulevard,Area 3250,Commercial (other),Expired,Sale,4500000.0,14860.0,,,303.0,209.0,44.9,,,False,,CB,201383.0,0.0448,0.07,2876896.0,56.4,$2.5–5M
F10432503,347 N Birch Road,Area 3160,Multifamily,Expired,Sale,6895000.0,10000.0,,,690.0,129.0,435.7,,,False,,IOA,98136.0,0.0142,0.055,1784291.0,286.4,$5–10M
F10449571,2455 E Sunrise Boulevard Unit#209,Area 3260,Commercial (other),Expired,Sale,423040.0,1322.0,,,320.0,757.0,-57.7,,,False,,B-1,17916.0,0.0424,0.07,255939.0,65.3,< $1M
A11854783,925 W Broward Blvd,Area 3560,Mixed Use,Expired,Sale,7600000.0,26576.0,,,286.0,110.0,159.6,47.0,1979.0,False,,B-1,248751.0,0.0327,0.0675,3685205.0,106.2,$5–10M
A11572456,1995 E Oakland Park Blvd,Area 3360,Office,Expired,Sale,5999999.0,33482.0,,,179.0,63.0,184.6,51.0,1975.0,False,,B-1,532196.0,0.0887,0.08,6652455.0,-9.8,$5–10M
F10429656,2724 NE 14th Street,Area 3260,Multifamily,Expired,Sale,4795000.0,10000.0,,,480.0,250.0,91.9,50.0,1976.0,False,,RMM-25,98136.0,0.0205,0.055,1784291.0,168.7,$2.5–5M
F10468630,431 NW 1st Avenue,Area 3810,Commercial (other),Expired,Sale,5000000.0,15937.0,,,314.0,265.0,18.2,,,False,,RAC-UV,215978.0,0.0432,0.07,3085403.0,62.1,$5–10M
A10547525,511 SE 5th Ave Unit#101/102,Area 3800,Restaurant,Expired,Sale,5000000.0,8664.0,,,577.0,184.0,214.3,3.0,2023.0,True,0.0,,205857.0,0.0412,0.065,3167025.0,57.9,$5–10M
A11185753,425 NE 8th St,Area 3270,Flex,Expired,Sale,5000000.0,5715.0,,,875.0,347.0,151.8,62.0,1964.0,False,,RAC-UV - REGIONAL AC,84125.0,0.0168,0.07,1201783.0,316.0,$5–10M
A11857454,202 NW 14th Ave Unit#202,Area 3460,Multifamily,Expired,Sale,5200000.0,2691.0,,,1932.0,329.0,487.2,19.0,2007.0,False,,RMM-25,26408.0,0.0051,0.055,480153.0,983.0,$5–10M
F10426156,3100 SE 6th Avenue,Area 3800,Commercial (other),Expired,Sale,11900000.0,90193.0,,,132.0,71.0,85.8,54.0,1972.0,False,5.0,B-3,1222296.0,0.1027,0.07,17461365.0,-31.8,$10M+
A11690066,3020 + 3024 Seville St,Area 3130,Hotel,Expired,Sale,12000000.0,6250.0,,,1920.0,515.0,272.8,67.0,1959.0,False,,ABA,166250.0,0.0139,0.085,1955882.0,513.5,$10M+
F10513789,1916 SW 11th Street,Area 3990,Multifamily,Expired,Sale,5800888.0,26399.0,,,220.0,149.0,47.5,59.0,1967.0,False,,RD-15,259069.0,0.0447,0.055,4710350.0,23.2,$5–10M
A11587494,1916 SW 11th St,Area 3990,Multifamily,Expired,Sale,5999999.0,26399.0,,,227.0,149.0,52.6,59.0,1967.0,False,,RD-15,259069.0,0.0432,0.055,4710350.0,27.4,$5–10M
F10468635,114 NW 5th Street,Area 3810,Commercial (other),Expired,Sale,6000000.0,8126.0,,,738.0,380.0,94.5,,,False,,RAC-UV,110124.0,0.0184,0.07,1573194.0,281.4,$5–10M
F10518967,2640+2648+2667 NE 32nd Street,Area 3250,Hotel,Expired,Sale,6000000.0,29865.0,,,201.0,224.0,-10.3,70.0,1956.0,False,,RMM-25,794409.0,0.1324,0.085,9345988.0,-35.8,$5–10M
F10450312,2455 E Sunrise Boulevard Unit#815,Area 3260,Commercial (other),Expired,Sale,369495.0,1071.0,,,345.0,847.0,-59.2,,,False,,B-1,14514.0,0.0393,0.07,207346.0,78.2,< $1M
F10450333,2455 E Sunrise Boulevard Unit#CU-1C,Area 3260,Commercial (other),Expired,Sale,491250.0,8381.0,,,59.0,283.0,-79.3,,,False,,B-1,113579.0,0.2312,0.07,1622562.0,-69.7,< $1M
F10424980,3015 N Ocean Boulevard Unit#C-126,Area 3160,Commercial (other),Expired,Sale,315000.0,1938.0,,,163.0,319.0,-49.0,,,False,,CB,26264.0,0.0834,0.07,375197.0,-16.0,< $1M
F10450279,3015 N Ocean Boulevard Unit#C-115,Area 3160,Commercial (other),Expired,Sale,350000.0,1938.0,,,181.0,319.0,-43.3,,,False,,CB,26264.0,0.075,0.07,375197.0,-6.7,< $1M
F10449575,2455 E Sunrise Boulevard Unit#502,Area 3260,Commercial (other),Expired,Sale,359775.0,1107.0,,,325.0,832.0,-60.9,,,False,,B-1,15002.0,0.0417,0.07,214315.0,67.9,< $1M
F10450305,2455 E Sunrise Boulevard Unit#512,Area 3260,Commercial (other),Expired,Sale,416975.0,1283.0,,,325.0,769.0,-57.7,,,False,,B-1,17387.0,0.0417,0.07,248389.0,67.9,< $1M
A11572781,649 NW 22nd Rd,Area 3400,Commercial (other),Expired,Sale,549900.0,9134.0,,,60.0,271.0,-77.8,44.0,1982.0,False,,CB,123784.0,0.2251,0.07,1768342.0,-68.9,< $1M
A11819489,1403 NW 8th Ave,Area 3390,Multifamily,Expired,Sale,575000.0,6749.0,,,85.0,308.0,-72.3,58.0,1968.0,False,,RDS-15,66232.0,0.1152,0.055,1204218.0,-52.3,< $1M
F10447813,3015 N Ocean Boulevard Unit#C-115,Area 3160,Commercial (other),Expired,Sale,425000.0,1938.0,,,219.0,319.0,-31.2,,,False,,CB,26264.0,0.0618,0.07,375197.0,13.3,< $1M
F10450336,2455 E Sunrise Boulevard Unit#CU-1D,Area 3260,Commercial (other),Expired,Sale,482625.0,8381.0,,,58.0,283.0,-79.7,,,False,,B-1,113579.0,0.2353,0.07,1622562.0,-70.3,< $1M
F10552870,1103 E Las Olas Boulevard,Area 3280,Commercial (other),Expired,Sale,299000.0,10082.0,,,30.0,257.0,-88.5,,,False,,B-1,136631.0,0.457,0.07,1951875.0,-84.7,< $1M
A11708099,3045 N Federal Hwy Unit#6,Area 3070,Office,Expired,Sale,170000.0,401.0,,,424.0,662.0,-36.0,58.0,1968.0,False,,B-1,6374.0,0.0375,0.08,79674.0,113.4,< $1M
A11890728,201 SW 21st St,Area 3500,Industrial,Withdrawn,Sale,3395000.0,20827.0,,,163.0,175.0,-6.8,67.0,1959.0,False,15.0,RM-15,201814.0,0.0594,0.0625,3229018.0,5.1,$2.5–5M
A11851127,2826 E Oakland Park Blvd,Area 30,Office,Withdrawn,Sale,2800000.0,7505.0,,,373.0,139.0,167.7,,,False,1.0,,119292.0,0.0426,0.08,1491150.0,87.8,$2.5–5M
F10541816,311 SW 14th Way,Area 3470,Multifamily,Withdrawn,Sale,950000.0,7070.0,,,134.0,240.0,-43.9,,,False,,RS-8,69382.0,0.073,0.055,1261494.0,-24.7,< $1M
F10541814,301 SW 14th Way,Area 3470,Multifamily,Withdrawn,Sale,1280000.0,8652.0,,,148.0,215.0,-31.3,50.0,1976.0,False,,RS-8,84907.0,0.0663,0.055,1543768.0,-17.1,$1–2.5M
A11977975,1210 NE 8th Ave,Area 3560,Flex,Withdrawn,Sale,2198672.0,6378.0,,,345.0,328.0,5.2,59.0,1967.0,False,,B-3,93884.0,0.0427,0.07,1341202.0,63.9,$1–2.5M
F10556540,1210 NE 8th Avenue,Area 3560,Mixed Use,Withdrawn,Sale,2198672.0,6378.0,,,345.0,235.0,46.6,59.0,1967.0,False,,B-3,59698.0,0.0272,0.0675,884416.0,148.6,$1–2.5M
F10511940,11 SE 13th Street,Area 3800,Mixed Use,TempOff,Sale,850000.0,6250.0,,,136.0,210.0,-35.1,104.0,1922.0,False,,RMM-25,58500.0,0.0688,0.0675,866667.0,-1.9,< $1M
