submarket,asset_type,price_band,n,median_ppsf,median_price,median_sqft,share_pct
Area 30,Office,$2.5–5M,1,373.0,2800000.0,7505.0,100.0
Area 3010,Industrial,< $1M,1,130.0,875000.0,6750.0,50.0
Area 3010,Multifamily,$1–2.5M,1,199.0,1999000.0,10061.0,50.0
Area 3040,Office,$10M+,1,805.0,12500000.0,15535.0,50.0
Area 3040,Restaurant,$1–2.5M,1,384.0,1998000.0,5200.0,50.0
Area 3050,Industrial,< $1M,1,597.0,895000.0,1500.0,100.0
Area 3070,Office,< $1M,1,424.0,170000.0,401.0,100.0
Area 3090,Industrial,$1–2.5M,1,40.0,1295000.0,32374.0,100.0
Area 3112,Industrial,< $1M,1,146.0,985000.0,6750.0,100.0
Area 3120,Multifamily,$1–2.5M,2,134.0,1800000.0,13402.0,100.0
Area 3130,Hotel,$5–10M,1,442.0,8000000.0,18110.0,50.0
Area 3130,Hotel,$10M+,1,1920.0,12000000.0,6250.0,50.0
Area 3150,Commercial (other),$1–2.5M,1,209.0,2499000.0,11950.0,100.0
Area 3160,Commercial (other),< $1M,5,168.0,325000.0,1938.0,41.7
Area 3160,Commercial (other),$2.5–5M,1,99.0,4500000.0,45568.0,8.3
Area 3160,Mixed Use,$1–2.5M,1,200.0,1040000.0,5200.0,8.3
Area 3160,Multifamily,$1–2.5M,1,414.0,1575000.0,3801.0,8.3
Area 3160,Multifamily,$2.5–5M,1,216.0,2700000.0,12500.0,8.3
Area 3160,Multifamily,$5–10M,1,690.0,6895000.0,10000.0,8.3
Area 3160,Office,< $1M,1,38.0,200000.0,5200.0,8.3
Area 3160,Retail,$5–10M,1,643.0,7995000.0,12433.0,8.3
Area 3170,Commercial (other),$2.5–5M,1,1352.0,2500000.0,1849.0,16.7
Area 3170,Commercial (other),$10M+,1,812.0,23000000.0,28321.0,16.7
Area 3170,Hotel,$10M+,3,1112.0,14750000.0,12976.0,50.0
Area 3170,Multifamily,$10M+,1,506.0,10795000.0,21315.0,16.7
Area 3213,Industrial,$1–2.5M,1,131.0,1350000.0,10289.0,100.0
Area 3250,Commercial (other),$1–2.5M,1,280.0,2100000.0,7503.0,10.0
Area 3250,Commercial (other),$2.5–5M,3,253.0,3800000.0,15000.0,30.0
Area 3250,Hotel,$2.5–5M,2,218.0,4350000.0,20004.0,20.0
Area 3250,Hotel,$5–10M,1,201.0,6000000.0,29865.0,10.0
Area 3250,Mixed Use,$2.5–5M,1,96.0,3500000.0,36491.0,10.0
Area 3250,Office,$2.5–5M,1,380.0,2850000.0,7505.0,10.0
Area 3250,Office,$10M+,1,557.0,21000000.0,37685.0,10.0
Area 3260,Commercial (other),< $1M,7,320.0,423000.0,1322.0,29.2
Area 3260,Commercial (other),$1–2.5M,4,184.0,1349000.0,9390.0,16.7
Area 3260,Commercial (other),$2.5–5M,2,244.0,3485000.0,14700.0,8.3
Area 3260,Commercial (other),$5–10M,1,260.0,6500000.0,25000.0,4.2
Area 3260,Multifamily,$1–2.5M,1,238.0,2475000.0,10400.0,4.2
Area 3260,Multifamily,$2.5–5M,5,245.0,3349000.0,13650.0,20.8
Area 3260,Multifamily,$5–10M,1,282.0,5450000.0,19298.0,4.2
Area 3260,Office,< $1M,2,25.0,335000.0,13263.0,8.3
Area 3260,Retail,$1–2.5M,1,133.0,1990000.0,15000.0,4.2
Area 3270,Commercial (other),< $1M,1,526.0,824000.0,1568.0,7.7
Area 3270,Commercial (other),$1–2.5M,2,1170.0,2348000.0,7108.0,15.4
Area 3270,Commercial (other),$2.5–5M,2,304.0,3309000.0,13375.0,15.4
Area 3270,Flex,$5–10M,1,875.0,5000000.0,5715.0,7.7
Area 3270,Mixed Use,$2.5–5M,1,209.0,4000000.0,19125.0,7.7
Area 3270,Multifamily,$1–2.5M,4,157.0,1500000.0,8156.0,30.8
Area 3270,Multifamily,$2.5–5M,2,186.0,2642000.0,14292.0,15.4
Area 3280,Commercial (other),< $1M,1,30.0,299000.0,10082.0,14.3
Area 3280,Commercial (other),$2.5–5M,1,167.0,2500000.0,15003.0,14.3
Area 3280,Multifamily,$1–2.5M,3,324.0,1780000.0,5500.0,42.9
Area 3280,Multifamily,$2.5–5M,1,440.0,2750000.0,6250.0,14.3
Area 3280,Retail,$1–2.5M,1,1190.0,2200000.0,1849.0,14.3
Area 3300,Office,< $1M,1,113.0,750000.0,6624.0,100.0
Area 3330,Multifamily,$1–2.5M,1,95.0,1080000.0,11349.0,100.0
Area 3331,Industrial,$1–2.5M,1,115.0,1900000.0,16500.0,100.0
Area 3350,Commercial (other),$10M+,1,562.0,13900000.0,24715.0,50.0
Area 3350,Office,< $1M,1,113.0,750000.0,6624.0,50.0
Area 3360,Industrial,$1–2.5M,3,134.0,1575000.0,11736.0,75.0
Area 3360,Office,$5–10M,1,179.0,6000000.0,33482.0,25.0
Area 3370,Commercial (other),< $1M,2,274.0,552000.0,3625.0,5.0
Area 3370,Commercial (other),$1–2.5M,8,155.0,1700000.0,9913.0,20.0
Area 3370,Commercial (other),$2.5–5M,2,272.0,3124000.0,18174.0,5.0
Area 3370,Hotel,$5–10M,2,284.0,8798000.0,32052.0,5.0
Area 3370,Industrial,$2.5–5M,1,300.0,3900000.0,13000.0,2.5
Area 3370,Mixed Use,$1–2.5M,3,136.0,1200000.0,8798.0,7.5
Area 3370,Mixed Use,$2.5–5M,1,238.0,2800000.0,11761.0,2.5
Area 3370,Multifamily,< $1M,3,126.0,890000.0,7004.0,7.5
Area 3370,Multifamily,$1–2.5M,9,137.0,1395000.0,9466.0,22.5
Area 3370,Multifamily,$2.5–5M,1,190.0,2600000.0,13683.0,2.5
Area 3370,Office,$1–2.5M,1,136.0,1200000.0,8798.0,2.5
Area 3370,Retail,< $1M,1,120.0,750000.0,6248.0,2.5
Area 3370,Retail,$1–2.5M,2,156.0,1600000.0,11419.0,5.0
Area 3370,Retail,$2.5–5M,2,123.0,3425000.0,28733.0,5.0
Area 3370,Special Purpose,$2.5–5M,2,319.0,3248000.0,12957.0,5.0
Area 3380,Commercial (other),< $1M,1,451.0,575000.0,1276.0,5.6
Area 3380,Commercial (other),$1–2.5M,1,607.0,1900000.0,3130.0,5.6
Area 3380,Commercial (other),$2.5–5M,5,362.0,4250000.0,13525.0,27.8
Area 3380,Flex,$1–2.5M,1,313.0,1999000.0,6378.0,5.6
Area 3380,Mixed Use,$1–2.5M,1,298.0,1900000.0,6385.0,5.6
Area 3380,Multifamily,$1–2.5M,4,161.0,1900000.0,12246.0,22.2
Area 3380,Multifamily,$5–10M,1,180.0,6300000.0,35087.0,5.6
Area 3380,Office,$1–2.5M,1,202.0,1950000.0,9652.0,5.6
Area 3380,Restaurant,$1–2.5M,1,270.0,2150000.0,7960.0,5.6
Area 3380,Restaurant,$2.5–5M,1,345.0,2750000.0,7960.0,5.6
Area 3380,Retail,$1–2.5M,1,247.0,1999000.0,8108.0,5.6
Area 3390,Commercial (other),$1–2.5M,1,110.0,1990000.0,18100.0,12.5
Area 3390,Mixed Use,< $1M,1,80.0,750000.0,9351.0,12.5
Area 3390,Multifamily,< $1M,1,85.0,575000.0,6749.0,12.5
Area 3390,Multifamily,$1–2.5M,3,185.0,2179000.0,13220.0,37.5
Area 3390,Multifamily,$2.5–5M,1,68.0,2750000.0,40196.0,12.5
Area 3390,Retail,$1–2.5M,1,117.0,1200000.0,10213.0,12.5
Area 3400,Commercial (other),< $1M,1,60.0,550000.0,9134.0,25.0
Area 3400,Commercial (other),$2.5–5M,1,180.0,4500000.0,25024.0,25.0
Area 3400,Industrial,$1–2.5M,1,116.0,1950000.0,16875.0,25.0
Area 3400,Restaurant,$1–2.5M,1,182.0,1140000.0,6250.0,25.0
Area 3420,Multifamily,$1–2.5M,1,153.0,1400000.0,9167.0,100.0
Area 3424,Retail,$1–2.5M,3,156.0,1050000.0,6751.0,100.0
Area 3450,Commercial (other),$1–2.5M,1,110.0,1890000.0,17111.0,20.0
Area 3450,Industrial,$2.5–5M,1,127.0,2575000.0,20250.0,20.0
Area 3450,Mixed Use,< $1M,2,99.0,520000.0,5268.0,40.0
Area 3450,Multifamily,< $1M,1,138.0,600000.0,4335.0,20.0
Area 3460,Commercial (other),$1–2.5M,1,225.0,1399000.0,6225.0,4.8
Area 3460,Commercial (other),$2.5–5M,2,152.0,3698000.0,24733.0,9.5
Area 3460,Industrial,< $1M,1,126.0,850000.0,6750.0,4.8
Area 3460,Industrial,$1–2.5M,5,104.0,1750000.0,16875.0,23.8
Area 3460,Mixed Use,< $1M,3,144.0,775000.0,4680.0,14.3
Area 3460,Mixed Use,$1–2.5M,2,131.0,2212000.0,16875.0,9.5
Area 3460,Multifamily,$1–2.5M,6,146.0,1238000.0,8438.0,28.6
Area 3460,Multifamily,$5–10M,1,1932.0,5200000.0,2691.0,4.8
Area 3470,Commercial (other),< $1M,1,139.0,975000.0,7000.0,4.8
Area 3470,Commercial (other),$1–2.5M,1,92.0,1900000.0,20614.0,4.8
Area 3470,Industrial,< $1M,1,400.0,595000.0,1488.0,4.8
Area 3470,Industrial,$1–2.5M,2,217.0,2132000.0,10476.0,9.5
Area 3470,Industrial,$2.5–5M,2,303.0,2862000.0,10476.0,9.5
Area 3470,Mixed Use,$1–2.5M,1,109.0,1727000.0,15800.0,4.8
Area 3470,Multifamily,< $1M,1,134.0,950000.0,7070.0,4.8
Area 3470,Multifamily,$1–2.5M,7,137.0,1699000.0,13802.0,33.3
Area 3470,Multifamily,$2.5–5M,3,171.0,3000000.0,17500.0,14.3
Area 3470,Multifamily,$5–10M,1,204.0,7950000.0,39000.0,4.8
Area 3470,Retail,$2.5–5M,1,337.0,2650000.0,7875.0,4.8
Area 3480,Commercial (other),< $1M,1,157.0,990000.0,6325.0,16.7
Area 3480,Commercial (other),$2.5–5M,1,135.0,2900000.0,21450.0,16.7
Area 3480,Industrial,< $1M,1,425.0,850000.0,2000.0,16.7
Area 3480,Mixed Use,< $1M,1,115.0,849000.0,7380.0,16.7
Area 3480,Retail,< $1M,1,387.0,710000.0,1833.0,16.7
Area 3480,Retail,$5–10M,1,415.0,7000000.0,16875.0,16.7
Area 3490,Commercial (other),< $1M,1,61.0,375000.0,6120.0,25.0
Area 3490,Commercial (other),$1–2.5M,1,520.0,1180000.0,2268.0,25.0
Area 3490,Industrial,$5–10M,1,178.0,8700000.0,48992.0,25.0
Area 3490,Multifamily,$2.5–5M,1,318.0,3000000.0,9445.0,25.0
Area 3500,Commercial (other),< $1M,1,112.0,700000.0,6250.0,10.0
Area 3500,Commercial (other),$1–2.5M,3,240.0,1262000.0,5250.0,30.0
Area 3500,Commercial (other),$2.5–5M,1,275.0,3395000.0,12363.0,10.0
Area 3500,Industrial,$2.5–5M,3,163.0,3495000.0,20827.0,30.0
Area 3500,Mixed Use,$1–2.5M,1,174.0,1090000.0,6250.0,10.0
Area 3500,Multifamily,< $1M,1,150.0,954000.0,6375.0,10.0
Area 3560,Commercial (other),< $1M,1,105.0,192000.0,1837.0,10.0
Area 3560,Commercial (other),$1–2.5M,1,144.0,1200000.0,8333.0,10.0
Area 3560,Flex,$1–2.5M,1,345.0,2199000.0,6378.0,10.0
Area 3560,Mixed Use,< $1M,2,78.0,875000.0,11136.0,20.0
Area 3560,Mixed Use,$1–2.5M,1,345.0,2199000.0,6378.0,10.0
Area 3560,Mixed Use,$5–10M,2,310.0,8250000.0,26576.0,20.0
Area 3560,Mixed Use,$10M+,1,653.0,11250000.0,17220.0,10.0
Area 3560,Retail,$2.5–5M,1,145.0,3900000.0,26836.0,10.0
Area 3570,Multifamily,$2.5–5M,2,212.0,4000000.0,18898.0,100.0
Area 3580,Industrial,< $1M,1,45.0,535000.0,11800.0,25.0
Area 3580,Industrial,$1–2.5M,2,106.0,1250000.0,11800.0,50.0
Area 3580,Industrial,$5–10M,1,466.0,5500000.0,11800.0,25.0
Area 3600,Commercial (other),$1–2.5M,1,142.0,1750000.0,12300.0,6.7
Area 3600,Commercial (other),$10M+,1,219.0,10500000.0,47950.0,6.7
Area 3600,Hotel,$5–10M,1,280.0,6000000.0,21450.0,6.7
Area 3600,Mixed Use,$2.5–5M,1,126.0,4250000.0,33723.0,6.7
Area 3600,Multifamily,$1–2.5M,2,236.0,1644000.0,6977.0,13.3
Area 3600,Multifamily,$5–10M,1,264.0,5295000.0,20020.0,6.7
Area 3600,Office,$1–2.5M,1,177.0,1195000.0,6749.0,6.7
Area 3600,Restaurant,< $1M,1,829.0,995000.0,1200.0,6.7
Area 3600,Retail,< $1M,2,482.0,579000.0,1200.0,13.3
Area 3600,Retail,$1–2.5M,1,306.0,1200000.0,3921.0,6.7
Area 3600,Retail,$2.5–5M,2,292.0,3545000.0,12150.0,13.3
Area 3600,Retail,$5–10M,1,415.0,7000000.0,16875.0,6.7
Area 3650,Restaurant,< $1M,1,57.0,901000.0,15756.0,100.0
Area 3700,Commercial (other),$2.5–5M,1,457.0,3200000.0,6997.0,12.5
Area 3700,Mixed Use,$1–2.5M,1,415.0,1400000.0,3375.0,12.5
Area 3700,Multifamily,$1–2.5M,1,233.0,1500000.0,6440.0,12.5
Area 3700,Multifamily,$2.5–5M,2,408.0,4134000.0,10126.0,25.0
Area 3700,Restaurant,$1–2.5M,1,392.0,2500000.0,6375.0,12.5
Area 3700,Retail,< $1M,1,76.0,950000.0,12496.0,12.5
Area 3700,Retail,$1–2.5M,1,284.0,1600000.0,5625.0,12.5
Area 3720,Multifamily,$1–2.5M,1,94.0,1300000.0,13800.0,50.0
Area 3720,Office,$2.5–5M,1,197.0,3500000.0,17740.0,50.0
Area 3800,Commercial (other),< $1M,7,111.0,665000.0,6840.0,18.4
Area 3800,Commercial (other),$1–2.5M,4,164.0,1625000.0,10650.0,10.5
Area 3800,Commercial (other),$2.5–5M,2,277.0,3648000.0,13358.0,5.3
Area 3800,Commercial (other),$10M+,1,132.0,11900000.0,90193.0,2.6
Area 3800,Industrial,< $1M,1,542.0,905000.0,1671.0,2.6
Area 3800,Mixed Use,< $1M,3,130.0,699000.0,6250.0,7.9
Area 3800,Mixed Use,$1–2.5M,3,138.0,1150000.0,8315.0,7.9
Area 3800,Multifamily,$1–2.5M,1,122.0,1750000.0,14299.0,2.6
Area 3800,Multifamily,$2.5–5M,1,261.0,2500000.0,9566.0,2.6
Area 3800,Office,< $1M,5,117.0,799000.0,6840.0,13.2
Area 3800,Office,$1–2.5M,9,383.0,1700000.0,4540.0,23.7
Area 3800,Restaurant,$5–10M,1,577.0,5000000.0,8664.0,2.6
Area 3810,Commercial (other),$2.5–5M,1,109.0,3450000.0,31542.0,9.1
Area 3810,Commercial (other),$5–10M,4,738.0,5500000.0,8126.0,36.4
Area 3810,Multifamily,< $1M,1,144.0,975000.0,6750.0,9.1
Area 3810,Multifamily,$1–2.5M,4,195.0,2000000.0,10126.0,36.4
Area 3810,Multifamily,$2.5–5M,1,555.0,3749000.0,6750.0,9.1
Area 3990,Multifamily,$5–10M,2,224.0,5900000.0,26399.0,100.0
Unknown,Industrial,$1–2.5M,1,334.0,1725000.0,5170.0,100.0
