neighborhood,sample_txns,avg_homes_sold_90d,raw_ppsf_recent,raw_dom_recent,raw_s2l_recent,price_drop_rate,sold_above_rate,months_supply,list_ppsf_recent,first_year,last_period,norm_ppsf,ppsf_cagr,norm_dom,norm_s2l,discount_pct,raw_discount_pct,vs_city_pct,confidence,value_rank,appreciation_rank,buyer_leverage,leverage_rank
North Beach Neighborhood District,26,2.0,,,,,0.03896103895974026,,,2012,2023-11,1451.3,0.0793459585842875,143.0,0.9274977420541353,7.25,,233.8,Low,1,51,0.479,11
Central Beach,28,1.9,,,,,0.03614457831204819,,,2012,2023-11,1174.8,0.015787415397364946,141.0,0.925314355099028,7.47,,170.2,Low,2,68,0.493,10
Seven Isles,94,2.2,1290.6,238.3,0.912411463645,,0.03146853147027972,,1453.3,2012,2026-03,1154.8,0.07584202558502584,178.0,0.8883010060262072,11.17,8.76,165.6,Medium,3,57,1.352,1
Nurmi Isles,30,1.3,979.3,330.0,0.8757102433666667,,0.03225806451612903,,1376.3,2013,2026-03,1108.1,0.056421811578053926,158.0,0.8888164079214317,11.12,12.43,154.9,Low,4,65,1.169,2
Harbor Beach,63,1.6,856.7,142.3,0.93452982423,,0.09278350515360825,,1587.8,2012,2026-03,978.6,0.06297617318384763,161.0,0.8948008392625341,10.52,6.55,125.1,Medium,5,62,1.109,3
Lauderdale Harbours,37,1.5,1095.9,58.4,0.9481068162285714,,0.05309734513185841,,1922.1,2012,2026-03,969.8,0.08348359520770243,121.0,0.9108098846717745,8.92,5.19,123.1,Low,6,48,0.526,8
Las Olas Isles,81,1.9,1078.3,268.2,0.9111541176083333,,0.035156249999609375,,1514.5,2012,2026-03,943.6,0.08550403585049726,168.0,0.9051755490969356,9.48,8.88,117.0,Medium,7,47,1.02,4
Lauderdale Beach,35,1.5,1161.9,217.9,0.8813077562357142,,0.08333333333333333,,1331.0,2014,2026-03,842.5,0.13787764731096508,157.0,0.9253171738994482,7.47,11.87,93.8,Low,8,7,0.634,6
Riviera Isles,30,1.3,1448.1,110.9,0.9427644247636363,,0.16129032257741935,,1466.5,2012,2026-03,806.5,0.1066050504049274,115.0,0.9263167961001514,7.37,5.72,85.5,Low,9,26,0.249,21
Harbour Inlet,48,1.5,802.2,165.8,0.9369625862727274,,0.02027027027027027,,930.6,2012,2026-03,801.2,0.08242635985992552,161.0,0.9227443207583131,7.73,6.3,84.3,Medium,10,49,0.706,5
Colee Hammock,45,1.4,739.7,67.1,0.9293280296785714,,0.021897810218978103,,837.5,2012,2026-03,783.2,0.06287697061342534,146.0,0.920456275661229,7.95,7.07,80.2,Medium,11,63,0.606,7
Rio Vista,168,3.3,808.9,111.9,0.919854032375,,0.07602339181134503,,990.1,2012,2026-03,778.9,0.08961989375841717,127.0,0.9165178425612398,8.35,8.01,79.2,High,12,40,0.496,9
Dolphin Isles,30,1.4,746.2,157.8,0.8771163229666666,,0.03225806451612903,,769.4,2013,2026-03,778.2,0.04370452395803759,135.0,0.927065116187103,7.29,12.29,79.0,Low,13,67,0.414,14
Landings,94,2.2,1017.4,182.3,0.9155647647,,0.06228373702352941,,1034.7,2012,2026-03,720.9,0.08717428147531736,106.0,0.9199454053501658,8.01,8.44,65.8,Medium,14,43,0.263,20
Bermuda Riviera,65,1.6,963.7,211.9,0.9200838807571429,,0.1212121212090909,,1022.1,2012,2026-03,705.2,0.08808391037063257,119.0,0.9224238455540134,7.76,7.99,62.2,Medium,15,42,0.341,18
Bal Harbour,54,1.5,781.7,55.2,0.8602868477200001,,0.037037037037037035,,998.8,2012,2026-03,704.0,0.07758258173059818,120.0,0.9221933479162318,7.78,13.97,61.9,Medium,16,54,0.353,17
Coral Ridge,270,5.0,813.7,110.3,0.9269369690720001,,0.07244655582270784,,886.7,2012,2026-03,669.2,0.08865594870019766,127.0,0.9283757859097307,7.16,7.31,53.9,High,17,41,0.325,19
Victoria Park,325,5.9,688.9,102.6,0.9427126847979798,,0.08782435129657684,,778.4,2012,2026-03,666.1,0.09238068240540165,114.0,0.9409367801622136,5.91,5.73,53.2,High,18,39,0.03,29
Middle River Park,30,1.4,674.5,152.2,0.9397717698125001,,0.11956521738913044,,255.8,2012,2026-03,658.7,0.13735650467018745,93.0,0.937959046625262,6.2,6.02,51.5,Low,19,8,-0.113,38
Sunrise Intracoastal,50,1.7,580.0,400.3,0.9139944940499999,,0.09933774834304636,,862.6,2014,2026-03,656.1,0.08694053210995523,131.0,0.9228897872524632,7.71,8.6,50.9,Medium,20,45,0.439,12
Beach Way Heights,22,1.2,1007.1,215.8,0.9859900983222223,,0.04285714285714286,,1173.5,2015,2026-03,652.1,0.14131877828036532,105.0,0.9316467393674862,6.84,1.4,50.0,Low,21,5,0.085,26
Coral Ridge Galt,168,3.2,763.9,102.1,0.9101839208241934,,0.061068702292786256,,879.1,2012,2026-03,646.3,0.07831044568838474,133.0,0.9269715244504814,7.3,8.98,48.7,High,22,53,0.398,15
Sailboat Bend,70,1.7,480.9,215.4,0.9137352920249999,,0.12735849056556603,,582.2,2012,2026-03,622.5,0.10221646098785153,99.0,0.9384549323765813,6.15,8.63,43.2,Medium,23,28,-0.067,34
Lake Estates,51,1.6,684.0,125.2,0.9082018548999999,,0.15584415584350647,,772.6,2012,2026-03,614.3,0.1140482908894711,104.0,0.9378016477105143,6.22,9.18,41.3,Medium,24,17,-0.013,31
Coral Ridge Country Club Estates,217,4.3,684.2,103.7,0.923123343792453,,0.10925644916541731,,747.6,2012,2026-03,590.3,0.07303931011017872,122.0,0.9315957575773068,6.84,7.69,35.8,High,25,58,0.235,22
Lake Ridge,94,2.1,518.1,111.5,0.9346926280333333,,0.09540636042084805,,573.0,2012,2026-03,579.8,0.10927421217907263,117.0,0.9379194523614508,6.21,6.53,33.4,Medium,26,25,0.1,25
Bay Colony,22,1.2,1154.3,446.3,0.8531843903857143,,0.04477611940149254,,839.2,2012,2026-03,542.7,0.05541453391363471,126.0,0.923408688077179,7.66,14.68,24.8,Low,27,66,0.388,16
Coral Shores,39,1.5,508.5,140.6,0.96112255969,,0.10256410256410256,,582.5,2013,2026-03,534.0,0.06064735445576641,109.0,0.9370330747188742,6.3,3.89,22.8,Low,28,64,0.042,28
Poinsettia Heights,244,4.6,528.6,109.1,0.9480403351597703,,0.09236947791244979,,580.3,2012,2026-03,533.1,0.08708222848661462,101.0,0.9411453695059847,5.89,5.2,22.6,High,29,44,-0.087,36
Waverly Place,34,1.2,495.5,177.6,0.8774645272857143,,0.08737864077669903,,580.7,2012,2026-03,531.9,0.08622502774136098,83.0,0.9432585308883218,5.67,12.25,22.3,Low,30,46,-0.278,47
Tarpon River,168,3.1,466.6,155.2,0.9392549825826921,,0.13888888888710318,,589.4,2012,2026-03,510.7,0.07833561974568304,111.0,0.9361601691324785,6.38,6.07,17.5,High,31,52,0.071,27
Lauderdale Isles,298,5.3,433.7,92.6,0.9039113070028169,,0.12999999999973333,,541.2,2012,2026-03,500.1,0.06785905679666393,101.0,0.9372078494037059,6.28,9.61,15.0,High,32,61,-0.031,32
River of Croissant Park,56,1.6,460.3,140.4,0.9503243475379312,,0.12499999999940475,,566.0,2012,2026-03,486.1,0.1190497355587079,95.0,0.9359348047873141,6.41,4.97,11.8,Medium,33,14,-0.065,33
River Oaks,261,4.7,547.3,127.8,0.9372773978494119,,0.1637279596979849,,516.8,2012,2026-03,476.5,0.07636982573980045,83.0,0.9457550150762176,5.42,6.27,9.6,High,34,56,-0.314,49
Poinciana Park,23,1.3,558.9,302.9,0.8726063989142858,,0.17142857142714285,,419.0,2012,2026-03,473.3,0.11165563573648862,116.0,0.9283261227352994,7.17,12.74,8.9,Low,35,21,0.229,23
Croissant Park River,21,1.3,558.9,302.9,0.8726063989142857,,0.1874999999984375,,514.3,2012,2026-03,464.4,0.11165563573648862,118.0,0.9342907538435116,6.57,12.74,6.8,Low,36,21,0.16,24
Boulevard Park Isles,20,1.1,380.9,4.0,1.131868132,,0.05,,364.0,2012,2026-03,458.1,0.06897715380848024,99.0,0.9033889028920671,9.66,-13.19,5.4,Low,37,60,0.439,12
Croissant Park,222,4.0,457.0,111.5,0.9467403460980001,,0.13818722139643388,,489.0,2012,2026-03,453.1,0.09836802942138712,101.0,0.944760785764116,5.52,5.33,4.2,High,38,31,-0.141,40
Middle River Terrace,154,3.0,484.5,141.1,0.9578099712354838,,0.12658227847953588,,481.0,2012,2026-03,440.3,0.10039558327457798,89.0,0.9428944946056207,5.71,4.22,1.3,High,39,30,-0.219,44
Shady Banks,102,2.2,433.4,85.7,0.945364210882353,,0.21518987341645568,,420.3,2012,2026-03,436.8,0.11277315060223336,105.0,0.9442167593295293,5.58,5.46,0.5,Medium,40,19,-0.097,37
Knoll Ridge,134,2.6,429.8,124.7,0.9304975776724997,,0.1259259259259259,,493.9,2012,2026-03,435.0,0.0713109361263029,94.0,0.9390535701588975,6.09,6.95,0.1,High,41,59,-0.12,39
Riverside Park,256,4.6,490.8,93.4,0.9464408544065789,,0.19255455712541725,,543.2,2012,2026-03,430.4,0.1016881301916186,89.0,0.9499252886360251,5.01,5.36,-1.0,High,42,29,-0.32,50
Lauderdale Park,60,1.6,532.5,176.0,0.9626696733166668,,0.08064516128709677,,491.3,2012,2026-03,428.0,0.1096248230213328,105.0,0.9370499673451608,6.3,3.73,-1.6,Medium,43,23,0.007,30
Coral Ridge Isles,214,3.9,427.4,108.8,0.9514386328096153,,0.13425925926126542,,477.2,2012,2026-03,424.6,0.08130129836079902,107.0,0.9512814587270616,4.87,4.86,-2.3,High,44,50,-0.182,42
Progresso Village,44,1.6,384.8,50.7,0.9893989912,,0.2462686567164179,,364.6,2012,2026-03,406.6,0.15070174801946346,87.0,0.9383587755450075,6.16,1.06,-6.5,Medium,45,3,-0.172,41
Imperial Point,432,7.7,437.4,97.5,0.9564357091992425,,0.11482889733904182,,470.0,2012,2026-03,391.6,0.07703460347199997,103.0,0.941351052721783,5.86,4.36,-9.9,High,46,55,-0.074,35
Edgewood,256,4.7,390.6,131.4,0.9612029390918032,,0.20025839793445735,,419.6,2012,2026-03,366.3,0.09486650570315391,83.0,0.9500838149907772,4.99,3.88,-15.7,High,47,36,-0.376,52
Flamingo Park,190,3.5,398.5,103.1,0.9726029011697674,,0.21465968586125656,,408.1,2012,2026-03,360.0,0.10942705407216624,78.0,0.9614918945126775,3.85,2.74,-17.2,High,48,24,-0.584,61
River Run,153,2.8,410.6,139.2,0.9440017674782607,,0.1921397379930131,,432.4,2012,2026-03,349.4,0.1030309565899945,82.0,0.9559732434495628,4.4,5.6,-19.6,High,49,27,-0.47,55
South Middle River,605,10.7,386.5,102.5,0.9476850690963237,,0.19226579520621465,,414.9,2012,2026-03,349.4,0.1296161704965464,88.0,0.9430329450830003,5.7,5.23,-19.6,High,49,11,-0.229,45
Sunset,297,5.3,371.2,65.8,0.9746695321975308,,0.2250554323727938,,371.3,2012,2026-03,337.2,0.09612342533977691,68.0,0.9611430202744894,3.89,2.53,-22.4,High,51,34,-0.666,64
Riverland Village,297,5.3,358.7,73.5,0.9739109731087501,,0.24188129899464725,,376.1,2012,2026-03,334.5,0.09754980941825164,69.0,0.9674320231702146,3.26,2.61,-23.1,High,52,33,-0.749,68
Chula Vista,129,2.5,348.9,86.4,0.9714005753222222,,0.19638242893617572,,422.0,2012,2026-03,321.5,0.09524966187056805,88.0,0.9493914936056086,5.06,2.86,-26.0,High,53,35,-0.322,51
Palm Aire Village East,162,3.1,334.0,70.5,0.9686240696428572,,0.21604938271625515,,351.6,2012,2026-03,315.8,0.09278584544114654,75.0,0.9581566930546889,4.18,3.14,-27.4,High,54,38,-0.563,60
Twinlakes,70,1.7,396.3,160.8,0.9717222121000001,,0.24401913875502393,,347.2,2012,2026-03,315.2,0.09337905290016191,74.0,0.9512677265852463,4.87,2.83,-27.5,Medium,55,37,-0.472,56
Palm Aire Village West,218,4.0,299.1,112.7,0.9960005764738095,,0.2103658536608232,,352.4,2012,2026-03,309.5,0.09775702400020592,69.0,0.9619731245907087,3.8,0.4,-28.8,High,56,32,-0.671,65
Lauderdale Manor,37,1.3,301.1,41.0,0.8498768518,,0.24324324324234234,,312.0,2013,2025-11,297.0,0.11781485698919836,69.0,0.9418583980952687,5.81,15.01,-31.7,Low,57,16,-0.381,53
Riverland,247,4.3,346.5,79.9,0.9610190298716668,,0.2787550744239513,,362.9,2012,2026-03,283.0,0.12365942315608769,71.0,0.967069946035901,3.29,3.9,-34.9,High,58,12,-0.727,67
Lauderdale West,60,1.6,360.7,124.9,0.99369458128,,0.24719101123483145,,374.0,2012,2026-03,279.4,0.12292253632492378,100.0,0.9493502753016289,5.06,0.63,-35.7,Medium,59,13,-0.216,43
Dillard Park,111,2.4,370.9,91.9,0.9541778856826085,,0.26331360946568044,,408.5,2012,2026-03,272.2,0.1122692677515329,71.0,0.9371837330257028,6.28,4.58,-37.4,Medium,60,20,-0.295,48
Lauderdale Manors,728,12.9,326.9,91.3,0.9558695067948453,,0.2415832575030573,,331.0,2012,2026-03,256.4,0.1353512278327902,73.0,0.9524198894966084,4.76,4.41,-41.0,High,61,10,-0.497,57
Lake Aire Palm View,157,3.2,340.3,49.8,0.9086774212029411,,0.2784810126546413,,346.7,2012,2026-03,255.1,0.13941189406226484,56.0,0.9465050309762856,5.35,9.13,-41.3,High,62,6,-0.561,59
Melrose Park,656,11.5,300.6,66.9,0.9462399721168141,,0.2830284552820885,,304.5,2012,2026-03,252.9,0.11816483110719278,68.0,0.9598577377896643,4.01,5.38,-41.8,High,63,15,-0.649,63
Melrose Manors,320,5.7,306.6,97.7,0.9861130011444444,,0.27817993795294726,,337.6,2012,2026-03,251.4,0.11378101813751407,77.0,0.9575213073147054,4.25,1.39,-42.2,High,64,18,-0.535,58
Rock Island,257,4.6,294.2,59.9,0.9479960337250001,,0.2871794871776923,,311.8,2012,2026-03,247.0,0.1367528022299327,65.0,0.9614761664709753,3.85,5.2,-43.2,High,65,9,-0.699,66
Durrs,163,3.0,350.2,59.6,0.9521418085176471,,0.23340040241247484,,388.1,2012,2026-03,246.6,0.15471929957468822,71.0,0.9432770613545113,5.67,4.79,-43.3,High,66,1,-0.383,54
Dorsey-Riverbend,158,3.0,300.1,112.1,0.9734560237058825,,0.2399999999997895,,332.9,2012,2026-03,243.8,0.14550607723316156,70.0,0.9565698747120736,4.34,2.65,-43.9,High,67,4,-0.584,61
River Garden Sweeting Estate,25,1.3,,,,,0.24324324324324326,,,2012,2025-01,201.1,0.15192474142582557,86.0,0.9424939036008325,5.75,,-53.7,Low,68,2,-0.24,46
