neighborhood,headline,talking_points
Lauderdale Beach,$924/sqft normalized · 99% above the citywide average,"A standardized home here normalizes to $924/sqft — 99% above the citywide average (city $465/sqft). | Recent closed sales run a median $2,675,000 on about 2,625 sqft ($1,015/sqft actual). | Geography: predominantly barrier island / beach. | 17% of sales are waterfront; waterfront is worth about +32% per foot citywide, all else equal. | Citywide, new construction carries roughly +15% per foot over comparable existing homes. | On a typical 7,033.0 sqft lot the land alone is worth ~$137/sqft (~$966,334). | Homes typically close about 8% under asking, after roughly 157 days on market. | Prices here have compounded about 14%/yr over the last decade. | 62% of listings here fail to sell — pricing right the first time matters more than in most areas."
Four Seasons,$876/sqft normalized · 88% above the citywide average,"A standardized home here normalizes to $876/sqft — 88% above the citywide average (city $465/sqft). | Recent closed sales run a median $3,850,000 on about 2,069 sqft ($1,784/sqft actual). | Geography: predominantly barrier island / beach. | Waterfront homes sell around $2,032/sqft vs $1,764/sqft dry — about +15% for the water here. | New construction sells around $2,004/sqft vs $363 for existing here — a +452% new-build premium. | Homes typically close about 7% under asking. | 72% of listings here fail to sell — pricing right the first time matters more than in most areas."
Coral Isles,$839/sqft normalized · 80% above the citywide average,"A standardized home here normalizes to $839/sqft — 80% above the citywide average (city $465/sqft). | Recent closed sales run a median $4,465,000 on about 4,650 sqft ($1,275/sqft actual). | Geography: predominantly finger-isle waterfront. | Waterfront homes sell around $1,275/sqft here (100% of sales are waterfront). | Citywide, new construction carries roughly +15% per foot over comparable existing homes. | On a typical 10,500.0 sqft lot the land alone is worth ~$150/sqft (~$1,569,750). | Homes typically close about 7% under asking. | 38% of listings here fail to sell — pricing right the first time matters more than in most areas."
Halls,$761/sqft normalized · 64% above the citywide average,"A standardized home here normalizes to $761/sqft — 64% above the citywide average (city $465/sqft). | Recent closed sales run a median $1,257,500 on about 1,814 sqft ($779/sqft actual). | Geography: predominantly mainland inland. | Citywide, new construction carries roughly +15% per foot over comparable existing homes. | On a typical 7,800.0 sqft lot the land alone is worth ~$57/sqft (~$442,260). | Homes typically close about 7% under asking. | 25% of listings here fail to sell — pricing right the first time matters more than in most areas."
Idlewyld,$750/sqft normalized · 61% above the citywide average,"A standardized home here normalizes to $750/sqft — 61% above the citywide average (city $465/sqft). | Recent closed sales run a median $2,522,500 on about 3,098 sqft ($813/sqft actual). | Geography: predominantly mainland inland. | Waterfront homes sell around $1,623/sqft vs $733/sqft dry — about +121% for the water here. | New construction sells around $1,425/sqft vs $756 for existing here — a +88% new-build premium. | On a typical 8,250.0 sqft lot the land alone is worth ~$121/sqft (~$1,001,550). | Homes typically close about 9% under asking. | 47% of listings here fail to sell — pricing right the first time matters more than in most areas."
Harbor Beach,$745/sqft normalized · 60% above the citywide average,"A standardized home here normalizes to $745/sqft — 60% above the citywide average (city $465/sqft). | Recent closed sales run a median $3,212,500 on about 3,253 sqft ($921/sqft actual). | Geography: predominantly barrier island / beach. | Waterfront homes sell around $1,139/sqft vs $732/sqft dry — about +56% for the water here. | Citywide, new construction carries roughly +15% per foot over comparable existing homes. | On a typical 13,527.0 sqft lot the land alone is worth ~$84/sqft (~$1,129,504). | Homes typically close about 5% under asking, after roughly 161 days on market. | Prices here have compounded about 6%/yr over the last decade. | 52% of listings here fail to sell — pricing right the first time matters more than in most areas."
Nurmi Isles,$745/sqft normalized · 60% above the citywide average,"A standardized home here normalizes to $745/sqft — 60% above the citywide average (city $465/sqft). | Recent closed sales run a median $5,325,000 on about 5,197 sqft ($1,071/sqft actual). | Geography: predominantly finger-isle waterfront. | Waterfront homes sell around $1,071/sqft here (100% of sales are waterfront). | New construction sells around $1,599/sqft vs $988 for existing here — a +62% new-build premium. | On a typical 10,800.0 sqft lot the land alone is worth ~$174/sqft (~$1,880,280). | Homes typically close about 6% under asking, after roughly 158 days on market. | Prices here have compounded about 6%/yr over the last decade. | 60% of listings here fail to sell — pricing right the first time matters more than in most areas."
Colee Hammock,$739/sqft normalized · 59% above the citywide average,"A standardized home here normalizes to $739/sqft — 59% above the citywide average (city $465/sqft). | Recent closed sales run a median $1,527,500 on about 2,266 sqft ($686/sqft actual). | Geography: predominantly mainland inland. | By property type: houses $746/sqft, townhomes $485/sqft. | New construction sells around $822/sqft vs $644 for existing here — a +28% new-build premium. | On a typical 6,250.0 sqft lot the land alone is worth ~$96/sqft (~$597,500). | Homes typically close about 7% under asking, after roughly 146 days on market. | Prices here have compounded about 6%/yr over the last decade. | 47% of listings here fail to sell — pricing right the first time matters more than in most areas."
Rio Vista,$706/sqft normalized · 52% above the citywide average,"A standardized home here normalizes to $706/sqft — 52% above the citywide average (city $465/sqft). | Recent closed sales run a median $2,300,000 on about 2,790 sqft ($800/sqft actual). | Geography: predominantly mainland inland. | Waterfront homes sell around $1,124/sqft vs $759/sqft dry — about +48% for the water here. | New construction sells around $815/sqft vs $800 for existing here — a +2% new-build premium. | On a typical 6,779.0 sqft lot the land alone is worth ~$119/sqft (~$808,735). | Homes typically close about 7% under asking, after roughly 127 days on market. | Prices here have compounded about 9%/yr over the last decade. | 48% of listings here fail to sell — pricing right the first time matters more than in most areas."
Venice,$705/sqft normalized · 52% above the citywide average,"A standardized home here normalizes to $705/sqft — 52% above the citywide average (city $465/sqft). | Recent closed sales run a median $4,675,000 on about 4,558 sqft ($1,123/sqft actual). | Geography: predominantly finger-isle waterfront. | Waterfront homes sell around $1,123/sqft here (100% of sales are waterfront). | New construction sells around $1,184/sqft vs $992 for existing here — a +19% new-build premium. | On a typical 9,431.0 sqft lot the land alone is worth ~$174/sqft (~$1,642,880). | Homes typically close about 11% under asking. | 64% of listings here fail to sell — pricing right the first time matters more than in most areas."
Lauderdale Harbors,$699/sqft normalized · 50% above the citywide average,"A standardized home here normalizes to $699/sqft — 50% above the citywide average (city $465/sqft). | Recent closed sales run a median $2,132,500 on about 2,249 sqft ($860/sqft actual). | Geography: predominantly intracoastal / canal waterfront. | Waterfront homes sell around $1,094/sqft vs $564/sqft dry — about +94% for the water here. | Citywide, new construction carries roughly +15% per foot over comparable existing homes. | On a typical 7,700.0 sqft lot the land alone is worth ~$106/sqft (~$813,890). | Homes typically close about 7% under asking. | 38% of listings here fail to sell — pricing right the first time matters more than in most areas."
Harbour Heights,$698/sqft normalized · 50% above the citywide average,"A standardized home here normalizes to $698/sqft — 50% above the citywide average (city $465/sqft). | Recent closed sales run a median $1,812,500 on about 2,482 sqft ($701/sqft actual). | Geography: predominantly mainland inland. | 21% of sales are waterfront; waterfront is worth about +32% per foot citywide, all else equal. | Citywide, new construction carries roughly +15% per foot over comparable existing homes. | On a typical 9,375.0 sqft lot the land alone is worth ~$68/sqft (~$637,500). | Homes typically close about 9% under asking. | 55% of listings here fail to sell — pricing right the first time matters more than in most areas."
Oceanage,$681/sqft normalized · 46% above the citywide average,"A standardized home here normalizes to $681/sqft — 46% above the citywide average (city $465/sqft). | Recent closed sales run a median $1,017,500 on about 1,273 sqft ($799/sqft actual). | Geography: predominantly barrier island / beach. | Waterfront homes sell around $799/sqft vs $781/sqft dry — about +2% for the water here. | Citywide, new construction carries roughly +15% per foot over comparable existing homes. | Homes typically close about 6% under asking. | 35% of listings here fail to sell — pricing right the first time matters more than in most areas."
Coral Ridge,$666/sqft normalized · 43% above the citywide average,"A standardized home here normalizes to $666/sqft — 43% above the citywide average (city $465/sqft). | Recent closed sales run a median $2,000,000 on about 3,000 sqft ($793/sqft actual). | Geography: predominantly mainland inland. | By property type: houses $854/sqft, townhomes $375/sqft. | Waterfront homes sell around $1,048/sqft vs $714/sqft dry — about +47% for the water here. | New construction sells around $1,038/sqft vs $704 for existing here — a +48% new-build premium. | On a typical 11,515.0 sqft lot the land alone is worth ~$76/sqft (~$870,534). | Homes typically close about 5% under asking, after roughly 127 days on market. | Prices here have compounded about 9%/yr over the last decade. | 36% of listings here fail to sell — pricing right the first time matters more than in most areas."
Coral Ridge Galt,$629/sqft normalized · 35% above the citywide average,"A standardized home here normalizes to $629/sqft — 35% above the citywide average (city $465/sqft). | Recent closed sales run a median $1,515,000 on about 2,342 sqft ($701/sqft actual). | Geography: predominantly barrier island / beach. | Waterfront homes sell around $927/sqft vs $628/sqft dry — about +48% for the water here. | New construction sells around $974/sqft vs $664 for existing here — a +47% new-build premium. | On a typical 10,003.0 sqft lot the land alone is worth ~$53/sqft (~$532,160). | Homes typically close about 6% under asking, after roughly 133 days on market. | Prices here have compounded about 8%/yr over the last decade. | 48% of listings here fail to sell — pricing right the first time matters more than in most areas."
Victoria Park,$605/sqft normalized · 30% above the citywide average,"A standardized home here normalizes to $605/sqft — 30% above the citywide average (city $465/sqft). | Recent closed sales run a median $1,317,500 on about 2,446 sqft ($590/sqft actual). | Geography: predominantly mainland inland. | By property type: houses $669/sqft, condos $225/sqft, townhomes $471/sqft. | New construction sells around $695/sqft vs $523 for existing here — a +33% new-build premium. | On a typical 6,500.0 sqft lot the land alone is worth ~$96/sqft (~$625,950). | Homes typically close about 4% under asking, after roughly 114 days on market. | Prices here have compounded about 9%/yr over the last decade. | 50% of listings here fail to sell — pricing right the first time matters more than in most areas."
Edgewater Estates,$549/sqft normalized · 18% above the citywide average,"A standardized home here normalizes to $549/sqft — 18% above the citywide average (city $465/sqft). | Recent closed sales run a median $1,232,500 on about 1,736 sqft ($719/sqft actual). | Geography: predominantly intracoastal / canal waterfront. | Waterfront homes sell around $719/sqft here (86% of sales are waterfront). | Citywide, new construction carries roughly +15% per foot over comparable existing homes. | On a typical 7,704.0 sqft lot the land alone is worth ~$56/sqft (~$430,654). | Homes typically close about 4% under asking. | 33% of listings here fail to sell — pricing right the first time matters more than in most areas."
Wilton Manors,$544/sqft normalized · 17% above the citywide average,"A standardized home here normalizes to $544/sqft — 17% above the citywide average (city $465/sqft). | Recent closed sales run a median $915,000 on about 1,600 sqft ($597/sqft actual). | Geography: predominantly mainland inland. | New construction sells around $828/sqft vs $551 for existing here — a +50% new-build premium. | On a typical 9,346.0 sqft lot the land alone is worth ~$43/sqft (~$400,009). | Homes typically close about 4% under asking. | 54% of listings here fail to sell — pricing right the first time matters more than in most areas."
Lake Ridge,$536/sqft normalized · 15% above the citywide average,"A standardized home here normalizes to $536/sqft — 15% above the citywide average (city $465/sqft). | Recent closed sales run a median $865,000 on about 1,767 sqft ($528/sqft actual). | Geography: predominantly mainland inland. | By property type: houses $524/sqft, townhomes $531/sqft. | New construction sells around $540/sqft vs $488 for existing here — a +10% new-build premium. | On a typical 6,753.0 sqft lot the land alone is worth ~$39/sqft (~$264,718). | Homes typically close about 4% under asking, after roughly 117 days on market. | Prices here have compounded about 11%/yr over the last decade. | 63% of listings here fail to sell — pricing right the first time matters more than in most areas."
South New River Isles,$536/sqft normalized · 15% above the citywide average,"A standardized home here normalizes to $536/sqft — 15% above the citywide average (city $465/sqft). | Recent closed sales run a median $1,029,375 on about 1,637 sqft ($715/sqft actual). | Geography: predominantly finger-isle waterfront. | Waterfront homes sell around $715/sqft here (100% of sales are waterfront). | Citywide, new construction carries roughly +15% per foot over comparable existing homes. | On a typical 6,890.0 sqft lot the land alone is worth ~$52/sqft (~$361,725). | Homes typically close about 5% under asking. | 56% of listings here fail to sell — pricing right the first time matters more than in most areas."
Sunset Manors,$533/sqft normalized · 14% above the citywide average,"A standardized home here normalizes to $533/sqft — 14% above the citywide average (city $465/sqft). | Recent closed sales run a median $895,000 on about 1,871 sqft ($514/sqft actual). | Geography: predominantly mainland inland. | Citywide, new construction carries roughly +15% per foot over comparable existing homes. | On a typical 10,701.0 sqft lot the land alone is worth ~$29/sqft (~$314,609). | Homes typically close about 6% under asking. | 43% of listings here fail to sell — pricing right the first time matters more than in most areas."
Tropical Manors,$531/sqft normalized · 14% above the citywide average,"A standardized home here normalizes to $531/sqft — 14% above the citywide average (city $465/sqft). | Recent closed sales run a median $875,000 on about 1,598 sqft ($588/sqft actual). | Geography: predominantly mainland inland. | 18% of sales are waterfront; waterfront is worth about +32% per foot citywide, all else equal. | Citywide, new construction carries roughly +15% per foot over comparable existing homes. | On a typical 7,002.0 sqft lot the land alone is worth ~$44/sqft (~$307,388). | Homes typically close about 3% under asking. | 53% of listings here fail to sell — pricing right the first time matters more than in most areas."
Middle River Estates,$529/sqft normalized · 14% above the citywide average,"A standardized home here normalizes to $529/sqft — 14% above the citywide average (city $465/sqft). | Recent closed sales run a median $820,000 on about 1,535 sqft ($551/sqft actual). | Geography: predominantly mainland inland. | Waterfront homes sell around $619/sqft vs $528/sqft dry — about +17% for the water here. | Citywide, new construction carries roughly +15% per foot over comparable existing homes. | On a typical 8,400.0 sqft lot the land alone is worth ~$35/sqft (~$290,640). | Homes typically close about 3% under asking. | 46% of listings here fail to sell — pricing right the first time matters more than in most areas."
Riverside,$520/sqft normalized · 12% above the citywide average,"A standardized home here normalizes to $520/sqft — 12% above the citywide average (city $465/sqft). | Recent closed sales run a median $569,950 on about 1,255 sqft ($515/sqft actual). | Geography: predominantly mainland inland. | Citywide, new construction carries roughly +15% per foot over comparable existing homes. | On a typical 7,337.0 sqft lot the land alone is worth ~$31/sqft (~$225,246). | Homes typically close about 3% under asking. | 60% of listings here fail to sell — pricing right the first time matters more than in most areas."
Coral Gardens,$510/sqft normalized · 10% above the citywide average,"A standardized home here normalizes to $510/sqft — 10% above the citywide average (city $465/sqft). | Recent closed sales run a median $850,000 on about 1,732 sqft ($506/sqft actual). | Geography: predominantly mainland inland. | Waterfront homes sell around $626/sqft vs $502/sqft dry — about +24% for the water here. | Citywide, new construction carries roughly +15% per foot over comparable existing homes. | On a typical 7,000.0 sqft lot the land alone is worth ~$44/sqft (~$307,300). | Homes typically close about 5% under asking. | 40% of listings here fail to sell — pricing right the first time matters more than in most areas."
Lauderdale,$502/sqft normalized · 8% above the citywide average,"A standardized home here normalizes to $502/sqft — 8% above the citywide average (city $465/sqft). | Recent closed sales run a median $590,000 on about 1,265 sqft ($463/sqft actual). | Geography: predominantly mainland inland. | By property type: houses $476/sqft, townhomes $413/sqft. | New construction sells around $509/sqft vs $451 for existing here — a +13% new-build premium. | On a typical 6,750.0 sqft lot the land alone is worth ~$29/sqft (~$193,050). | Homes typically close about 4% under asking. | 48% of listings here fail to sell — pricing right the first time matters more than in most areas."
Poinsettia Heights,$496/sqft normalized · 7% above the citywide average,"A standardized home here normalizes to $496/sqft — 7% above the citywide average (city $465/sqft). | Recent closed sales run a median $847,500 on about 1,709 sqft ($524/sqft actual). | Geography: predominantly mainland inland. | Waterfront homes sell around $632/sqft vs $513/sqft dry — about +23% for the water here. | New construction sells around $703/sqft vs $484 for existing here — a +45% new-build premium. | On a typical 7,841.0 sqft lot the land alone is worth ~$38/sqft (~$297,174). | Homes typically close about 4% under asking, after roughly 101 days on market. | Prices here have compounded about 9%/yr over the last decade. | 47% of listings here fail to sell — pricing right the first time matters more than in most areas."
Highland Estates,$486/sqft normalized · 4% above the citywide average,"A standardized home here normalizes to $486/sqft — 4% above the citywide average (city $465/sqft). | Recent closed sales run a median $578,750 on about 1,253 sqft ($481/sqft actual). | Geography: predominantly mainland inland. | Citywide, new construction carries roughly +15% per foot over comparable existing homes. | On a typical 6,379.0 sqft lot the land alone is worth ~$32/sqft (~$205,404). | Homes typically close about 4% under asking. | 20% of listings here fail to sell — pricing right the first time matters more than in most areas."
Coral Shores,$485/sqft normalized · 4% above the citywide average,"A standardized home here normalizes to $485/sqft — 4% above the citywide average (city $465/sqft). | Recent closed sales run a median $910,000 on about 1,860 sqft ($501/sqft actual). | Geography: predominantly mainland inland. | Waterfront homes sell around $744/sqft vs $495/sqft dry — about +50% for the water here. | Citywide, new construction carries roughly +15% per foot over comparable existing homes. | On a typical 7,702.0 sqft lot the land alone is worth ~$42/sqft (~$319,633). | Homes typically close about 2% under asking, after roughly 109 days on market. | Prices here have compounded about 6%/yr over the last decade. | 36% of listings here fail to sell — pricing right the first time matters more than in most areas."
Coral Estates,$479/sqft normalized · 3% above the citywide average,"A standardized home here normalizes to $479/sqft — 3% above the citywide average (city $465/sqft). | Recent closed sales run a median $727,450 on about 1,768 sqft ($487/sqft actual). | Geography: predominantly mainland inland. | Citywide, new construction carries roughly +15% per foot over comparable existing homes. | On a typical 7,645.0 sqft lot the land alone is worth ~$33/sqft (~$255,343). | Homes typically close about 4% under asking. | 37% of listings here fail to sell — pricing right the first time matters more than in most areas."
Lauderdale Park,$476/sqft normalized · 2% above the citywide average,"A standardized home here normalizes to $476/sqft — 2% above the citywide average (city $465/sqft). | Recent closed sales run a median $630,000 on about 1,490 sqft ($459/sqft actual). | Geography: predominantly mainland inland. | Citywide, new construction carries roughly +15% per foot over comparable existing homes. | On a typical 6,000.0 sqft lot the land alone is worth ~$37/sqft (~$221,400). | Homes typically close about 3% under asking, after roughly 105 days on market. | Prices here have compounded about 11%/yr over the last decade. | 61% of listings here fail to sell — pricing right the first time matters more than in most areas."
Hillbrook,$469/sqft normalized · 1% above the citywide average,"A standardized home here normalizes to $469/sqft — 1% above the citywide average (city $465/sqft). | Recent closed sales run a median $882,500 on about 1,826 sqft ($452/sqft actual). | Geography: predominantly mainland inland. | Citywide, new construction carries roughly +15% per foot over comparable existing homes. | On a typical 10,721.0 sqft lot the land alone is worth ~$29/sqft (~$309,837). | Homes typically close about 2% under asking. | 48% of listings here fail to sell — pricing right the first time matters more than in most areas."
Venetian Condominium,$468/sqft normalized · 0% above the citywide average,"A standardized home here normalizes to $468/sqft — 0% above the citywide average (city $465/sqft). | Recent closed sales run a median $787,500 on about 1,425 sqft ($560/sqft actual). | Geography: predominantly barrier island / beach. | Waterfront homes sell around $553/sqft here (93% of sales are waterfront). | Citywide, new construction carries roughly +15% per foot over comparable existing homes. | Homes typically close about 6% under asking. | 50% of listings here fail to sell — pricing right the first time matters more than in most areas."
Shady Banks,$467/sqft normalized · 0% above the citywide average,"A standardized home here normalizes to $467/sqft — 0% above the citywide average (city $465/sqft). | Recent closed sales run a median $639,250 on about 1,451 sqft ($427/sqft actual). | Geography: predominantly mainland inland. | Waterfront homes sell around $640/sqft vs $419/sqft dry — about +53% for the water here. | Citywide, new construction carries roughly +15% per foot over comparable existing homes. | On a typical 7,475.0 sqft lot the land alone is worth ~$30/sqft (~$226,492). | Homes typically close about 5% under asking, after roughly 105 days on market. | Prices here have compounded about 11%/yr over the last decade. | 56% of listings here fail to sell — pricing right the first time matters more than in most areas."
Croissant Park,$465/sqft normalized · 0% above the citywide average,"A standardized home here normalizes to $465/sqft — 0% above the citywide average (city $465/sqft). | Recent closed sales run a median $584,500 on about 1,262 sqft ($484/sqft actual). | Geography: predominantly mainland inland. | By property type: houses $492/sqft, townhomes $393/sqft. | Waterfront homes sell around $545/sqft vs $468/sqft dry — about +17% for the water here. | New construction sells around $586/sqft vs $479 for existing here — a +22% new-build premium. | On a typical 6,588.0 sqft lot the land alone is worth ~$30/sqft (~$195,664). | Homes typically close about 4% under asking, after roughly 101 days on market. | Prices here have compounded about 10%/yr over the last decade. | 56% of listings here fail to sell — pricing right the first time matters more than in most areas."
Middle River Manor,$453/sqft normalized · 3% below the citywide average,"A standardized home here normalizes to $453/sqft — 3% below the citywide average (city $465/sqft). | Recent closed sales run a median $1,137,500 on about 1,885 sqft ($619/sqft actual). | Geography: predominantly intracoastal / canal waterfront. | Waterfront homes sell around $629/sqft here (89% of sales are waterfront). | Citywide, new construction carries roughly +15% per foot over comparable existing homes. | On a typical 7,000.0 sqft lot the land alone is worth ~$57/sqft (~$399,700). | Homes typically close about 4% under asking. | 58% of listings here fail to sell — pricing right the first time matters more than in most areas."
Middle River Terrace,$447/sqft normalized · 4% below the citywide average,"A standardized home here normalizes to $447/sqft — 4% below the citywide average (city $465/sqft). | Recent closed sales run a median $600,000 on about 1,535 sqft ($414/sqft actual). | Geography: predominantly mainland inland. | 20% of sales are waterfront; waterfront is worth about +32% per foot citywide, all else equal. | Citywide, new construction carries roughly +15% per foot over comparable existing homes. | On a typical 6,420.0 sqft lot the land alone is worth ~$33/sqft (~$211,218). | Homes typically close about 6% under asking, after roughly 89 days on market. | Prices here have compounded about 10%/yr over the last decade. | 57% of listings here fail to sell — pricing right the first time matters more than in most areas."
Point Americas,$447/sqft normalized · 4% below the citywide average,"A standardized home here normalizes to $447/sqft — 4% below the citywide average (city $465/sqft). | Recent closed sales run a median $882,859 on about 1,727 sqft ($541/sqft actual). | Geography: predominantly barrier island / beach. | Waterfront homes sell around $541/sqft here (96% of sales are waterfront). | Citywide, new construction carries roughly +15% per foot over comparable existing homes. | Homes typically close about 8% under asking. | 58% of listings here fail to sell — pricing right the first time matters more than in most areas."
Progresso,$446/sqft normalized · 4% below the citywide average,"A standardized home here normalizes to $446/sqft — 4% below the citywide average (city $465/sqft). | Recent closed sales run a median $545,000 on about 1,330 sqft ($409/sqft actual). | Geography: predominantly mainland inland. | By property type: houses $420/sqft, townhomes $388/sqft. | New construction sells around $593/sqft vs $405 for existing here — a +46% new-build premium. | On a typical 6,752.0 sqft lot the land alone is worth ~$27/sqft (~$182,979). | Homes typically close about 3% under asking. | 54% of listings here fail to sell — pricing right the first time matters more than in most areas."
Coral Point,$444/sqft normalized · 5% below the citywide average,"A standardized home here normalizes to $444/sqft — 5% below the citywide average (city $465/sqft). | Recent closed sales run a median $985,000 on about 1,941 sqft ($574/sqft actual). | Geography: predominantly intracoastal / canal waterfront. | Waterfront homes sell around $574/sqft here (80% of sales are waterfront). | Citywide, new construction carries roughly +15% per foot over comparable existing homes. | On a typical 7,002.0 sqft lot the land alone is worth ~$49/sqft (~$345,899). | Homes typically close about 6% under asking. | 60% of listings here fail to sell — pricing right the first time matters more than in most areas."
Gill Isles,$443/sqft normalized · 5% below the citywide average,"A standardized home here normalizes to $443/sqft — 5% below the citywide average (city $465/sqft). | Recent closed sales run a median $845,500 on about 1,581 sqft ($538/sqft actual). | Geography: predominantly finger-isle waterfront. | Waterfront homes sell around $541/sqft here (79% of sales are waterfront). | Citywide, new construction carries roughly +15% per foot over comparable existing homes. | On a typical 7,680.0 sqft lot the land alone is worth ~$38/sqft (~$294,144). | Homes typically close about 8% under asking. | 62% of listings here fail to sell — pricing right the first time matters more than in most areas."
Las Olas,$418/sqft normalized · 10% below the citywide average,"A standardized home here normalizes to $418/sqft — 10% below the citywide average (city $465/sqft). | Recent closed sales run a median $1,185,000 on about 1,867 sqft ($627/sqft actual). | Geography: predominantly intracoastal / canal waterfront. | By property type: houses $902/sqft, condos $608/sqft, townhomes $584/sqft. | Waterfront homes sell around $708/sqft vs $468/sqft dry — about +51% for the water here. | New construction sells around $817/sqft vs $585 for existing here — a +40% new-build premium. | On a typical 6,334.0 sqft lot the land alone is worth ~$125/sqft (~$791,117). | Homes typically close about 6% under asking. | 61% of listings here fail to sell — pricing right the first time matters more than in most areas."
Watergarden,$414/sqft normalized · 11% below the citywide average,"A standardized home here normalizes to $414/sqft — 11% below the citywide average (city $465/sqft). | Recent closed sales run a median $710,000 on about 1,178 sqft ($572/sqft actual). | Geography: predominantly intracoastal / canal waterfront. | Waterfront homes sell around $590/sqft vs $527/sqft dry — about +12% for the water here. | Citywide, new construction carries roughly +15% per foot over comparable existing homes. | Homes typically close about 5% under asking. | 46% of listings here fail to sell — pricing right the first time matters more than in most areas."
River Oaks,$393/sqft normalized · 16% below the citywide average,"A standardized home here normalizes to $393/sqft — 16% below the citywide average (city $465/sqft). | Recent closed sales run a median $822,000 on about 2,274 sqft ($413/sqft actual). | Geography: predominantly mainland inland. | Citywide, new construction carries roughly +15% per foot over comparable existing homes. | On a typical 6,250.0 sqft lot the land alone is worth ~$46/sqft (~$288,750). | Homes typically close about 6% under asking, after roughly 83 days on market. | Prices here have compounded about 8%/yr over the last decade. | 32% of listings here fail to sell — pricing right the first time matters more than in most areas."
Jenada Villas,$385/sqft normalized · 17% below the citywide average,"A standardized home here normalizes to $385/sqft — 17% below the citywide average (city $465/sqft). | Recent closed sales run a median $589,500 on about 1,519 sqft ($378/sqft actual). | Geography: predominantly mainland inland. | Waterfront homes sell around $369/sqft vs $389/sqft dry — about +-5% for the water here. | Citywide, new construction carries roughly +15% per foot over comparable existing homes. | On a typical 7,026.0 sqft lot the land alone is worth ~$29/sqft (~$203,754). | Homes typically close about 3% under asking. | 57% of listings here fail to sell — pricing right the first time matters more than in most areas."
Essex Tower,$369/sqft normalized · 21% below the citywide average,"A standardized home here normalizes to $369/sqft — 21% below the citywide average (city $465/sqft). | Recent closed sales run a median $415,000 on about 1,218 sqft ($386/sqft actual). | Geography: predominantly mainland inland. | Citywide, new construction carries roughly +15% per foot over comparable existing homes. | Homes typically close about 6% under asking. | 43% of listings here fail to sell — pricing right the first time matters more than in most areas."
Vantage View,$362/sqft normalized · 22% below the citywide average,"A standardized home here normalizes to $362/sqft — 22% below the citywide average (city $465/sqft). | Recent closed sales run a median $476,500 on about 1,100 sqft ($431/sqft actual). | Geography: predominantly barrier island / beach. | Waterfront homes sell around $424/sqft vs $431/sqft dry — about +-2% for the water here. | Citywide, new construction carries roughly +15% per foot over comparable existing homes. | Homes typically close about 4% under asking. | 74% of listings here fail to sell — pricing right the first time matters more than in most areas."
Lauderdale Manors,$356/sqft normalized · 24% below the citywide average,"A standardized home here normalizes to $356/sqft — 24% below the citywide average (city $465/sqft). | Recent closed sales run a median $369,950 on about 1,110 sqft ($335/sqft actual). | Geography: predominantly mainland inland. | Citywide, new construction carries roughly +15% per foot over comparable existing homes. | On a typical 7,697.0 sqft lot the land alone is worth ~$17/sqft (~$130,079). | Homes typically close about 0% under asking, after roughly 73 days on market. | Prices here have compounded about 14%/yr over the last decade. | 41% of listings here fail to sell — pricing right the first time matters more than in most areas."
Symphony,$340/sqft normalized · 27% below the citywide average,"A standardized home here normalizes to $340/sqft — 27% below the citywide average (city $465/sqft). | Recent closed sales run a median $642,500 on about 1,221 sqft ($508/sqft actual). | Geography: predominantly intracoastal / canal waterfront. | Waterfront homes sell around $509/sqft here (94% of sales are waterfront). | Citywide, new construction carries roughly +15% per foot over comparable existing homes. | Homes typically close about 3% under asking. | 41% of listings here fail to sell — pricing right the first time matters more than in most areas."
Marina Landings,$338/sqft normalized · 27% below the citywide average,"A standardized home here normalizes to $338/sqft — 27% below the citywide average (city $465/sqft). | Recent closed sales run a median $1,205,000 on about 2,751 sqft ($438/sqft actual). | Geography: predominantly mainland inland. | Citywide, new construction carries roughly +15% per foot over comparable existing homes. | On a typical 4,050.0 sqft lot the land alone is worth ~$105/sqft (~$423,630). | Homes typically close about 0% under asking. | 29% of listings here fail to sell — pricing right the first time matters more than in most areas."
Waverly Las Olas,$336/sqft normalized · 28% below the citywide average,"A standardized home here normalizes to $336/sqft — 28% below the citywide average (city $465/sqft). | Recent closed sales run a median $485,000 on about 1,225 sqft ($384/sqft actual). | Geography: predominantly mainland inland. | Citywide, new construction carries roughly +15% per foot over comparable existing homes. | Homes typically close about 4% under asking. | 55% of listings here fail to sell — pricing right the first time matters more than in most areas."
Lauderdale Villas,$316/sqft normalized · 32% below the citywide average,"A standardized home here normalizes to $316/sqft — 32% below the citywide average (city $465/sqft). | Recent closed sales run a median $442,500 on about 1,474 sqft ($306/sqft actual). | Geography: predominantly mainland inland. | Citywide, new construction carries roughly +15% per foot over comparable existing homes. | On a typical 9,460.0 sqft lot the land alone is worth ~$16/sqft (~$155,144). | Homes typically close about 0% under asking. | 62% of listings here fail to sell — pricing right the first time matters more than in most areas."
Tarpon River,$314/sqft normalized · 32% below the citywide average,"A standardized home here normalizes to $314/sqft — 32% below the citywide average (city $465/sqft). | Recent closed sales run a median $820,000 on about 2,062 sqft ($424/sqft actual). | Geography: predominantly mainland inland. | By property type: houses $522/sqft, townhomes $388/sqft. | New construction sells around $444/sqft vs $399 for existing here — a +11% new-build premium. | On a typical 6,500.0 sqft lot the land alone is worth ~$34/sqft (~$219,700). | Homes typically close about 4% under asking, after roughly 111 days on market. | Prices here have compounded about 8%/yr over the last decade. | 47% of listings here fail to sell — pricing right the first time matters more than in most areas."
Lauderdale Tower,$314/sqft normalized · 32% below the citywide average,"A standardized home here normalizes to $314/sqft — 32% below the citywide average (city $465/sqft). | Recent closed sales run a median $282,000 on about 730 sqft ($397/sqft actual). | Geography: predominantly intracoastal / canal waterfront. | Waterfront homes sell around $397/sqft here (75% of sales are waterfront). | Citywide, new construction carries roughly +15% per foot over comparable existing homes. | Homes typically close about 6% under asking. | 56% of listings here fail to sell — pricing right the first time matters more than in most areas."
Nuriver Landing,$301/sqft normalized · 35% below the citywide average,"A standardized home here normalizes to $301/sqft — 35% below the citywide average (city $465/sqft). | Recent closed sales run a median $512,500 on about 1,246 sqft ($432/sqft actual). | Geography: predominantly intracoastal / canal waterfront. | Waterfront homes sell around $432/sqft vs $427/sqft dry — about +1% for the water here. | Citywide, new construction carries roughly +15% per foot over comparable existing homes. | Homes typically close about 3% under asking. | 48% of listings here fail to sell — pricing right the first time matters more than in most areas."
Marine Tower,$298/sqft normalized · 36% below the citywide average,"A standardized home here normalizes to $298/sqft — 36% below the citywide average (city $465/sqft). | Recent closed sales run a median $552,500 on about 1,595 sqft ($386/sqft actual). | Geography: predominantly intracoastal / canal waterfront. | Waterfront homes sell around $398/sqft here (92% of sales are waterfront). | Citywide, new construction carries roughly +15% per foot over comparable existing homes. | Homes typically close about 7% under asking. | 54% of listings here fail to sell — pricing right the first time matters more than in most areas."
Berkley South,$297/sqft normalized · 36% below the citywide average,"A standardized home here normalizes to $297/sqft — 36% below the citywide average (city $465/sqft). | Recent closed sales run a median $295,000 on about 1,144 sqft ($300/sqft actual). | Geography: predominantly barrier island / beach. | Citywide, new construction carries roughly +15% per foot over comparable existing homes. | Homes typically close about 5% under asking. | 46% of listings here fail to sell — pricing right the first time matters more than in most areas."
Village East,$297/sqft normalized · 36% below the citywide average,"A standardized home here normalizes to $297/sqft — 36% below the citywide average (city $465/sqft). | Recent closed sales run a median $338,750 on about 1,054 sqft ($349/sqft actual). | Geography: predominantly mainland inland. | By property type: condos $337/sqft, townhomes $359/sqft. | Citywide, new construction carries roughly +15% per foot over comparable existing homes. | Homes typically close about 5% under asking. | 59% of listings here fail to sell — pricing right the first time matters more than in most areas."
White Egret,$292/sqft normalized · 37% below the citywide average,"A standardized home here normalizes to $292/sqft — 37% below the citywide average (city $465/sqft). | Recent closed sales run a median $367,500 on about 1,103 sqft ($321/sqft actual). | Geography: predominantly barrier island / beach. | 21% of sales are waterfront; waterfront is worth about +32% per foot citywide, all else equal. | Citywide, new construction carries roughly +15% per foot over comparable existing homes. | Homes typically close about 4% under asking. | 52% of listings here fail to sell — pricing right the first time matters more than in most areas."
Sole Fort Lauderdale,$291/sqft normalized · 37% below the citywide average,"A standardized home here normalizes to $291/sqft — 37% below the citywide average (city $465/sqft). | Recent closed sales run a median $295,000 on about 958 sqft ($315/sqft actual). | Geography: predominantly downtown high-rise. | Citywide, new construction carries roughly +15% per foot over comparable existing homes. | Homes typically close about 3% under asking. | 50% of listings here fail to sell — pricing right the first time matters more than in most areas."
Wilton Station,$270/sqft normalized · 42% below the citywide average,"A standardized home here normalizes to $270/sqft — 42% below the citywide average (city $465/sqft). | Recent closed sales run a median $490,000 on about 1,650 sqft ($325/sqft actual). | Geography: predominantly mainland inland. | By property type: condos $338/sqft, townhomes $288/sqft. | Waterfront homes sell around $326/sqft vs $325/sqft dry — about +0% for the water here. | Citywide, new construction carries roughly +15% per foot over comparable existing homes. | Homes typically close about 4% under asking. | 42% of listings here fail to sell — pricing right the first time matters more than in most areas."
Manor Grove Village Two,$270/sqft normalized · 42% below the citywide average,"A standardized home here normalizes to $270/sqft — 42% below the citywide average (city $465/sqft). | Recent closed sales run a median $237,500 on about 750 sqft ($301/sqft actual). | Geography: predominantly mainland inland. | Citywide, new construction carries roughly +15% per foot over comparable existing homes. | Homes typically close about 2% under asking. | 56% of listings here fail to sell — pricing right the first time matters more than in most areas."
Manor Grove Village Four,$262/sqft normalized · 44% below the citywide average,"A standardized home here normalizes to $262/sqft — 44% below the citywide average (city $465/sqft). | Recent closed sales run a median $290,000 on about 1,180 sqft ($264/sqft actual). | Geography: predominantly mainland inland. | Citywide, new construction carries roughly +15% per foot over comparable existing homes. | Homes typically close about 4% under asking. | 35% of listings here fail to sell — pricing right the first time matters more than in most areas."
Sunrise Tower,$239/sqft normalized · 49% below the citywide average,"A standardized home here normalizes to $239/sqft — 49% below the citywide average (city $465/sqft). | Recent closed sales run a median $275,000 on about 955 sqft ($288/sqft actual). | Geography: predominantly intracoastal / canal waterfront. | Waterfront homes sell around $293/sqft here (87% of sales are waterfront). | Citywide, new construction carries roughly +15% per foot over comparable existing homes. | Homes typically close about 8% under asking. | 25% of listings here fail to sell — pricing right the first time matters more than in most areas."
Marina Oaks,$239/sqft normalized · 49% below the citywide average,"A standardized home here normalizes to $239/sqft — 49% below the citywide average (city $465/sqft). | Recent closed sales run a median $198,400 on about 770 sqft ($260/sqft actual). | Geography: predominantly mainland inland. | Citywide, new construction carries roughly +15% per foot over comparable existing homes. | Homes typically close about 3% under asking. | 39% of listings here fail to sell — pricing right the first time matters more than in most areas."
Villa Medici,$229/sqft normalized · 51% below the citywide average,"A standardized home here normalizes to $229/sqft — 51% below the citywide average (city $465/sqft). | Recent closed sales run a median $535,000 on about 2,100 sqft ($254/sqft actual). | Geography: predominantly mainland inland. | Citywide, new construction carries roughly +15% per foot over comparable existing homes. | Homes typically close about 2% under asking. | 60% of listings here fail to sell — pricing right the first time matters more than in most areas."
Village Sailboat Bend,$229/sqft normalized · 51% below the citywide average,"A standardized home here normalizes to $229/sqft — 51% below the citywide average (city $465/sqft). | Recent closed sales run a median $265,000 on about 856 sqft ($273/sqft actual). | Geography: predominantly mainland inland. | By property type: condos $312/sqft, townhomes $229/sqft. | Citywide, new construction carries roughly +15% per foot over comparable existing homes. | Homes typically close about 4% under asking. | 30% of listings here fail to sell — pricing right the first time matters more than in most areas."
Club Resort Residence,$224/sqft normalized · 52% below the citywide average,"A standardized home here normalizes to $224/sqft — 52% below the citywide average (city $465/sqft). | Recent closed sales run a median $233,750 on about 594 sqft ($341/sqft actual). | Geography: predominantly barrier island / beach. | Waterfront homes sell around $342/sqft here (95% of sales are waterfront). | Citywide, new construction carries roughly +15% per foot over comparable existing homes. | Homes typically close about 6% under asking. | 70% of listings here fail to sell — pricing right the first time matters more than in most areas."
River Manor,$223/sqft normalized · 52% below the citywide average,"A standardized home here normalizes to $223/sqft — 52% below the citywide average (city $465/sqft). | Recent closed sales run a median $245,000 on about 1,000 sqft ($279/sqft actual). | Geography: predominantly mainland inland. | Waterfront homes sell around $283/sqft vs $275/sqft dry — about +3% for the water here. | Citywide, new construction carries roughly +15% per foot over comparable existing homes. | Homes typically close about 3% under asking. | 37% of listings here fail to sell — pricing right the first time matters more than in most areas."
River Shores,$218/sqft normalized · 53% below the citywide average,"A standardized home here normalizes to $218/sqft — 53% below the citywide average (city $465/sqft). | Recent closed sales run a median $195,000 on about 600 sqft ($300/sqft actual). | Geography: predominantly intracoastal / canal waterfront. | Waterfront homes sell around $304/sqft here (80% of sales are waterfront). | Citywide, new construction carries roughly +15% per foot over comparable existing homes. | Homes typically close about 5% under asking. | 70% of listings here fail to sell — pricing right the first time matters more than in most areas."
River Reach,$214/sqft normalized · 54% below the citywide average,"A standardized home here normalizes to $214/sqft — 54% below the citywide average (city $465/sqft). | Recent closed sales run a median $309,250 on about 1,110 sqft ($266/sqft actual). | Geography: predominantly intracoastal / canal waterfront. | Waterfront homes sell around $267/sqft vs $261/sqft dry — about +2% for the water here. | Citywide, new construction carries roughly +15% per foot over comparable existing homes. | Homes typically close about 6% under asking. | 56% of listings here fail to sell — pricing right the first time matters more than in most areas."
Drake Tower,$210/sqft normalized · 55% below the citywide average,"A standardized home here normalizes to $210/sqft — 55% below the citywide average (city $465/sqft). | Recent closed sales run a median $197,000 on about 790 sqft ($254/sqft actual). | Geography: predominantly intracoastal / canal waterfront. | Waterfront homes sell around $276/sqft vs $242/sqft dry — about +14% for the water here. | Citywide, new construction carries roughly +15% per foot over comparable existing homes. | Homes typically close about 5% under asking. | 50% of listings here fail to sell — pricing right the first time matters more than in most areas."
Gallery One,$172/sqft normalized · 63% below the citywide average,"A standardized home here normalizes to $172/sqft — 63% below the citywide average (city $465/sqft). | Recent closed sales run a median $139,900 on about 554 sqft ($241/sqft actual). | Geography: predominantly intracoastal / canal waterfront. | Waterfront homes sell around $249/sqft here (97% of sales are waterfront). | Citywide, new construction carries roughly +15% per foot over comparable existing homes. | Homes typically close about 5% under asking. | 75% of listings here fail to sell — pricing right the first time matters more than in most areas."
East Point Towers,$159/sqft normalized · 66% below the citywide average,"A standardized home here normalizes to $159/sqft — 66% below the citywide average (city $465/sqft). | Recent closed sales run a median $260,000 on about 1,344 sqft ($214/sqft actual). | Geography: predominantly intracoastal / canal waterfront. | Waterfront homes sell around $215/sqft here (96% of sales are waterfront). | Citywide, new construction carries roughly +15% per foot over comparable existing homes. | Homes typically close about 7% under asking. | 64% of listings here fail to sell — pricing right the first time matters more than in most areas."
