band,address,street,neighborhood,geo_type,ptype,sqft,waterfront,list_price,ask_ppsf,supported_ppsf,supported_value,under_pct,opportunity,street_comps,confidence,reasons
$5M–$10M,1500 SE 14th Street,SE 14th St,Lauderdale Harbors,Intracoastal / canal waterfront,Single Family,5424,True,6999999,1291.0,1792.0,9720000,38.8,2717000,8,High,"Asking $1,291/sqft — 39% under supported $1,792/sqft (8 sales on SE 14th St). | Newer construction (built 2025) priced near existing-home levels ($855/sqft)."
$5M–$10M,91 Fiesta Way,Fiesta Way,Nurmi Isles,Finger-isle waterfront,Single Family,6184,True,7450000,1205.0,1535.0,9492000,27.4,2041000,9,High,"Asking $1,205/sqft — 27% under supported $1,535/sqft (9 sales on Fiesta Way). | Newer construction (built 2023) priced near existing-home levels ($988/sqft)."
$5M–$10M,2601 Delmar Pl,Delmar Pl,Gould Isles,Intracoastal / canal waterfront,Single Family,6019,True,6250000,1038.0,1328.0,7993000,27.9,1746000,4,Medium,"Asking $1,038/sqft — 28% under supported $1,328/sqft (4 sales on Delmar Pl). | In Gould Isles's $5M–$10M band, homes sell around $1,268/sqft."
$5M–$10M,310 SE 11th Ave,SE 11th Ave,Himmarshee Park,Intracoastal / canal waterfront,Single Family,6058,True,5890000,972.0,1259.0,7627000,29.5,1739000,8,High,"Asking $972/sqft — 30% under supported $1,259/sqft (8 sales on SE 11th Ave)."
$5M–$10M,441 Royal Plaza Drive,Royal Plz Dr,Stilwell Isles,Finger-isle waterfront,Single Family,6162,True,6475000,1051.0,1303.0,8029000,24.0,1553000,6,High,"Asking $1,051/sqft — 24% under supported $1,303/sqft (6 sales on Royal Plz Dr). | In Stilwell Isles's $5M–$10M band, homes sell around $1,182/sqft."
$5M–$10M,424 Coconut Isle Drive,Coconut Isle Dr,Venice,Finger-isle waterfront,Single Family,5301,True,6495000,1225.0,1507.0,7989000,23.0,1495000,7,High,"Asking $1,225/sqft — 23% under supported $1,507/sqft (7 sales on Coconut Isle Dr)."
$5M–$10M,400 Coral Way,Coral Way,Coral Isles,Finger-isle waterfront,Single Family,6349,True,9399000,1480.0,1707.0,10838000,15.3,1441000,10,High,"Asking $1,480/sqft — 15% under supported $1,707/sqft (10 sales on Coral Way). | Newer construction (built 2021) priced near existing-home levels ($1,275/sqft)."
$3M–$5M,3325 NE 18th,NE 18th,Las Olas,Mainland inland,Single Family,5000,False,4800000,960.0,1222.0,6110000,27.3,1310000,0,Neighborhood,"Asking $960/sqft — 27% under supported $1,222/sqft (163 sales in Las Olas)."
$5M–$10M,609 Poinciana Drive,Poinciana Dr,Idlewyld,Finger-isle waterfront,Single Family,4539,True,5395000,1189.0,1476.0,6700000,24.1,1303000,0,Neighborhood,"Asking $1,189/sqft — 24% under supported $1,476/sqft (16 sales in Idlewyld). | Waterfront, yet priced below the area's waterfront median ($1,623/sqft). | Newer construction (built 2022) priced near existing-home levels ($756/sqft)."
$5M–$10M,709 Isle Of Palms Dr,Isle Of Palms Dr,Stilwell Isles,Finger-isle waterfront,Single Family,7130,True,7999999,1122.0,1297.0,9248000,15.6,1248000,4,Medium,"Asking $1,122/sqft — 16% under supported $1,297/sqft (4 sales on Isle Of Palms Dr)."
$10M+,340 San Marco Dr,San Marco Dr,Coral Isles,Finger-isle waterfront,Single Family,6936,True,10999000,1586.0,1765.0,12242000,11.3,1242000,0,Neighborhood,"Asking $1,586/sqft — 11% under supported $1,765/sqft (15 sales in Coral Isles). | Newer construction (built 2026) priced near existing-home levels ($1,275/sqft)."
$3M–$5M,549 NE 10th Avenue,NE 10th Ave,Holmberg Mc Kees,Mainland inland,Single Family,3880,False,3100000,799.0,1104.0,4284000,38.2,1183000,21,High,"Asking $799/sqft — 38% under supported $1,104/sqft (21 sales on NE 10th Ave)."
$3M–$5M,1958 Harbourview Drive,Harbourview Dr,Harbour Heights,Mainland inland,Single Family,4565,False,3250000,712.0,953.0,4350000,33.8,1100000,4,Medium,"Asking $712/sqft — 34% under supported $953/sqft (4 sales on Harbourview Dr). | In Harbour Heights's $3M–$5M band, homes sell around $1,100/sqft."
$3M–$5M,720 SE 7th St,SE 7th St,Rio Vista,Mainland inland,Single Family,4150,False,3400000,819.0,1064.0,4416000,29.9,1017000,23,High,"Asking $819/sqft — 30% under supported $1,064/sqft (23 sales on SE 7th St). | In Rio Vista's $3M–$5M band, homes sell around $924/sqft."
$10M+,2508 Delmar Place,Delmar Pl,Gould Isles,Intracoastal / canal waterfront,Single Family,6590,True,10495000,1593.0,1742.0,11480000,9.4,982000,4,Medium,"Asking $1,593/sqft — 9% under supported $1,742/sqft (4 sales on Delmar Pl)."
$3M–$5M,445 NE 11th Avenue,NE 11th Ave,Halls,Mainland inland,Single Family,3407,False,3295000,967.0,1234.0,4204000,27.6,910000,18,High,"Asking $967/sqft — 28% under supported $1,234/sqft (18 sales on NE 11th Ave). | Newer construction (built 2025) priced near existing-home levels ($776/sqft)."
$2M–$3M,1115 SW 5th Pl,SW 5th Pl,Riverside Amen,Intracoastal / canal waterfront,Single Family,4751,True,2895000,609.0,797.0,3787000,30.9,893000,4,Medium,Asking $609/sqft — 31% under supported $797/sqft (4 sales on SW 5th Pl).
$2M–$3M,1940 Harbourview Drive,Harbourview Dr,Harbor Beach,Barrier island / beach,Single Family,4203,False,2679000,637.0,845.0,3552000,32.7,874000,4,Medium,"Asking $637/sqft — 33% under supported $845/sqft (4 sales on Harbourview Dr). | In Harbor Beach's $2M–$3M band, homes sell around $955/sqft."
$3M–$5M,3017 N Atlantic Boulevard,N Atlantic Blvd,Lauderdale Beach,Barrier island / beach,Single Family,4620,False,4900000,1061.0,1249.0,5770000,17.7,869000,0,Neighborhood,"Asking $1,061/sqft — 18% under supported $1,249/sqft (12 sales in Lauderdale Beach)."
$2M–$3M,1009 B NE 3rd Street,B NE 3rd St,Victoria Park,Mainland inland,Single Family,3276,False,2200000,672.0,924.0,3027000,37.5,826000,0,Neighborhood,Asking $672/sqft — 38% under supported $924/sqft (146 sales in Victoria Park). | Newer construction (built 2026) priced near existing-home levels ($523/sqft).
$3M–$5M,607 NE 17th Avenue,NE 17th Ave,Victoria Park,Mainland inland,Single Family,4694,False,3400000,724.0,899.0,4220000,24.2,821000,36,High,Asking $724/sqft — 24% under supported $899/sqft (36 sales on NE 17th Ave).
$5M–$10M,7 Pelican Drive,Pelican Dr,Pelican Isles,Finger-isle waterfront,Single Family,6301,True,6900000,1095.0,1224.0,7712000,11.8,813000,5,High,"Asking $1,095/sqft — 12% under supported $1,224/sqft (5 sales on Pelican Dr)."
$5M–$10M,704 Isle Of Palms Drive,Isle Of Palms Dr,Stilwell Isles Pa,Finger-isle waterfront,Single Family,6110,True,6495000,1063.0,1194.0,7295000,12.3,800000,4,Medium,"Asking $1,063/sqft — 12% under supported $1,194/sqft (4 sales on Isle Of Palms Dr)."
$5M–$10M,540 Lido Dr,Lido Dr,Coral Isles,Finger-isle waterfront,Single Family,5973,True,6895000,1154.0,1280.0,7645000,10.9,753000,0,Neighborhood,"Asking $1,154/sqft — 11% under supported $1,280/sqft (15 sales in Coral Isles). | In Coral Isles's $5M–$10M band, homes sell around $1,423/sqft."
$3M–$5M,1407 SE 9 Street,SE 9 St,Rio Vista,Mainland inland,Single Family,3622,False,3395000,937.0,1145.0,4147000,22.2,753000,0,Neighborhood,"Asking $937/sqft — 22% under supported $1,145/sqft (91 sales in Rio Vista)."
$3M–$5M,1625 SE 1st Street,SE 1st St,Colee Hammock,Mainland inland,Single Family,4594,False,4499000,979.0,1142.0,5246000,16.6,749000,10,High,"Asking $979/sqft — 17% under supported $1,142/sqft (10 sales on SE 1st St)."
$3M–$5M,2611 Clematis Place,Clematis Pl,Idlewyld,Mainland inland,Single Family,4594,False,4700000,1023.0,1180.0,5421000,15.3,721000,0,Neighborhood,"Asking $1,023/sqft — 15% under supported $1,180/sqft (16 sales in Idlewyld). | Newer construction (built 2025) priced near existing-home levels ($756/sqft)."
$3M–$5M,433 NE 11th Ave,NE 11th Ave,Victoria Park,Mainland inland,Single Family,4361,False,3450000,791.0,954.0,4160000,20.6,711000,18,High,Asking $791/sqft — 21% under supported $954/sqft (18 sales on NE 11th Ave).
$2M–$3M,2301 N Atlantic Boulevard,N Atlantic Blvd,Lauderdale Beach,Barrier island / beach,Single Family,3400,False,2695000,793.0,1002.0,3407000,26.4,711000,0,Neighborhood,"Asking $793/sqft — 26% under supported $1,002/sqft (12 sales in Lauderdale Beach). | In Lauderdale Beach's $2M–$3M band, homes sell around $1,040/sqft."
$2M–$3M,1343 Ponce De Leon Drive,Ponce De Leon Dr,Rio Vista,Finger-isle waterfront,Single Family,3083,True,2295000,744.0,962.0,2966000,29.3,672000,13,High,"Asking $744/sqft — 29% under supported $962/sqft (13 sales on Ponce De Leon Dr). | Waterfront, yet priced below the area's waterfront median ($1,124/sqft)."
$1M–$2M,904 NE 17th Ter,NE 17th Ter,Progresso,Mainland inland,Single Family,2623,False,1700000,648.0,904.0,2371000,39.5,671000,26,High,Asking $648/sqft — 40% under supported $904/sqft (26 sales on NE 17th Ter).
$3M–$5M,1201 Mandarin Isle,Mandarin Isle,South New River Isles,Finger-isle waterfront,Single Family,3795,True,3350000,883.0,1055.0,4004000,19.5,653000,5,High,"Asking $883/sqft — 19% under supported $1,055/sqft (5 sales on Mandarin Isle). | Newer construction (built 2024) priced near existing-home levels ($711/sqft)."
$5M–$10M,2856 NE 25th Street,NE 25th St,Coral Ridge,Intracoastal / canal waterfront,Single Family,4795,True,5495000,1146.0,1272.0,6099000,11.0,604000,8,High,"Asking $1,146/sqft — 11% under supported $1,272/sqft (8 sales on NE 25th St)."
$2M–$3M,2015 NE 4th Ave,NE 4th Ave,Wilton Manors First,Mainland inland,Single Family,3755,False,2275000,606.0,759.0,2850000,25.2,575000,5,High,Asking $606/sqft — 25% under supported $759/sqft (5 sales on NE 4th Ave).
$2M–$3M,2800 E Sunrise Blvd Unit#PHG,E Sunrise Blvd,Sunrise East,Barrier island / beach,Condo,4600,True,2295000,499.0,623.0,2866000,24.8,570000,49,Condo — verify,"Asking $499/sqft — 25% under supported $623/sqft (49 sales on E Sunrise Blvd). | Condo — confirm floor, view and condition; unit-level features aren't in the model."
$3M–$5M,1117 SE 9th St,SE 9th St,Rio Vista,Mainland inland,Single Family,4487,False,3750000,836.0,958.0,4299000,14.6,547000,9,High,"Asking $836/sqft — 15% under supported $958/sqft (9 sales on SE 9th St). | In Rio Vista's $3M–$5M band, homes sell around $924/sqft."
$3M–$5M,2625 NE 29th Court,NE 29th Ct,Coral Ridge Galt,Barrier island / beach,Single Family,4752,False,4650000,979.0,1093.0,5194000,11.6,542000,8,High,"Asking $979/sqft — 12% under supported $1,093/sqft (8 sales on NE 29th Ct)."
$2M–$3M,2200 S Ocean Ln Unit#1501-1503,S Ocean Ln,Point Americas,Barrier island / beach,Condo,4902,True,2795000,570.0,679.0,3328000,19.1,534000,66,Condo — verify,"Asking $570/sqft — 19% under supported $679/sqft (66 sales on S Ocean Ln). | Condo — confirm floor, view and condition; unit-level features aren't in the model."
$1M–$2M,1133 NE 18th Court,NE 18th Ct,Lauderdale Park,Intracoastal / canal waterfront,Single Family,2576,True,1825000,708.0,914.0,2354000,29.1,531000,9,High,Asking $708/sqft — 29% under supported $914/sqft (9 sales on NE 18th Ct). | Newer construction (built 2025) priced near existing-home levels ($490/sqft).
$3M–$5M,719 N Victoria Park Road,N Victoria Park Rd,Victoria Highlands Pla,Mainland inland,Single Family,4051,False,3199000,790.0,921.0,3731000,16.6,531000,30,High,Asking $790/sqft — 17% under supported $921/sqft (30 sales on N Victoria Park Rd).
$3M–$5M,1609 SE 4th Street,SE 4th St,Colee Hammock,Mainland inland,Single Family,4594,False,4749000,1034.0,1141.0,5242000,10.3,492000,14,High,"Asking $1,034/sqft — 10% under supported $1,141/sqft (14 sales on SE 4th St)."
$2M–$3M,1308 Avocado Isle,Avocado Isle,South New River Isles,Finger-isle waterfront,Single Family,3000,True,2999900,1000.0,1159.0,3477000,15.9,477000,5,High,"Asking $1,000/sqft — 16% under supported $1,159/sqft (5 sales on Avocado Isle). | Newer construction (built 2026) priced near existing-home levels ($711/sqft)."
$1M–$2M,2056 NE 21st Court,NE 21st Ct,South Coral Point,Intracoastal / canal waterfront,Single Family,2851,True,1595000,559.0,720.0,2053000,28.8,459000,11,High,Asking $559/sqft — 29% under supported $720/sqft (11 sales on NE 21st Ct).
$2M–$3M,3325 NE 14th Court,NE 14th Ct,Las Olas,Mainland inland,Single Family,3616,False,2600000,719.0,845.0,3056000,17.5,456000,5,High,"Asking $719/sqft — 18% under supported $845/sqft (5 sales on NE 14th Ct). | In Las Olas's $2M–$3M band, homes sell around $828/sqft."
$3M–$5M,1629 NE 6th Street,NE 6th St,Victoria Park,Mainland inland,Single Family,4363,False,3850000,882.0,985.0,4298000,11.7,449000,10,High,Asking $882/sqft — 12% under supported $985/sqft (10 sales on NE 6th St).
$3M–$5M,701 N Fort Lauderdale Beach Blvd Unit#501,N Fort Lauderdale Beach Blvd,Paramount Ft Lauderdale Paramount Fort Lauderdale,Barrier island / beach,Condo,3214,True,4375000,1361.0,1497.0,4811000,10.0,437000,78,Condo — verify,"Asking $1,361/sqft — 10% under supported $1,497/sqft (78 sales on N Fort Lauderdale Beach Blvd). | Condo — confirm floor, view and condition; unit-level features aren't in the model."
$1M–$2M,2100 N Ocean Blvd Unit#12D,N Ocean Blvd,Palms Tower One,Barrier island / beach,Condo,2172,True,1690000,778.0,968.0,2102000,24.4,413000,147,Condo — verify,"Asking $778/sqft — 24% under supported $968/sqft (147 sales on N Ocean Blvd). | Condo — confirm floor, view and condition; unit-level features aren't in the model."
$2M–$3M,1809 Coral Gardens Dr,Coral Gardens Dr,Middle River Estates,Intracoastal / canal waterfront,Single Family,3669,True,2000000,545.0,656.0,2407000,20.4,407000,10,High,"Asking $545/sqft — 20% under supported $656/sqft (10 sales on Coral Gardens Dr). | Waterfront, yet priced below the area's waterfront median ($619/sqft)."
$2M–$3M,59 Hendricks Isle,Hendricks Isle,Laguna Del Sol,Finger-isle waterfront,Townhouse,3678,True,2490000,677.0,787.0,2895000,16.2,405000,32,High,Asking $677/sqft — 16% under supported $787/sqft (32 sales on Hendricks Isle).
$3M–$5M,607 Intracoastal Drive,Intracoastal Dr,Sunrise Intracoastal,Mainland inland,Single Family,3920,False,3500000,893.0,995.0,3900000,11.4,400000,39,High,Asking $893/sqft — 11% under supported $995/sqft (39 sales on Intracoastal Dr).
$2M–$3M,2110 N Ocean Blvd Unit#21B,N Ocean Blvd,Palms,Barrier island / beach,Condo,2623,True,2095000,799.0,948.0,2487000,18.6,391000,147,Condo — verify,"Asking $799/sqft — 19% under supported $948/sqft (147 sales on N Ocean Blvd). | Condo — confirm floor, view and condition; unit-level features aren't in the model."
$2M–$3M,69 Isle Of Venice Drive,Isle Of Venice Dr,Seaside Villas,Intracoastal / canal waterfront,Townhouse,3928,True,2499000,636.0,734.0,2883000,15.4,385000,35,High,Asking $636/sqft — 15% under supported $734/sqft (35 sales on Isle Of Venice Dr).
$1M–$2M,805 SE 10th Street,SE 10th St,Rio Vista,Mainland inland,Single Family,2408,False,1500000,623.0,778.0,1873000,24.9,373000,7,High,"Asking $623/sqft — 25% under supported $778/sqft (7 sales on SE 10th St). | ~9,375 sqft lot — land alone is worth ~$1,118,438 of the $1,500,000 ask. | In Rio Vista's $1M–$2M band, homes sell around $720/sqft."
$1M–$2M,301 Hendricks Isle Unit#10,Hendricks Isle,Place Des Arts,Intracoastal / canal waterfront,Condo,4134,True,1999000,484.0,572.0,2365000,18.2,364000,32,Condo — verify,"Asking $484/sqft — 18% under supported $572/sqft (32 sales on Hendricks Isle). | Condo — confirm floor, view and condition; unit-level features aren't in the model."
$1M–$2M,2200 S OCEAN LN Unit#1501-2,S Ocean Ln,Point Americas,Barrier island / beach,Condo,3644,True,1995000,547.0,645.0,2350000,17.9,357000,66,Condo — verify,"Asking $547/sqft — 18% under supported $645/sqft (66 sales on S Ocean Ln). | In Point Americas's $1M–$2M band, homes sell around $662/sqft. | Condo — confirm floor, view and condition; unit-level features aren't in the model."
$1M–$2M,705 SW 8th Terrace,SW 8th Ter,Tarpon River,Mainland inland,Single Family,2458,False,1699000,691.0,831.0,2043000,20.3,344000,7,High,Asking $691/sqft — 20% under supported $831/sqft (7 sales on SW 8th Ter).
$3M–$5M,1125 SE 9th Street,SE 9th St,Rio Vista,Mainland inland,Single Family,3985,False,3995000,1003.0,1089.0,4340000,8.6,343000,9,High,"Asking $1,003/sqft — 9% under supported $1,089/sqft (9 sales on SE 9th St)."
$2M–$3M,201 NE 27th Dr,NE 27th Dr,Sunset Manors Amen,Mainland inland,Single Family,3000,False,2850000,950.0,1059.0,3177000,11.5,327000,12,High,"Asking $950/sqft — 11% under supported $1,059/sqft (12 sales on NE 27th Dr)."
$3M–$5M,804 N Rio Vista Boulevard,N Rio Vista Blvd,Rio Vista,Mainland inland,Single Family,3939,False,3195000,811.0,891.0,3510000,9.9,315000,0,Neighborhood,"Asking $811/sqft — 10% under supported $891/sqft (91 sales in Rio Vista). | In Rio Vista's $3M–$5M band, homes sell around $924/sqft."
$3M–$5M,918 SE 8th Street,SE 8th St,Rio Vista,Mainland inland,Single Family,3921,False,3449000,880.0,959.0,3760000,9.0,310000,0,Neighborhood,Asking $880/sqft — 9% under supported $959/sqft (91 sales in Rio Vista).
<$1M,1515 SW 13th Court,SW 13th Ct,Shady Banks,Mainland inland,Single Family,2764,False,899000,325.0,436.0,1205000,34.2,307000,6,High,Asking $325/sqft — 34% under supported $436/sqft (6 sales on SW 13th Ct).
<$1M,1317 SE 2nd Avenue,SE 2nd Ave,Croissant Park,Mainland inland,Single Family,2416,False,820000,339.0,460.0,1111000,35.7,292000,0,Neighborhood,Asking $339/sqft — 36% under supported $460/sqft (34 sales in Croissant Park).
$1M–$2M,1817 SE 25 Avenue,SE 25 Ave,Harbour Heights,Mainland inland,Single Family,2529,False,1275000,504.0,619.0,1565000,22.8,291000,0,Neighborhood,"Asking $504/sqft — 23% under supported $619/sqft (14 sales in Harbour Heights). | ~10,625 sqft lot — land alone is worth ~$722,500 of the $1,275,000 ask. | In Harbour Heights's $1M–$2M band, homes sell around $699/sqft."
$3M–$5M,3304 NE 14th Court,NE 14th Ct,Las Olas,Mainland inland,Single Family,3556,False,3575000,1005.0,1086.0,3862000,8.1,288000,5,High,"Asking $1,005/sqft — 8% under supported $1,086/sqft (5 sales on NE 14th Ct)."
$1M–$2M,3030 N Ocean Boulevard Unit#S101,N Ocean Blvd,Thirty North Ocean Cond,Barrier island / beach,Condo,2373,False,1995000,841.0,957.0,2271000,13.8,275000,147,Condo — verify,"Asking $841/sqft — 14% under supported $957/sqft (147 sales on N Ocean Blvd). | Condo — confirm floor, view and condition; unit-level features aren't in the model."
$3M–$5M,3209 NE 26th Street,NE 26th St,Dolphin Isles,Mainland inland,Single Family,3418,False,3000000,878.0,953.0,3257000,8.5,256000,18,High,Asking $878/sqft — 9% under supported $953/sqft (18 sales on NE 26th St).
$1M–$2M,919 NE 17th Terrace Unit#A,NE 17th Ter,Victoria Park,Mainland inland,Townhouse,2445,False,1595000,652.0,755.0,1846000,15.8,252000,26,High,Asking $652/sqft — 16% under supported $755/sqft (26 sales on NE 17th Ter). | Newer construction (built 2025) priced near existing-home levels ($523/sqft).
$2M–$3M,821 SE 2nd Ct,SE 2nd Ct,Colee Hammock,Mainland inland,Single Family,3937,False,2999000,762.0,826.0,3252000,8.4,252000,8,High,Asking $762/sqft — 8% under supported $826/sqft (8 sales on SE 2nd Ct).
$1M–$2M,76 Isle Of Venice Drive Unit#G,Isle Of Venice Dr,Isles Venice Co Op,Finger-isle waterfront,Condo,3020,True,1395000,462.0,545.0,1646000,18.0,251000,35,Condo — verify,"Asking $462/sqft — 18% under supported $545/sqft (35 sales on Isle Of Venice Dr). | Condo — confirm floor, view and condition; unit-level features aren't in the model."
<$1M,2700 NE 8th Avenue,NE 8th Ave,Highland Estates,Mainland inland,Townhouse,2785,False,849900,305.0,395.0,1100000,29.5,251000,44,High,Asking $305/sqft — 30% under supported $395/sqft (44 sales on NE 8th Ave).
$1M–$2M,101 S Fort Lauderdale Beach Boulevard Unit#702,S Fort Lauderdale Beach Blvd,Las Olas,Barrier island / beach,Condo,2380,True,1499000,630.0,735.0,1749000,16.7,250000,20,Condo — verify,"Asking $630/sqft — 17% under supported $735/sqft (20 sales on S Fort Lauderdale Beach Blvd). | Waterfront, yet priced below the area's waterfront median ($708/sqft). | Condo — confirm floor, view and condition; unit-level features aren't in the model."
<$1M,2100 S Ocean Ln Unit#805,S Ocean Ln,Point Americas,Barrier island / beach,Condo,1880,True,995000,529.0,659.0,1239000,24.6,244000,66,Condo — verify,"Asking $529/sqft — 25% under supported $659/sqft (66 sales on S Ocean Ln). | Condo — confirm floor, view and condition; unit-level features aren't in the model."
<$1M,1028 NW 8th Ave,NW 8th Ave,Progresso,Mainland inland,Single Family,1362,False,679900,499.0,670.0,913000,34.3,233000,8,High,Asking $499/sqft — 34% under supported $670/sqft (8 sales on NW 8th Ave). | Newer construction (built 2026) priced near existing-home levels ($405/sqft).
$1M–$2M,551 N Fort Lauderdale Beach Blvd Unit#R204,N Fort Lauderdale Beach Blvd,Flb Condominium Resid Ocean Resort Residences,Barrier island / beach,Condo,1061,True,1395000,1315.0,1533.0,1627000,16.6,231000,78,Condo — verify,"Asking $1,315/sqft — 17% under supported $1,533/sqft (78 sales on N Fort Lauderdale Beach Blvd). | Condo — confirm floor, view and condition; unit-level features aren't in the model."
$1M–$2M,710 NE 3rd Ave,NE 3rd Ave,Flagler Heights Bamboo Flats,Mainland inland,Townhouse,2842,False,1095000,385.0,466.0,1324000,21.0,230000,57,High,Asking $385/sqft — 21% under supported $466/sqft (57 sales on NE 3rd Ave).
<$1M,1516 SW 15th Terrace,SW 15th Ter,Shady Banks On New River,Mainland inland,Single Family,2292,False,925000,404.0,504.0,1155000,24.8,229000,4,Medium,Asking $404/sqft — 25% under supported $504/sqft (4 sales on SW 15th Ter).
$1M–$2M,308 SW 14th Ct,SW 14th Ct,Lauderdale,Mainland inland,Single Family,2440,False,1499000,614.0,708.0,1728000,15.3,229000,4,Medium,Asking $614/sqft — 15% under supported $708/sqft (4 sales on SW 14th Ct).
$1M–$2M,615 Bayshore Drive Unit#301,Bayshore Dr,La Cascade,Barrier island / beach,Condo,2274,True,1395000,613.0,712.0,1619000,16.2,225000,83,Condo — verify,"Asking $613/sqft — 16% under supported $712/sqft (83 sales on Bayshore Dr). | Condo — confirm floor, view and condition; unit-level features aren't in the model."
<$1M,2831 N Ocean Blvd Unit#207N,N Ocean Blvd,Sapphire Fort Lauderdale Sapphire,Barrier island / beach,Condo,1468,False,940000,640.0,787.0,1155000,23.0,216000,147,Condo — verify,"Asking $640/sqft — 23% under supported $787/sqft (147 sales on N Ocean Blvd). | Condo — confirm floor, view and condition; unit-level features aren't in the model."
$1M–$2M,3057 NE 16th Avenue,NE 16th Ave,Coral Brook,Intracoastal / canal waterfront,Single Family,1810,True,1275000,704.0,823.0,1490000,16.9,215000,73,High,Asking $704/sqft — 17% under supported $823/sqft (73 sales on NE 16th Ave).
$1M–$2M,907 NE 16th Avenue,NE 16th Ave,Victoria Park,Mainland inland,Townhouse,2483,False,1350000,544.0,630.0,1564000,15.8,214000,73,High,Asking $544/sqft — 16% under supported $630/sqft (73 sales on NE 16th Ave). | Newer construction (built 2023) priced near existing-home levels ($523/sqft).
$1M–$2M,2757 NE 14th Avenue,NE 14th Ave,Middle River Estates,Intracoastal / canal waterfront,Single Family,1824,True,1199000,657.0,774.0,1412000,17.8,213000,73,High,"Asking $657/sqft — 18% under supported $774/sqft (73 sales on NE 14th Ave). | In Middle River Estates's $1M–$2M band, homes sell around $724/sqft."
<$1M,1213 SW 21st Street,SW 21st St,Floral Ridge,Mainland inland,Single Family,1898,False,595000,313.0,424.0,805000,35.5,211000,4,Medium,Asking $313/sqft — 35% under supported $424/sqft (4 sales on SW 21st St).
$1M–$2M,551 N Fort Lauderdale Beach Blvd Unit#R2205,N Fort Lauderdale Beach Blvd,Flb Condominium Resid Elliott,Barrier island / beach,Condo,1113,True,1434900,1289.0,1477.0,1644000,14.6,209000,78,Condo — verify,"Asking $1,289/sqft — 15% under supported $1,477/sqft (78 sales on N Fort Lauderdale Beach Blvd). | Condo — confirm floor, view and condition; unit-level features aren't in the model."
$1M–$2M,1216 SE 1st Street,SE 1st St,Colee Hammock,Mainland inland,Single Family,2176,False,1450000,666.0,759.0,1652000,14.0,202000,10,High,Asking $666/sqft — 14% under supported $759/sqft (10 sales on SE 1st St).
<$1M,347 N New River Drive Unit#301,N New River Dr,Watergarden,Intracoastal / canal waterfront,Condo,1615,True,850000,526.0,651.0,1051000,23.8,202000,31,Condo — verify,"Asking $526/sqft — 24% under supported $651/sqft (31 sales on N New River Dr). | Waterfront, yet priced below the area's waterfront median ($590/sqft). | Condo — confirm floor, view and condition; unit-level features aren't in the model."
<$1M,2725 NE 8 Avenue Unit#113,NE 8 Ave,Highland Estates,Mainland inland,Townhouse,2294,False,600000,262.0,349.0,801000,33.2,200000,0,Neighborhood,Asking $262/sqft — 33% under supported $349/sqft (16 sales in Highland Estates).
<$1M,1617 NE 2nd Court,NE 2nd Ct,Victoria Park,Mainland inland,Townhouse,2652,False,899000,339.0,414.0,1098000,22.1,199000,0,Neighborhood,Asking $339/sqft — 22% under supported $414/sqft (146 sales in Victoria Park).
<$1M,936 Intracoastal Drive Unit#22C,Intracoastal Dr,Corinthian On Intracoa,Intracoastal / canal waterfront,Condo,1500,True,879000,586.0,718.0,1077000,22.5,198000,39,Condo — verify,"Asking $586/sqft — 23% under supported $718/sqft (39 sales on Intracoastal Dr). | Condo — confirm floor, view and condition; unit-level features aren't in the model."
<$1M,804 SW 4th Avenue,SW 4th Ave,Ft Lauderdale Land Dev,Mainland inland,Townhouse,1650,False,515000,312.0,432.0,713000,38.5,198000,20,High,Asking $312/sqft — 38% under supported $432/sqft (20 sales on SW 4th Ave).
<$1M,532 NW 17th Ave,NW 17th Ave,Dorsey Park Second,Mainland inland,Single Family,1410,False,565000,401.0,539.0,760000,34.4,195000,5,High,Asking $401/sqft — 34% under supported $539/sqft (5 sales on NW 17th Ave).
<$1M,538 NW 17th Ave,NW 17th Ave,Dorsey Park Second,Mainland inland,Single Family,1410,False,565000,401.0,539.0,760000,34.4,195000,5,High,Asking $401/sqft — 34% under supported $539/sqft (5 sales on NW 17th Ave).
$2M–$3M,2100 N Ocean Blvd Unit#11B,N Ocean Blvd,Palms Tower One,Barrier island / beach,Condo,2623,True,2285000,871.0,945.0,2479000,8.5,194000,147,Condo — verify,"Asking $871/sqft — 8% under supported $945/sqft (147 sales on N Ocean Blvd). | Condo — confirm floor, view and condition; unit-level features aren't in the model."
$1M–$2M,1413 NE 4th Court,NE 4th Ct,Las Olas,Mainland inland,Single Family,1894,False,1295000,684.0,786.0,1489000,14.9,193000,0,Neighborhood,"Asking $684/sqft — 15% under supported $786/sqft (163 sales in Las Olas). | ~5,966 sqft lot — land alone is worth ~$745,153 of the $1,295,000 ask."
<$1M,933 NW 2nd Ave,NW 2nd Ave,Progresso,Mainland inland,Single Family,1428,False,498000,349.0,482.0,688000,38.1,190000,15,High,Asking $349/sqft — 38% under supported $482/sqft (15 sales on NW 2nd Ave).
<$1M,1645 NE 16th Avenue,NE 16th Ave,Progresso,Mainland inland,Single Family,1742,False,719000,413.0,519.0,904000,25.7,185000,73,High,Asking $413/sqft — 26% under supported $519/sqft (73 sales on NE 16th Ave).
<$1M,3101 Bayshore Drive,Bayshore Dr,Fort Lauderdale Residence,Barrier island / beach,Condo,1176,True,810000,689.0,846.0,995000,22.8,185000,83,Condo — verify,"Asking $689/sqft — 23% under supported $846/sqft (83 sales on Bayshore Dr). | Condo — confirm floor, view and condition; unit-level features aren't in the model."
<$1M,2924 NW 8th Avenue,NW 8th Ave,Jenada Villas,Mainland inland,Single Family,2465,False,695000,282.0,357.0,880000,26.6,185000,8,High,Asking $282/sqft — 27% under supported $357/sqft (8 sales on NW 8th Ave).
<$1M,2821 N Ocean Blvd Unit#508S,N Ocean Blvd,Sapphire Fort Lauderdale,Barrier island / beach,Condo,1500,False,995000,663.0,784.0,1176000,18.3,182000,147,Condo — verify,"Asking $663/sqft — 18% under supported $784/sqft (147 sales on N Ocean Blvd). | Condo — confirm floor, view and condition; unit-level features aren't in the model."
<$1M,1609 NW 7th Ter,NW 7th Ter,Progresso,Mainland inland,Single Family,2034,False,559000,275.0,364.0,740000,32.4,181000,10,High,Asking $275/sqft — 32% under supported $364/sqft (10 sales on NW 7th Ter).
<$1M,936 Intracoastal Dr Unit#15H,Intracoastal Dr,Corinthian On Intraco Corinthian,Intracoastal / canal waterfront,Condo,1620,True,874000,540.0,651.0,1055000,20.6,180000,39,Condo — verify,"Asking $540/sqft — 21% under supported $651/sqft (39 sales on Intracoastal Dr). | Condo — confirm floor, view and condition; unit-level features aren't in the model."
$1M–$2M,2821 N Ocean Boulevard Unit#503s,N Ocean Blvd,Sapphire Fort Lauderdale,Barrier island / beach,Condo,1888,False,1325000,702.0,797.0,1505000,13.5,179000,147,Condo — verify,"Asking $702/sqft — 14% under supported $797/sqft (147 sales on N Ocean Blvd). | Condo — confirm floor, view and condition; unit-level features aren't in the model."
<$1M,2300 NE 16th Avenue,NE 16th Ave,Edgewater Estates,Mainland inland,Single Family,1690,False,979900,580.0,684.0,1156000,17.9,176000,73,High,Asking $580/sqft — 18% under supported $684/sqft (73 sales on NE 16th Ave).
<$1M,936 Intracoastal Drive Unit#12h,Intracoastal Dr,Corinthian On Intracoa,Intracoastal / canal waterfront,Condo,1620,True,875000,540.0,648.0,1050000,20.0,175000,39,Condo — verify,"Asking $540/sqft — 20% under supported $648/sqft (39 sales on Intracoastal Dr). | Condo — confirm floor, view and condition; unit-level features aren't in the model."
<$1M,2100 S Ocean Lane Unit#703,S Ocean Ln,Point Americas,Barrier island / beach,Condo,1500,True,845000,563.0,677.0,1016000,20.2,171000,66,Condo — verify,"Asking $563/sqft — 20% under supported $677/sqft (66 sales on S Ocean Ln). | Condo — confirm floor, view and condition; unit-level features aren't in the model."
<$1M,2936 Coral Shores Dr,Coral Shores Dr,Coral Shores,Mainland inland,Single Family,1481,False,750000,506.0,621.0,920000,22.7,170000,7,High,Asking $506/sqft — 23% under supported $621/sqft (7 sales on Coral Shores Dr).
<$1M,2901 NW 9th Ter,NW 9th Ter,Jenada Villas,Intracoastal / canal waterfront,Single Family,2023,True,790000,391.0,475.0,961000,21.5,170000,8,High,Asking $391/sqft — 21% under supported $475/sqft (8 sales on NW 9th Ter).
<$1M,1420 NW 5th Avenue,NW 5th Ave,Progresso,Mainland inland,Single Family,1615,False,565000,350.0,455.0,735000,30.0,170000,13,High,Asking $350/sqft — 30% under supported $455/sqft (13 sales on NW 5th Ave).
$1M–$2M,3100 NE 21st Street,NE 21st St,Lauderdale Beach Ext,Barrier island / beach,Single Family,1939,False,1300000,670.0,757.0,1468000,13.0,169000,5,High,"Asking $670/sqft — 13% under supported $757/sqft (5 sales on NE 21st St). | In Lauderdale Beach Ext's $1M–$2M band, homes sell around $736/sqft."
<$1M,1836 SW 9th Ave,SW 9th Ave,Port,Mainland inland,Single Family,1581,False,599000,379.0,485.0,767000,28.0,168000,10,High,Asking $379/sqft — 28% under supported $485/sqft (10 sales on SW 9th Ave).
<$1M,2011 N Ocean Boulevard Unit#1406N,N Ocean Blvd,Vue,Barrier island / beach,Condo,1268,False,833900,658.0,790.0,1002000,20.1,167000,147,Condo — verify,"Asking $658/sqft — 20% under supported $790/sqft (147 sales on N Ocean Blvd). | Condo — confirm floor, view and condition; unit-level features aren't in the model."
$1M–$2M,3040 N Ocean Blvd Unit#N101,N Ocean Blvd,Thirty North Ocean Con Thirty Ocean,Barrier island / beach,Condo,2119,False,1900000,897.0,974.0,2064000,8.6,163000,147,Condo — verify,"Asking $897/sqft — 9% under supported $974/sqft (147 sales on N Ocean Blvd). | Condo — confirm floor, view and condition; unit-level features aren't in the model."
<$1M,936 Intracoastal Dr Unit#9H,Intracoastal Dr,Corinthian On Intraco Corinthian,Intracoastal / canal waterfront,Condo,1620,True,895000,552.0,651.0,1055000,17.9,160000,39,Condo — verify,"Asking $552/sqft — 18% under supported $651/sqft (39 sales on Intracoastal Dr). | Condo — confirm floor, view and condition; unit-level features aren't in the model."
$1M–$2M,1245 NE 17TH Way,NE 17th Way,Lake Ridge,Mainland inland,Single Family,2976,False,1299000,436.0,489.0,1455000,12.2,158000,44,High,Asking $436/sqft — 12% under supported $489/sqft (44 sales on NE 17th Way).
<$1M,1514 SW 4th Avenue Unit#1514,SW 4th Ave,Name,Mainland inland,Townhouse,2220,False,994100,448.0,519.0,1152000,15.8,158000,20,High,Asking $448/sqft — 16% under supported $519/sqft (20 sales on SW 4th Ave).
<$1M,2012 SW 4th Avenue,SW 4th Ave,Lauderdale,Mainland inland,Single Family,1782,False,839000,471.0,559.0,996000,18.7,157000,20,High,Asking $471/sqft — 19% under supported $559/sqft (20 sales on SW 4th Ave).
<$1M,1500 SW 20th Street,SW 20th St,River Oaks,Mainland inland,Single Family,2464,False,840000,341.0,403.0,993000,18.2,153000,8,High,Asking $341/sqft — 18% under supported $403/sqft (8 sales on SW 20th St).
<$1M,1901 N Ocean Boulevard Unit#9e,N Ocean Blvd,Shore Club,Barrier island / beach,Condo,1500,False,899000,599.0,700.0,1050000,16.9,152000,147,Condo — verify,"Asking $599/sqft — 17% under supported $700/sqft (147 sales on N Ocean Blvd). | Condo — confirm floor, view and condition; unit-level features aren't in the model."
$1M–$2M,424 Hendricks Isle Unit#6,Hendricks Isle,Boathouse,Intracoastal / canal waterfront,Townhouse,2260,True,1295000,573.0,640.0,1446000,11.7,151000,32,High,Asking $573/sqft — 12% under supported $640/sqft (32 sales on Hendricks Isle).
$1M–$2M,906 NE 17TH TER,NE 17th Ter,Victoria Park,Mainland inland,Townhouse,2623,False,1650000,629.0,684.0,1794000,8.7,144000,26,High,Asking $629/sqft — 9% under supported $684/sqft (26 sales on NE 17th Ter). | Newer construction (built 2026) priced near existing-home levels ($523/sqft).
$1M–$2M,1800 S Ocean Drive Unit#109,S Ocean Dr,Townhouses Harbor Beach,Barrier island / beach,Townhouse,1904,True,1299000,682.0,757.0,1441000,11.0,143000,49,High,Asking $682/sqft — 11% under supported $757/sqft (49 sales on S Ocean Dr).
<$1M,551 N Fort Lauderdale Beach Blvd Unit#H1715,N Fort Lauderdale Beach Blvd,Flb Condominium Hotel Elliott,Barrier island / beach,Condo,451,True,599000,1328.0,1646.0,742000,23.9,143000,78,Condo — verify,"Asking $1,328/sqft — 24% under supported $1,646/sqft (78 sales on N Fort Lauderdale Beach Blvd). | Condo — confirm floor, view and condition; unit-level features aren't in the model."
<$1M,341 City View Dr,City View Dr,City View City View Townhomes,Downtown high-rise,Townhouse,1452,False,479999,331.0,429.0,623000,29.6,142000,11,High,Asking $331/sqft — 30% under supported $429/sqft (11 sales on City View Dr).
<$1M,1406 NE 15th Street,NE 15th St,Verena Park,Mainland inland,Single Family,2273,False,699000,308.0,370.0,841000,20.1,141000,17,High,Asking $308/sqft — 20% under supported $370/sqft (17 sales on NE 15th St).
<$1M,100 S Birch Road Unit#1102C,S Birch Rd,Jackson Tower,Barrier island / beach,Condo,1990,True,975000,490.0,561.0,1116000,14.5,141000,25,Condo — verify,"Asking $490/sqft — 14% under supported $561/sqft (25 sales on S Birch Rd). | Condo — confirm floor, view and condition; unit-level features aren't in the model."
<$1M,320 SW 21st Street,SW 21st St,Lauderdale,Mainland inland,Single Family,1476,False,575000,390.0,485.0,716000,24.4,140000,4,Medium,Asking $390/sqft — 24% under supported $485/sqft (4 sales on SW 21st St).
<$1M,2021 NW 10th Ave,NW 10th Ave,Hillmont Middle River Vis,Mainland inland,Single Family,1406,False,349500,249.0,348.0,489000,39.8,139000,7,High,Asking $249/sqft — 40% under supported $348/sqft (7 sales on NW 10th Ave).
<$1M,2900 NE 12th Ter Unit#14,NE 12th Ter,Pointe Middle River,Intracoastal / canal waterfront,Townhouse,2152,True,889000,413.0,476.0,1024000,15.3,136000,4,Medium,Asking $413/sqft — 15% under supported $476/sqft (4 sales on NE 12th Ter).
<$1M,511 Bayshore Drive Unit#405,Bayshore Dr,Bayshore Towers,Barrier island / beach,Condo,1330,True,699000,526.0,628.0,835000,19.4,136000,83,Condo — verify,"Asking $526/sqft — 19% under supported $628/sqft (83 sales on Bayshore Dr). | Condo — confirm floor, view and condition; unit-level features aren't in the model."
$1M–$2M,1328 SW 21st Court,SW 21st Ct,River Oaks,Mainland inland,Single Family,3058,False,1340499,438.0,482.0,1474000,10.0,135000,0,Neighborhood,Asking $438/sqft — 10% under supported $482/sqft (19 sales in River Oaks).
<$1M,936 Intracoastal Drive Unit#22F,Intracoastal Dr,Corinthian On Intracoa,Intracoastal / canal waterfront,Condo,1500,True,849000,566.0,655.0,982000,15.7,134000,39,Condo — verify,"Asking $566/sqft — 16% under supported $655/sqft (39 sales on Intracoastal Dr). | Condo — confirm floor, view and condition; unit-level features aren't in the model."
<$1M,1529 NW 1st Ave,NW 1st Ave,Progresso,Mainland inland,Single Family,1300,False,497900,383.0,485.0,630000,26.6,133000,32,High,Asking $383/sqft — 27% under supported $485/sqft (32 sales on NW 1st Ave).
<$1M,630 SE 15th St Unit#5,SE 15th St,Everglades Land Sales Co Harbor Vista,Mainland inland,Townhouse,1826,False,679900,372.0,443.0,809000,19.1,130000,45,High,Asking $372/sqft — 19% under supported $443/sqft (45 sales on SE 15th St).
<$1M,1823 SW 22nd St,SW 22nd St,Osceola Park,Mainland inland,Single Family,1926,False,636000,330.0,397.0,765000,20.3,129000,7,High,Asking $330/sqft — 20% under supported $397/sqft (7 sales on SW 22nd St).
<$1M,2401 NE 17th Terrace,NE 17th Ter,Max Swartz,Mainland inland,Single Family,1320,False,785000,595.0,691.0,912000,16.1,127000,26,High,Asking $595/sqft — 16% under supported $691/sqft (26 sales on NE 17th Ter).
<$1M,700 SE 14th St Unit#G,SE 14th St,Southport Townhomes,Mainland inland,Townhouse,1250,False,398000,318.0,418.0,522000,31.4,125000,8,High,Asking $318/sqft — 31% under supported $418/sqft (8 sales on SE 14th St).
<$1M,817 SW 12th St,SW 12th St,Vinik,Mainland inland,Single Family,1679,False,620000,369.0,442.0,742000,19.8,123000,17,High,Asking $369/sqft — 20% under supported $442/sqft (17 sales on SW 12th St).
$1M–$2M,349 NE 29th Street,NE 29th St,Tropical Manors,Intracoastal / canal waterfront,Single Family,2204,True,1295000,588.0,643.0,1417000,9.4,121000,18,High,Asking $588/sqft — 9% under supported $643/sqft (18 sales on NE 29th St).
$1M–$2M,1004 SE 11th Street,SE 11th St,Rio Vista,Mainland inland,Single Family,1891,False,1330000,703.0,766.0,1449000,9.0,119000,6,High,Asking $703/sqft — 9% under supported $766/sqft (6 sales on SE 11th St).
$1M–$2M,1314 NE 13th Avenue Unit#A-b,NE 13th Ave,Holiday Heights,Mainland inland,Townhouse,2400,False,1299999,542.0,591.0,1418000,9.0,118000,15,High,Asking $542/sqft — 9% under supported $591/sqft (15 sales on NE 13th Ave).
<$1M,3000 Holiday Drive Unit#1103,Holiday Dr,Maya Marca,Barrier island / beach,Condo,1627,True,750000,461.0,531.0,864000,15.2,114000,11,Condo — verify,"Asking $461/sqft — 15% under supported $531/sqft (11 sales on Holiday Dr). | Condo — confirm floor, view and condition; unit-level features aren't in the model."
$1M–$2M,1441 SW 23rd Court,SW 23rd Ct,Marina Landings,Mainland inland,Single Family,2779,False,1185000,426.0,467.0,1298000,9.6,114000,0,Neighborhood,Asking $426/sqft — 10% under supported $467/sqft (25 sales in Marina Landings).
<$1M,820 SW 18th Court,SW 18th Ct,Port,Mainland inland,Single Family,1749,False,685000,392.0,457.0,799000,16.6,114000,11,High,Asking $392/sqft — 17% under supported $457/sqft (11 sales on SW 18th Ct).
<$1M,1308 SW 9th Avenue,SW 9th Ave,Isles View,Mainland inland,Single Family,1632,False,579999,355.0,423.0,690000,19.2,111000,10,High,Asking $355/sqft — 19% under supported $423/sqft (10 sales on SW 9th Ave).
<$1M,2024 NE 26th Drive,NE 26th Dr,Coral Gardens,Mainland inland,Single Family,1310,False,530000,405.0,489.0,641000,20.7,110000,11,High,"Asking $405/sqft — 21% under supported $489/sqft (11 sales on NE 26th Dr). | ~6,994 sqft lot — land alone is worth ~$307,037 of the $530,000 ask."
<$1M,2856 NW 10th Ave,NW 10th Ave,Jenada Isles,Finger-isle waterfront,Single Family,2151,True,899000,418.0,469.0,1009000,12.2,110000,7,High,Asking $418/sqft — 12% under supported $469/sqft (7 sales on NW 10th Ave).
<$1M,1031 NE 13th Ave,NE 13th Ave,Progresso,Mainland inland,Townhouse,2680,False,950000,354.0,395.0,1059000,11.6,110000,15,High,Asking $354/sqft — 12% under supported $395/sqft (15 sales on NE 13th Ave).
<$1M,3101 Bayshore Dr Unit#704,Bayshore Dr,Fort Lauderdale Residence Fort Lauderdale,Barrier island / beach,Condo,1176,True,797000,678.0,771.0,907000,13.7,109000,83,Condo — verify,"Asking $678/sqft — 14% under supported $771/sqft (83 sales on Bayshore Dr). | Condo — confirm floor, view and condition; unit-level features aren't in the model."
$1M–$2M,1717 NE 20th Avenue,NE 20th Ave,Lauder Gate,Intracoastal / canal waterfront,Single Family,1620,True,1000000,617.0,684.0,1108000,10.9,109000,6,High,Asking $617/sqft — 11% under supported $684/sqft (6 sales on NE 20th Ave).
<$1M,1100 NW 7th Ave,NW 7th Ave,Progresso,Mainland inland,Single Family,1258,False,415000,330.0,415.0,522000,25.8,107000,21,High,Asking $330/sqft — 26% under supported $415/sqft (21 sales on NW 7th Ave).
<$1M,1317 SW 4th Street,SW 4th St,Village Sailboat Bend,Mainland inland,Townhouse,1853,False,465000,251.0,309.0,573000,23.1,107000,8,High,Asking $251/sqft — 23% under supported $309/sqft (8 sales on SW 4th St).
<$1M,2417 NW 7th Avenue,NW 7th Ave,Hillbrook,Mainland inland,Single Family,1763,False,649000,368.0,428.0,755000,16.3,106000,21,High,Asking $368/sqft — 16% under supported $428/sqft (21 sales on NW 7th Ave).
<$1M,315 NE 3rd Avenue Unit#1201,NE 3rd Ave,Strada,Downtown high-rise,Condo,1185,False,448000,378.0,467.0,553000,23.5,105000,57,Condo — verify,"Asking $378/sqft — 24% under supported $467/sqft (57 sales on NE 3rd Ave). | Condo — confirm floor, view and condition; unit-level features aren't in the model."
<$1M,2024 NW 10th Ave,NW 10th Ave,Hillmont Middle River Vis,Intracoastal / canal waterfront,Single Family,1608,True,650000,404.0,468.0,753000,15.8,103000,7,High,Asking $404/sqft — 16% under supported $468/sqft (7 sales on NW 10th Ave).
<$1M,1408 NW 9th Ave,NW 9th Ave,Progresso,Mainland inland,Single Family,1331,False,405000,304.0,381.0,507000,25.3,102000,8,High,Asking $304/sqft — 25% under supported $381/sqft (8 sales on NW 9th Ave).
<$1M,1750 S Ocean Lane Unit#219,S Ocean Ln,Lago Mar Place Co Op,Barrier island / beach,Condo,1158,True,625000,540.0,627.0,726000,16.1,101000,66,Condo — verify,"Asking $540/sqft — 16% under supported $627/sqft (66 sales on S Ocean Ln). | Condo — confirm floor, view and condition; unit-level features aren't in the model."
<$1M,315 NE 3rd Avenue Unit#1506,NE 3rd Ave,Strada,Downtown high-rise,Condo,1579,False,610000,386.0,450.0,711000,16.6,101000,57,Condo — verify,"Asking $386/sqft — 17% under supported $450/sqft (57 sales on NE 3rd Ave). | Condo — confirm floor, view and condition; unit-level features aren't in the model."
$1M–$2M,1449 SW 23rd Court,SW 23rd Ct,Marina Landings,Mainland inland,Single Family,2779,False,1199000,431.0,467.0,1298000,8.4,100000,0,Neighborhood,Asking $431/sqft — 8% under supported $467/sqft (25 sales in Marina Landings).
$1M–$2M,1 N Fort Lauderdale Beach Blvd Unit#1605,N Fort Lauderdale Beach Blvd,Castillo Grand Hotel Resi Ritz Carlton,Barrier island / beach,Condo,832,True,1150000,1382.0,1502.0,1250000,8.7,100000,78,Condo — verify,"Asking $1,382/sqft — 9% under supported $1,502/sqft (78 sales on N Fort Lauderdale Beach Blvd). | Condo — confirm floor, view and condition; unit-level features aren't in the model."
<$1M,2100 S Ocean Drive Unit#11-L,S Ocean Dr,Sky Harbour East,Finger-isle waterfront,Condo,900,True,469000,521.0,630.0,567000,20.9,98000,49,Condo — verify,"Asking $521/sqft — 21% under supported $630/sqft (49 sales on S Ocean Dr). | Condo — confirm floor, view and condition; unit-level features aren't in the model."
<$1M,520 SE 5th Avenue Unit#2406,SE 5th Ave,Las Olas,Downtown high-rise,Condo,1136,False,439000,386.0,472.0,536000,22.3,98000,73,Condo — verify,"Asking $386/sqft — 22% under supported $472/sqft (73 sales on SE 5th Ave). | Condo — confirm floor, view and condition; unit-level features aren't in the model."
<$1M,2217 NW 4th Avenue,NW 4th Ave,Hillbrook,Mainland inland,Single Family,1365,False,589000,432.0,503.0,687000,16.4,97000,12,High,Asking $432/sqft — 16% under supported $503/sqft (12 sales on NW 4th Ave).
<$1M,3101 Bayshore Dr Unit#1704,Bayshore Dr,Fort Lauderdale Residence Residences,Barrier island / beach,Condo,1176,True,810000,689.0,771.0,907000,11.9,96000,83,Condo — verify,"Asking $689/sqft — 12% under supported $771/sqft (83 sales on Bayshore Dr). | Condo — confirm floor, view and condition; unit-level features aren't in the model."
<$1M,520 SE 5th Avenue Unit#3209,SE 5th Ave,Las Olas,Downtown high-rise,Condo,1120,False,389000,347.0,432.0,484000,24.5,95000,73,Condo — verify,"Asking $347/sqft — 24% under supported $432/sqft (73 sales on SE 5th Ave). | Condo — confirm floor, view and condition; unit-level features aren't in the model."
<$1M,234 NE 21st Court,NE 21st Ct,Wilton Manors,Mainland inland,Single Family,1970,False,949900,482.0,530.0,1044000,10.0,95000,11,High,Asking $482/sqft — 10% under supported $530/sqft (11 sales on NE 21st Ct).
<$1M,1721 SW 23rd Street Unit#1721,SW 23rd St,Osceola Park,Mainland inland,Townhouse,3089,False,839000,272.0,302.0,933000,11.0,93000,30,High,Asking $272/sqft — 11% under supported $302/sqft (30 sales on SW 23rd St).
<$1M,511 Bayshore Drive Unit#904,Bayshore Dr,Bayshore Towers,Barrier island / beach,Condo,1330,True,743500,559.0,628.0,835000,12.3,92000,83,Condo — verify,"Asking $559/sqft — 12% under supported $628/sqft (83 sales on Bayshore Dr). | Condo — confirm floor, view and condition; unit-level features aren't in the model."
<$1M,347 N New River Drive Unit#1808,N New River Dr,Watergarden,Intracoastal / canal waterfront,Condo,1080,True,649000,601.0,686.0,741000,14.1,92000,31,Condo — verify,"Asking $601/sqft — 14% under supported $686/sqft (31 sales on N New River Dr). | Condo — confirm floor, view and condition; unit-level features aren't in the model."
<$1M,315 NE 3rd Ave Unit#2103,NE 3rd Ave,Strada,Downtown high-rise,Condo,1464,False,575000,393.0,455.0,666000,15.8,91000,57,Condo — verify,"Asking $393/sqft — 16% under supported $455/sqft (57 sales on NE 3rd Ave). | Condo — confirm floor, view and condition; unit-level features aren't in the model."
<$1M,347 N New River Dr E Unit#2206,N New River Dr E,Watergarden,Intracoastal / canal waterfront,Condo,820,True,445000,543.0,653.0,535000,20.3,90000,28,Condo — verify,"Asking $543/sqft — 20% under supported $653/sqft (28 sales on N New River Dr E). | Condo — confirm floor, view and condition; unit-level features aren't in the model."
<$1M,333 Las Olas Way Unit#1208,Las Olas Way,Las Olas,Intracoastal / canal waterfront,Condo,1161,True,699000,602.0,678.0,787000,12.6,88000,31,Condo — verify,"Asking $602/sqft — 13% under supported $678/sqft (31 sales on Las Olas Way). | Waterfront, yet priced below the area's waterfront median ($708/sqft). | Condo — confirm floor, view and condition; unit-level features aren't in the model."
<$1M,2610 NE 11th Court,NE 11th Ct,Coral Ridge,Mainland inland,Townhouse,2048,False,900000,439.0,482.0,987000,9.8,88000,0,Neighborhood,Asking $439/sqft — 10% under supported $482/sqft (73 sales in Coral Ridge).
<$1M,1212 NE 17th Ter,NE 17th Ter,Lake Ridge,Mainland inland,Single Family,1380,False,899000,651.0,713.0,984000,9.5,86000,26,High,Asking $651/sqft — 10% under supported $713/sqft (26 sales on NE 17th Ter).
<$1M,2832 NW 10th Ave,NW 10th Ave,Jenada Isles,Finger-isle waterfront,Single Family,1876,True,949999,506.0,552.0,1036000,9.1,86000,7,High,Asking $506/sqft — 9% under supported $552/sqft (7 sales on NW 10th Ave).
<$1M,1408 SW 4th Ave,SW 4th Ave,South Ft Lauderdale,Mainland inland,Townhouse,2105,False,765000,363.0,404.0,850000,11.3,86000,20,High,Asking $363/sqft — 11% under supported $404/sqft (20 sales on SW 4th Ave).
<$1M,1115 NW 1st Ave,NW 1st Ave,Progresso,Mainland inland,Single Family,1323,False,429000,324.0,388.0,513000,19.8,85000,32,High,Asking $324/sqft — 20% under supported $388/sqft (32 sales on NW 1st Ave).
<$1M,1839 SW 23rd Street,SW 23rd St,Osceola Park,Mainland inland,Single Family,1194,False,437000,366.0,437.0,522000,19.4,85000,30,High,Asking $366/sqft — 19% under supported $437/sqft (30 sales on SW 23rd St).
<$1M,533 NE 3rd Avenue Unit#204,NE 3rd Ave,Sole Fort Lauderdale Co,Downtown high-rise,Condo,1240,False,365999,295.0,363.0,450000,23.1,84000,57,Condo — verify,"Asking $295/sqft — 23% under supported $363/sqft (57 sales on NE 3rd Ave). | Condo — confirm floor, view and condition; unit-level features aren't in the model."
$1M–$2M,511 Bayshore Drive Unit#707,Bayshore Dr,Bayshore Towers,Barrier island / beach,Condo,1705,True,1000000,587.0,636.0,1084000,8.3,84000,83,Condo — verify,"Asking $587/sqft — 8% under supported $636/sqft (83 sales on Bayshore Dr). | Condo — confirm floor, view and condition; unit-level features aren't in the model."
<$1M,100 S Birch Road Unit#1003f,S Birch Rd,Jackson Tower Las Olas Con,Barrier island / beach,Condo,1722,True,890000,517.0,565.0,973000,9.3,83000,25,Condo — verify,"Asking $517/sqft — 9% under supported $565/sqft (25 sales on S Birch Rd). | Condo — confirm floor, view and condition; unit-level features aren't in the model."
<$1M,3101 Bayshore Drive Unit#1508,Bayshore Dr,Fort Lauderdale Residences,Barrier island / beach,Condo,1214,True,849500,700.0,768.0,932000,9.7,83000,83,Condo — verify,"Asking $700/sqft — 10% under supported $768/sqft (83 sales on Bayshore Dr). | Condo — confirm floor, view and condition; unit-level features aren't in the model."
<$1M,1749 NW 18th Street,NW 18th St,Lauderdale Manors,Mainland inland,Single Family,1303,False,380000,292.0,355.0,463000,21.6,82000,11,High,Asking $292/sqft — 22% under supported $355/sqft (11 sales on NW 18th St).
<$1M,1777 NE 4th Avenue Unit#B3,NE 4th Ave,River Landings,Intracoastal / canal waterfront,Condo,1760,True,599900,341.0,387.0,681000,13.5,81000,5,Condo — verify,"Asking $341/sqft — 13% under supported $387/sqft (5 sales on NE 4th Ave). | Condo — confirm floor, view and condition; unit-level features aren't in the model."
<$1M,1124 NE 2nd Avenue Unit#1124,NE 2nd Ave,Silver Engrave,Mainland inland,Townhouse,2249,False,899000,400.0,435.0,978000,8.7,79000,23,High,Asking $400/sqft — 9% under supported $435/sqft (23 sales on NE 2nd Ave).
<$1M,1625 NE 20th Avenue,NE 20th Ave,Lauder Lake,Intracoastal / canal waterfront,Single Family,1362,True,797000,585.0,643.0,876000,9.9,79000,6,High,Asking $585/sqft — 10% under supported $643/sqft (6 sales on NE 20th Ave).
<$1M,1241 NW 6th Ave,NW 6th Ave,Progresso,Mainland inland,Single Family,1015,False,380000,374.0,451.0,458000,20.6,78000,18,High,"Asking $374/sqft — 21% under supported $451/sqft (18 sales on NW 6th Ave). | ~8,445 sqft lot — land alone is worth ~$228,860 of the $380,000 ask."
<$1M,340 Sunset Drive Unit#1506,Sunset Dr,Essex Tower,Intracoastal / canal waterfront,Condo,1218,True,559000,459.0,522.0,636000,13.7,77000,26,Condo — verify,"Asking $459/sqft — 14% under supported $522/sqft (26 sales on Sunset Dr). | Condo — confirm floor, view and condition; unit-level features aren't in the model."
<$1M,1225 NW 10th Place,NW 10th Pl,Lauderdale Manors,Mainland inland,Single Family,984,False,300000,305.0,382.0,376000,25.2,76000,4,Medium,Asking $305/sqft — 25% under supported $382/sqft (4 sales on NW 10th Pl).
<$1M,14 NE 26th Court,NE 26th Ct,Sun Set Manors First,Mainland inland,Single Family,1747,False,859000,492.0,535.0,935000,8.7,75000,4,Medium,Asking $492/sqft — 9% under supported $535/sqft (4 sales on NE 26th Ct).
<$1M,347 N NEW RIVER Drive Unit#406,N New River Dr,Watergarden,Downtown high-rise,Condo,820,False,349000,426.0,515.0,422000,20.9,73000,31,Condo — verify,"Asking $426/sqft — 21% under supported $515/sqft (31 sales on N New River Dr). | Condo — confirm floor, view and condition; unit-level features aren't in the model."
<$1M,1255 SW 15th Avenue,SW 15th Ave,Shady Banks,Mainland inland,Single Family,1392,False,599000,430.0,482.0,671000,12.1,72000,0,Neighborhood,Asking $430/sqft — 12% under supported $482/sqft (18 sales in Shady Banks).
<$1M,533 NE 3rd Ave Unit#503,NE 3rd Ave,Sole Fort Lauderdale,Downtown high-rise,Condo,1240,False,369999,298.0,356.0,441000,19.5,72000,57,Condo — verify,"Asking $298/sqft — 19% under supported $356/sqft (57 sales on NE 3rd Ave). | Condo — confirm floor, view and condition; unit-level features aren't in the model."
<$1M,347 N New River Dr E Unit#2205,N New River Dr E,Watergarden,Intracoastal / canal waterfront,Condo,1080,True,640000,593.0,659.0,712000,11.1,71000,28,Condo — verify,"Asking $593/sqft — 11% under supported $659/sqft (28 sales on N New River Dr E). | Condo — confirm floor, view and condition; unit-level features aren't in the model."
<$1M,200 S Birch Road Unit#701,S Birch Rd,Leisure Beach,Barrier island / beach,Condo,756,True,328000,434.0,528.0,399000,21.7,71000,25,Condo — verify,"Asking $434/sqft — 22% under supported $528/sqft (25 sales on S Birch Rd). | Condo — confirm floor, view and condition; unit-level features aren't in the model."
<$1M,535 Hendricks Isle Apt Unit#306,Hendricks Isle,Burton Point,Intracoastal / canal waterfront,Condo,800,True,375000,469.0,556.0,445000,18.6,70000,32,Condo — verify,"Asking $469/sqft — 19% under supported $556/sqft (32 sales on Hendricks Isle). | Condo — confirm floor, view and condition; unit-level features aren't in the model."
<$1M,1515 E Broward Boulevard Unit#426,E Broward Blvd,Pine Crest Village,Mainland inland,Condo,960,False,325000,339.0,412.0,396000,21.5,70000,11,Condo — verify,"Asking $339/sqft — 22% under supported $412/sqft (11 sales on E Broward Blvd). | Condo — confirm floor, view and condition; unit-level features aren't in the model."
<$1M,633 NW 30th Street,NW 30th St,March Estates,Intracoastal / canal waterfront,Single Family,1531,True,625000,408.0,454.0,695000,11.3,70000,7,High,Asking $408/sqft — 11% under supported $454/sqft (7 sales on NW 30th St).
<$1M,1101 River Reach Drive Unit#308,River Reach Dr,River Reach,Intracoastal / canal waterfront,Condo,1250,True,339900,272.0,328.0,410000,20.6,70000,50,Condo — verify,"Asking $272/sqft — 21% under supported $328/sqft (50 sales on River Reach Dr). | Condo — confirm floor, view and condition; unit-level features aren't in the model."
<$1M,3020 NE 32nd Avenue Unit#623,NE 32nd Ave,Tides Bridgeside Square,Barrier island / beach,Condo,720,False,319999,444.0,540.0,389000,21.6,69000,27,Condo — verify,"Asking $444/sqft — 22% under supported $540/sqft (27 sales on NE 32nd Ave). | Condo — confirm floor, view and condition; unit-level features aren't in the model."
<$1M,1220 W Las Olas Boulevard Unit#1220,W Las Olas Blvd,Waverly Place,Mainland inland,Townhouse,1850,False,519000,281.0,317.0,586000,12.8,67000,40,High,Asking $281/sqft — 13% under supported $317/sqft (40 sales on W Las Olas Blvd).
<$1M,888 Intracoastal Dr Unit#2B,Intracoastal Dr,Sunrise Tower,Intracoastal / canal waterfront,Condo,850,True,339000,399.0,478.0,406000,19.8,67000,39,Condo — verify,"Asking $399/sqft — 20% under supported $478/sqft (39 sales on Intracoastal Dr). | Condo — confirm floor, view and condition; unit-level features aren't in the model."
<$1M,2732 NW 9th Terrace,NW 9th Ter,Jenada Villas,Mainland inland,Single Family,1547,False,515000,333.0,376.0,582000,12.9,67000,8,High,Asking $333/sqft — 13% under supported $376/sqft (8 sales on NW 9th Ter).
<$1M,151 NE 16th Avenue Unit#278,NE 16th Ave,Pine Crest Village Ii,Mainland inland,Condo,1273,False,450000,353.0,405.0,516000,14.7,66000,73,Condo — verify,"Asking $353/sqft — 15% under supported $405/sqft (73 sales on NE 16th Ave). | Condo — confirm floor, view and condition; unit-level features aren't in the model."
<$1M,520 SE 5th Ave Unit#1307,SE 5th Ave,Las Olas,Downtown high-rise,Condo,816,False,285500,350.0,431.0,352000,23.1,66000,73,Condo — verify,"Asking $350/sqft — 23% under supported $431/sqft (73 sales on SE 5th Ave). | Condo — confirm floor, view and condition; unit-level features aren't in the model."
<$1M,1920 S Ocean Drive Unit#503,S Ocean Dr,Atlantic Towers Co Op,Barrier island / beach,Condo,805,False,319000,396.0,477.0,384000,20.5,65000,49,Condo — verify,"Asking $396/sqft — 20% under supported $477/sqft (49 sales on S Ocean Dr). | Condo — confirm floor, view and condition; unit-level features aren't in the model."
<$1M,2500 E Las Olas Blvd Unit#408,E Las Olas Blvd,Marine Tower,Intracoastal / canal waterfront,Condo,1706,True,490000,287.0,325.0,554000,13.2,65000,48,Condo — verify,"Asking $287/sqft — 13% under supported $325/sqft (48 sales on E Las Olas Blvd). | Waterfront, yet priced below the area's waterfront median ($398/sqft). | Condo — confirm floor, view and condition; unit-level features aren't in the model."
<$1M,316 NW 29th St,NW 29th St,Wilton Estates,Mainland inland,Single Family,1644,False,615000,374.0,413.0,679000,10.4,64000,5,High,Asking $374/sqft — 10% under supported $413/sqft (5 sales on NW 29th St).
<$1M,520 SE 5th Ave Unit#3305,SE 5th Ave,Las Olas,Downtown high-rise,Condo,808,False,285000,353.0,431.0,348000,22.1,63000,73,Condo — verify,"Asking $353/sqft — 22% under supported $431/sqft (73 sales on SE 5th Ave). | Condo — confirm floor, view and condition; unit-level features aren't in the model."
<$1M,237 City View Dr Unit#237,City View Dr,City View Townhomes City View,Downtown high-rise,Townhouse,1408,False,575000,408.0,453.0,638000,11.0,63000,11,High,Asking $408/sqft — 11% under supported $453/sqft (11 sales on City View Dr).
<$1M,2555 NE 11th Street Unit#302,NE 11th St,Horizon House,Mainland inland,Condo,970,False,270000,278.0,342.0,332000,23.0,62000,12,Condo — verify,"Asking $278/sqft — 23% under supported $342/sqft (12 sales on NE 11th St). | Condo — confirm floor, view and condition; unit-level features aren't in the model."
<$1M,900 SW 12th St Unit#110,SW 12th St,Rio Nuevo,Intracoastal / canal waterfront,Condo,1000,True,265000,265.0,327.0,327000,23.4,62000,17,Condo — verify,"Asking $265/sqft — 23% under supported $327/sqft (17 sales on SW 12th St). | Condo — confirm floor, view and condition; unit-level features aren't in the model."
<$1M,315 NE 3rd Avenue Unit#1206,NE 3rd Ave,Strada,Downtown high-rise,Condo,1579,False,720000,456.0,495.0,782000,8.6,62000,57,Condo — verify,"Asking $456/sqft — 9% under supported $495/sqft (57 sales on NE 3rd Ave). | Condo — confirm floor, view and condition; unit-level features aren't in the model."
<$1M,520 SE 5th Avenue Unit#2404,SE 5th Ave,Las Olas,Downtown high-rise,Condo,1083,False,409000,378.0,434.0,470000,14.8,61000,73,Condo — verify,"Asking $378/sqft — 15% under supported $434/sqft (73 sales on SE 5th Ave). | Condo — confirm floor, view and condition; unit-level features aren't in the model."
<$1M,625 Orton Avenue Unit#18,Orton Ave,Beach Breeze Apts Co Op,Barrier island / beach,Condo,882,False,299000,339.0,407.0,359000,20.1,60000,13,Condo — verify,"Asking $339/sqft — 20% under supported $407/sqft (13 sales on Orton Ave). | Condo — confirm floor, view and condition; unit-level features aren't in the model."
<$1M,1520 N Andrews Ave,N Andrews Ave,Progresso,Mainland inland,Single Family,1110,False,450000,405.0,459.0,509000,13.3,60000,32,High,Asking $405/sqft — 13% under supported $459/sqft (32 sales on N Andrews Ave).
<$1M,1160 N Federal Hwy Unit#822,N Federal Hwy,East Point Towers,Intracoastal / canal waterfront,Condo,1344,True,345000,257.0,302.0,406000,17.5,60000,40,Condo — verify,"Asking $257/sqft — 18% under supported $302/sqft (40 sales on N Federal Hwy). | Condo — confirm floor, view and condition; unit-level features aren't in the model."
<$1M,1900 S Ocean Drive Unit#1504,S Ocean Dr,Breakwater Towers Co Op,Barrier island / beach,Condo,805,False,325000,404.0,479.0,386000,18.6,60000,49,Condo — verify,"Asking $404/sqft — 19% under supported $479/sqft (49 sales on S Ocean Dr). | Condo — confirm floor, view and condition; unit-level features aren't in the model."
<$1M,1624 NW 9th Avenue,NW 9th Ave,Progresso,Mainland inland,Single Family,1600,False,550000,344.0,381.0,610000,10.8,59000,8,High,Asking $344/sqft — 11% under supported $381/sqft (8 sales on NW 9th Ave).
<$1M,351 NE 19th Place Unit#217k,NE 19th Pl,Manor Grove Village Four,Mainland inland,Condo,1200,False,269000,224.0,273.0,328000,21.9,59000,0,Condo — verify,"Asking $224/sqft — 22% under supported $273/sqft (17 sales in Manor Grove Village Four). | Condo — confirm floor, view and condition; unit-level features aren't in the model."
<$1M,1000 SE 4th Street Unit#117 & 118,SE 4th St,Riverview Gardens,Intracoastal / canal waterfront,Condo,1240,True,579000,467.0,514.0,637000,10.1,58000,14,Condo — verify,"Asking $467/sqft — 10% under supported $514/sqft (14 sales on SE 4th St). | Condo — confirm floor, view and condition; unit-level features aren't in the model."
<$1M,520 SE 5th Ave Unit#3403,SE 5th Ave,Las Olas,Downtown high-rise,Condo,793,False,285000,359.0,431.0,342000,20.1,57000,73,Condo — verify,"Asking $359/sqft — 20% under supported $431/sqft (73 sales on SE 5th Ave). | Condo — confirm floor, view and condition; unit-level features aren't in the model."
<$1M,1535 SE 15th St Unit#304,SE 15th St,Harbor View Apts Harbor View,Intracoastal / canal waterfront,Condo,688,True,239900,349.0,430.0,296000,23.2,56000,45,Condo — verify,"Asking $349/sqft — 23% under supported $430/sqft (45 sales on SE 15th St). | Condo — confirm floor, view and condition; unit-level features aren't in the model."
<$1M,9 NE 19th Court Unit#C216,NE 19th Ct,Manor Grove Village One In,Mainland inland,Condo,1180,False,259000,219.0,266.0,314000,21.5,55000,28,Condo — verify,"Asking $219/sqft — 21% under supported $266/sqft (28 sales on NE 19th Ct). | Condo — confirm floor, view and condition; unit-level features aren't in the model."
<$1M,723 NW 15th Way,NW 15th Way,Carver Park,Mainland inland,Single Family,1080,False,350000,324.0,375.0,405000,15.7,55000,7,High,Asking $324/sqft — 16% under supported $375/sqft (7 sales on NW 15th Way).
<$1M,924 NW 14 Court,NW 14 Ct,Lauderdale Manors,Mainland inland,Single Family,1079,False,300000,278.0,328.0,354000,18.0,54000,0,Neighborhood,Asking $278/sqft — 18% under supported $328/sqft (102 sales in Lauderdale Manors).
<$1M,601 N Ft Lauderdale Bch Boulevard Unit#1015,N Ft Lauderdale Bch Blvd,Atlantic Hotel,Barrier island / beach,Condo,787,True,459000,583.0,651.0,512000,11.7,54000,15,Condo — verify,"Asking $583/sqft — 12% under supported $651/sqft (15 sales on N Ft Lauderdale Bch Blvd). | Condo — confirm floor, view and condition; unit-level features aren't in the model."
<$1M,1160 N Federal Hwy Unit#815,N Federal Hwy,East Point Towers,Intracoastal / canal waterfront,Condo,896,True,219000,244.0,303.0,271000,24.2,53000,40,Condo — verify,"Asking $244/sqft — 24% under supported $303/sqft (40 sales on N Federal Hwy). | Condo — confirm floor, view and condition; unit-level features aren't in the model."
<$1M,841 SW 18th Court,SW 18th Ct,Pinehurst,Mainland inland,Single Family,1267,False,550000,434.0,476.0,603000,9.7,53000,11,High,Asking $434/sqft — 10% under supported $476/sqft (11 sales on SW 18th Ct).
<$1M,2607 NE 8th Avenue Unit#33,NE 8th Ave,Wilton Village,Mainland inland,Condo,846,False,265000,313.0,376.0,318000,20.1,53000,44,Condo — verify,"Asking $313/sqft — 20% under supported $376/sqft (44 sales on NE 8th Ave). | Condo — confirm floor, view and condition; unit-level features aren't in the model."
<$1M,2555 NE 11th Street Unit#609,NE 11th St,Horizon House,Mainland inland,Condo,970,False,299000,308.0,362.0,351000,17.5,52000,12,Condo — verify,"Asking $308/sqft — 18% under supported $362/sqft (12 sales on NE 11th St). | Condo — confirm floor, view and condition; unit-level features aren't in the model."
<$1M,16 NE 20th Court Unit#B8,NE 20th Ct,Manor Grove Village Three,Mainland inland,Condo,960,False,239000,249.0,303.0,291000,21.7,52000,15,Condo — verify,"Asking $249/sqft — 22% under supported $303/sqft (15 sales on NE 20th Ct). | Condo — confirm floor, view and condition; unit-level features aren't in the model."
<$1M,1212 SE 2nd Court Unit#201,SE 2nd Ct,Las Olas,Mainland inland,Condo,1306,False,435000,333.0,372.0,486000,11.7,51000,8,Condo — verify,"Asking $333/sqft — 12% under supported $372/sqft (8 sales on SE 2nd Ct). | Condo — confirm floor, view and condition; unit-level features aren't in the model."
<$1M,100 N Federal Highway Unit#642,N Federal Highway,Waverly,Mainland inland,Condo,1518,False,489000,322.0,355.0,539000,10.2,50000,21,Condo — verify,"Asking $322/sqft — 10% under supported $355/sqft (21 sales on N Federal Highway). | Condo — confirm floor, view and condition; unit-level features aren't in the model."
<$1M,2500 E Las Olas Boulevard Unit#1505,E Las Olas Blvd,Marine Tower,Intracoastal / canal waterfront,Condo,870,True,250000,287.0,345.0,300000,20.2,50000,48,Condo — verify,"Asking $287/sqft — 20% under supported $345/sqft (48 sales on E Las Olas Blvd). | Waterfront, yet priced below the area's waterfront median ($398/sqft). | Condo — confirm floor, view and condition; unit-level features aren't in the model."
<$1M,1731 SE 15th St Unit#511,SE 15th St,Cromwell West,Intracoastal / canal waterfront,Condo,704,True,265000,376.0,446.0,314000,18.6,49000,45,Condo — verify,"Asking $376/sqft — 19% under supported $446/sqft (45 sales on SE 15th St). | Condo — confirm floor, view and condition; unit-level features aren't in the model."
<$1M,2555 NE 11th Street Unit#806,NE 11th St,Horizon House,Mainland inland,Condo,710,False,209000,294.0,363.0,258000,23.5,49000,12,Condo — verify,"Asking $294/sqft — 23% under supported $363/sqft (12 sales on NE 11th St). | Condo — confirm floor, view and condition; unit-level features aren't in the model."
<$1M,1000 SE 4th St Unit#225,SE 4th St,Riverview Garden Apartmen Riverview Gardens,Intracoastal / canal waterfront,Condo,850,True,410000,482.0,539.0,458000,11.8,48000,14,Condo — verify,"Asking $482/sqft — 12% under supported $539/sqft (14 sales on SE 4th St). | Condo — confirm floor, view and condition; unit-level features aren't in the model."
<$1M,1115 NW 7th Ave,NW 7th Ave,Progresso,Mainland inland,Single Family,1180,False,449900,381.0,418.0,493000,9.7,44000,21,High,Asking $381/sqft — 10% under supported $418/sqft (21 sales on NW 7th Ave).
<$1M,1475 SE 15th Street Unit##314,SE 15th St,Embassy Apts,Intracoastal / canal waterfront,Condo,570,True,209900,368.0,446.0,254000,21.2,44000,45,Condo — verify,"Asking $368/sqft — 21% under supported $446/sqft (45 sales on SE 15th St). | Condo — confirm floor, view and condition; unit-level features aren't in the model."
<$1M,1000 SW 12th St Unit#201,SW 12th St,Rio Nuevo,Intracoastal / canal waterfront,Condo,879,True,239900,273.0,322.0,283000,17.9,43000,17,Condo — verify,"Asking $273/sqft — 18% under supported $322/sqft (17 sales on SW 12th St). | Condo — confirm floor, view and condition; unit-level features aren't in the model."
<$1M,1216 NW 2nd Avenue,NW 2nd Ave,,Mainland inland,Townhouse,2342,False,499000,213.0,231.0,541000,8.5,42000,15,High,Asking $213/sqft — 8% under supported $231/sqft (15 sales on NW 2nd Ave).
<$1M,67 NE 20th Court Unit#6h,NE 20th Ct,Manor Grove Village Three,Mainland inland,Condo,960,False,249000,259.0,303.0,291000,17.0,42000,15,Condo — verify,"Asking $259/sqft — 17% under supported $303/sqft (15 sales on NE 20th Ct). | Condo — confirm floor, view and condition; unit-level features aren't in the model."
<$1M,1000 River Reach Drive Unit#212,River Reach Dr,River Reach,Intracoastal / canal waterfront,Condo,1025,True,259000,253.0,294.0,301000,16.2,42000,50,Condo — verify,"Asking $253/sqft — 16% under supported $294/sqft (50 sales on River Reach Dr). | Condo — confirm floor, view and condition; unit-level features aren't in the model."
<$1M,1000 River Reach Drive Unit#406,River Reach Dr,River Reach,Intracoastal / canal waterfront,Condo,900,True,214999,239.0,286.0,257000,19.7,42000,50,Condo — verify,"Asking $239/sqft — 20% under supported $286/sqft (50 sales on River Reach Dr). | Waterfront, yet priced below the area's waterfront median ($267/sqft). | Condo — confirm floor, view and condition; unit-level features aren't in the model."
<$1M,1501 E Broward Boulevard Unit#705,E Broward Blvd,Pine Crest Village,Mainland inland,Condo,1200,False,396000,330.0,365.0,438000,10.6,42000,11,Condo — verify,"Asking $330/sqft — 11% under supported $365/sqft (11 sales on E Broward Blvd). | Condo — confirm floor, view and condition; unit-level features aren't in the model."
<$1M,1501 SE 15th St Unit#3-2,SE 15th St,Isles Club,Intracoastal / canal waterfront,Townhouse,1035,True,459000,443.0,483.0,500000,9.0,41000,45,High,Asking $443/sqft — 9% under supported $483/sqft (45 sales on SE 15th St).
<$1M,1731 SE 15th St Unit#315,SE 15th St,Cromwell West,Intracoastal / canal waterfront,Condo,814,True,320000,393.0,442.0,360000,12.5,40000,45,Condo — verify,"Asking $393/sqft — 12% under supported $442/sqft (45 sales on SE 15th St). | Condo — confirm floor, view and condition; unit-level features aren't in the model."
<$1M,110 N Federal Highway Unit#815,N Federal Highway,Waverly Las Olas,Mainland inland,Condo,1208,False,429500,356.0,389.0,470000,9.3,40000,21,Condo — verify,"Asking $356/sqft — 9% under supported $389/sqft (21 sales on N Federal Highway). | Condo — confirm floor, view and condition; unit-level features aren't in the model."
<$1M,350 SE 2nd Street Unit#850,SE 2nd St,Las Olas,Mainland inland,Condo,1346,False,479900,357.0,386.0,520000,8.1,39000,36,Condo — verify,"Asking $357/sqft — 8% under supported $386/sqft (36 sales on SE 2nd St). | Condo — confirm floor, view and condition; unit-level features aren't in the model."
<$1M,1423 Holly Heights Dr Unit#15,Holly Heights Dr,Cascade Holly Heights,Mainland inland,Condo,1032,False,277500,269.0,306.0,316000,13.8,38000,13,Condo — verify,"Asking $269/sqft — 14% under supported $306/sqft (13 sales on Holly Heights Dr). | Condo — confirm floor, view and condition; unit-level features aren't in the model."
<$1M,9 NE 19th Ct Unit#208C,NE 19th Ct,Manor Grove Village One Wilton Manors,Mainland inland,Condo,750,False,155000,207.0,257.0,193000,24.2,38000,28,Condo — verify,"Asking $207/sqft — 24% under supported $257/sqft (28 sales on NE 19th Ct). | Condo — confirm floor, view and condition; unit-level features aren't in the model."
<$1M,900 SW 12th Street Unit#202,SW 12th St,Rio Nuevo,Intracoastal / canal waterfront,Condo,750,True,229000,305.0,356.0,267000,16.7,38000,17,Condo — verify,"Asking $305/sqft — 17% under supported $356/sqft (17 sales on SW 12th St). | Condo — confirm floor, view and condition; unit-level features aren't in the model."
<$1M,1510 SE 15th Street Unit#310,SE 15th St,Marina Del Mar,Intracoastal / canal waterfront,Condo,1070,True,419000,392.0,427.0,457000,8.9,37000,45,Condo — verify,"Asking $392/sqft — 9% under supported $427/sqft (45 sales on SE 15th St). | Condo — confirm floor, view and condition; unit-level features aren't in the model."
<$1M,2555 NE 11th Street Unit#902,NE 11th St,Horizon House,Mainland inland,Condo,970,False,295000,304.0,342.0,332000,12.5,37000,12,Condo — verify,"Asking $304/sqft — 12% under supported $342/sqft (12 sales on NE 11th St). | Condo — confirm floor, view and condition; unit-level features aren't in the model."
<$1M,1777 SE 15th St Unit#217,SE 15th St,Cromwell East,Intracoastal / canal waterfront,Condo,840,True,333999,398.0,442.0,371000,11.1,37000,45,Condo — verify,"Asking $398/sqft — 11% under supported $442/sqft (45 sales on SE 15th St). | Condo — confirm floor, view and condition; unit-level features aren't in the model."
<$1M,2900 NE 30th Street Unit#G8,NE 30th St,Lauderdale Tower,Mainland inland,Condo,1040,False,364000,350.0,385.0,400000,10.0,36000,33,Condo — verify,"Asking $350/sqft — 10% under supported $385/sqft (33 sales on NE 30th St). | Condo — confirm floor, view and condition; unit-level features aren't in the model."
<$1M,3040 NE 16th Avenue Unit#402,NE 16th Ave,River Shores,Intracoastal / canal waterfront,Condo,600,True,189000,315.0,373.0,224000,18.4,35000,73,Condo — verify,"Asking $315/sqft — 18% under supported $373/sqft (73 sales on NE 16th Ave). | Condo — confirm floor, view and condition; unit-level features aren't in the model."
<$1M,2607 NE 8th Avenue Unit##58,NE 8th Ave,Wilton Village,Mainland inland,Condo,806,False,269000,334.0,377.0,304000,12.9,35000,44,Condo — verify,"Asking $334/sqft — 13% under supported $377/sqft (44 sales on NE 8th Ave). | Condo — confirm floor, view and condition; unit-level features aren't in the model."
<$1M,900 SW 12th Street Unit#100,SW 12th St,Rio Nuevo,Intracoastal / canal waterfront,Condo,800,True,224000,280.0,322.0,258000,15.0,34000,17,Condo — verify,"Asking $280/sqft — 15% under supported $322/sqft (17 sales on SW 12th St). | Condo — confirm floor, view and condition; unit-level features aren't in the model."
<$1M,2607 NE 8th Avenue Unit#29,NE 8th Ave,Wilton Village,Mainland inland,Condo,597,False,199900,335.0,392.0,234000,17.0,34000,44,Condo — verify,"Asking $335/sqft — 17% under supported $392/sqft (44 sales on NE 8th Ave). | Condo — confirm floor, view and condition; unit-level features aren't in the model."
<$1M,630 Tennis Club Drive Unit#Apt 204,Tennis Club Dr,Tennis Club Outerbridge Co,Intracoastal / canal waterfront,Condo,960,True,235000,245.0,280.0,269000,14.3,34000,25,Condo — verify,"Asking $245/sqft — 14% under supported $280/sqft (25 sales on Tennis Club Dr). | Condo — confirm floor, view and condition; unit-level features aren't in the model."
<$1M,12 NE 19th Court Unit#118a,NE 19th Ct,Manor Grove Village,Mainland inland,Condo,750,False,169000,225.0,270.0,202000,20.0,34000,28,Condo — verify,"Asking $225/sqft — 20% under supported $270/sqft (28 sales on NE 19th Ct). | Condo — confirm floor, view and condition; unit-level features aren't in the model."
<$1M,550 Bayshore Drive Unit#102,Bayshore Dr,Bayshore Embassy,Barrier island / beach,Condo,680,False,319900,470.0,520.0,354000,10.6,34000,83,Condo — verify,"Asking $470/sqft — 11% under supported $520/sqft (83 sales on Bayshore Dr). | Condo — confirm floor, view and condition; unit-level features aren't in the model."
<$1M,3004 NE 5th Terrace Unit#206-c,NE 5th Ter,River Manor,Intracoastal / canal waterfront,Condo,1000,True,319000,319.0,353.0,353000,10.7,34000,40,Condo — verify,"Asking $319/sqft — 11% under supported $353/sqft (40 sales on NE 5th Ter). | Condo — confirm floor, view and condition; unit-level features aren't in the model."
<$1M,124 NE 19th Ct Unit#114B,NE 19th Ct,Manor Grove Village Con Manor Grove Village,Intracoastal / canal waterfront,Condo,750,True,209000,279.0,324.0,243000,16.1,34000,28,Condo — verify,"Asking $279/sqft — 16% under supported $324/sqft (28 sales on NE 19th Ct). | Condo — confirm floor, view and condition; unit-level features aren't in the model."
<$1M,200 S Birch Rd Unit#206,S Birch Rd,Leisure Beach,Barrier island / beach,Condo,647,False,234900,363.0,416.0,269000,14.6,34000,25,Condo — verify,"Asking $363/sqft — 15% under supported $416/sqft (25 sales on S Birch Rd). | Condo — confirm floor, view and condition; unit-level features aren't in the model."
<$1M,1940 NE 2nd Avenue Unit#101j,NE 2nd Ave,Manor Grove Village Four,Mainland inland,Condo,850,False,219900,259.0,297.0,252000,14.7,32000,23,Condo — verify,"Asking $259/sqft — 15% under supported $297/sqft (23 sales on NE 2nd Ave). | Condo — confirm floor, view and condition; unit-level features aren't in the model."
<$1M,720 Orton Avenue Unit#402,Orton Ave,Leisure Sands,Barrier island / beach,Condo,690,False,278500,404.0,449.0,310000,11.1,31000,13,Condo — verify,"Asking $404/sqft — 11% under supported $449/sqft (13 sales on Orton Ave). | Condo — confirm floor, view and condition; unit-level features aren't in the model."
<$1M,200 S Birch Rd Unit#211,S Birch Rd,Leisure Beach,Barrier island / beach,Condo,647,False,239000,369.0,416.0,269000,12.7,30000,25,Condo — verify,"Asking $369/sqft — 13% under supported $416/sqft (25 sales on S Birch Rd). | Condo — confirm floor, view and condition; unit-level features aren't in the model."
<$1M,610 Tennis Club Dr Unit#104,Tennis Club Dr,Tennis Club Wingfield Con Tennis Club,Intracoastal / canal waterfront,Condo,960,True,240000,250.0,280.0,269000,12.0,29000,25,Condo — verify,"Asking $250/sqft — 12% under supported $280/sqft (25 sales on Tennis Club Dr). | Condo — confirm floor, view and condition; unit-level features aren't in the model."
<$1M,2670 E Sunrise Blvd Unit#1132,E Sunrise Blvd,Gallery One,Intracoastal / canal waterfront,Condo,643,True,169999,264.0,309.0,199000,17.0,29000,49,Condo — verify,"Asking $264/sqft — 17% under supported $309/sqft (49 sales on E Sunrise Blvd). | Condo — confirm floor, view and condition; unit-level features aren't in the model."
<$1M,2670 E Sunrise Blvd Unit#311,E Sunrise Blvd,Gallery One Gallery,Mainland inland,Condo,341,False,139900,410.0,493.0,168000,20.2,28000,49,Condo — verify,"Asking $410/sqft — 20% under supported $493/sqft (49 sales on E Sunrise Blvd). | Condo — confirm floor, view and condition; unit-level features aren't in the model."
<$1M,2607 NE 8th Avenue Unit##25,NE 8th Ave,Wilton Village,Mainland inland,Condo,597,False,209000,350.0,392.0,234000,12.0,25000,44,Condo — verify,"Asking $350/sqft — 12% under supported $392/sqft (44 sales on NE 8th Ave). | Condo — confirm floor, view and condition; unit-level features aren't in the model."
<$1M,1101 River Reach Drive Unit#212,River Reach Dr,River Reach,Intracoastal / canal waterfront,Condo,931,True,259900,279.0,306.0,285000,9.7,25000,50,Condo — verify,"Asking $279/sqft — 10% under supported $306/sqft (50 sales on River Reach Dr). | Condo — confirm floor, view and condition; unit-level features aren't in the model."
<$1M,9 NE 19th Court Unit#214c,NE 19th Ct,Manor Grove Village,Mainland inland,Condo,750,False,179000,239.0,270.0,202000,13.0,23000,28,Condo — verify,"Asking $239/sqft — 13% under supported $270/sqft (28 sales on NE 19th Ct). | Condo — confirm floor, view and condition; unit-level features aren't in the model."
<$1M,3000 NE 16th Ave Unit#405,NE 16th Ave,River Shores,Downtown high-rise,Condo,600,False,149000,248.0,286.0,172000,15.3,23000,73,Condo — verify,"Asking $248/sqft — 15% under supported $286/sqft (73 sales on NE 16th Ave). | Condo — confirm floor, view and condition; unit-level features aren't in the model."
<$1M,2670 E Sunrise Blvd Unit#521,E Sunrise Blvd,Gallery One,Intracoastal / canal waterfront,Condo,548,True,150000,274.0,314.0,172000,14.6,22000,49,Condo — verify,"Asking $274/sqft — 15% under supported $314/sqft (49 sales on E Sunrise Blvd). | Condo — confirm floor, view and condition; unit-level features aren't in the model."
<$1M,1000 SW 12th St Unit#203,SW 12th St,Rio Nuevo,Intracoastal / canal waterfront,Condo,879,True,267650,304.0,329.0,289000,8.2,22000,17,Condo — verify,"Asking $304/sqft — 8% under supported $329/sqft (17 sales on SW 12th St). | Condo — confirm floor, view and condition; unit-level features aren't in the model."
<$1M,2741 NE 8th Avenue Unit#15,NE 8th Ave,Wilton Commons Condominium,Mainland inland,Condo,600,False,174900,292.0,328.0,197000,12.3,22000,44,Condo — verify,"Asking $292/sqft — 12% under supported $328/sqft (44 sales on NE 8th Ave). | Condo — confirm floor, view and condition; unit-level features aren't in the model."
<$1M,924 NE 17th Ter Unit#1,NE 17th Ter,Th Terrace Condominium,Mainland inland,Condo,433,False,179900,415.0,464.0,201000,11.8,21000,26,Condo — verify,"Asking $415/sqft — 12% under supported $464/sqft (26 sales on NE 17th Ter). | Condo — confirm floor, view and condition; unit-level features aren't in the model."
<$1M,2424 SE 17th Street Unit#305B,SE 17th St,Village Harbor Beach,Barrier island / beach,Condo,685,False,179000,261.0,290.0,199000,11.1,20000,14,Condo — verify,"Asking $261/sqft — 11% under supported $290/sqft (14 sales on SE 17th St). | Condo — confirm floor, view and condition; unit-level features aren't in the model."
<$1M,620 Tennis Club Dr Unit#306,Tennis Club Dr,Tennis Club Tilden Tennis Club,Mainland inland,Condo,1056,False,195000,185.0,204.0,215000,10.3,20000,25,Condo — verify,"Asking $185/sqft — 10% under supported $204/sqft (25 sales on Tennis Club Dr). | Condo — confirm floor, view and condition; unit-level features aren't in the model."
<$1M,1170 N Federal Highway Unit#305,N Federal Highway,East Point Towers,Intracoastal / canal waterfront,Condo,1005,True,200000,199.0,219.0,220000,10.1,20000,21,Condo — verify,"Asking $199/sqft — 10% under supported $219/sqft (21 sales on N Federal Highway). | Condo — confirm floor, view and condition; unit-level features aren't in the model."
<$1M,200 S Birch Rd Unit#512,S Birch Rd,Leisure Beach,Barrier island / beach,Condo,647,False,249900,386.0,417.0,270000,8.0,20000,25,Condo — verify,"Asking $386/sqft — 8% under supported $417/sqft (25 sales on S Birch Rd). | Condo — confirm floor, view and condition; unit-level features aren't in the model."
<$1M,1435 SE 15th St Unit#103,SE 15th St,Riverbend Condominiums,Intracoastal / canal waterfront,Condo,550,True,230000,418.0,454.0,250000,8.6,20000,45,Condo — verify,"Asking $418/sqft — 9% under supported $454/sqft (45 sales on SE 15th St). | Condo — confirm floor, view and condition; unit-level features aren't in the model."
<$1M,1100 SW 12th Street Unit#108,SW 12th St,Rio Nuevo,Mainland inland,Condo,1020,False,235000,230.0,249.0,254000,8.3,19000,17,Condo — verify,"Asking $230/sqft — 8% under supported $249/sqft (17 sales on SW 12th St). | Condo — confirm floor, view and condition; unit-level features aren't in the model."
<$1M,811 NE 14th Place Unit#6,NE 14th Pl,Middle River Manor,Mainland inland,Condo,702,False,180000,256.0,282.0,198000,10.2,18000,0,Condo — verify,"Asking $256/sqft — 10% under supported $282/sqft (18 sales in Middle River Manor). | Condo — confirm floor, view and condition; unit-level features aren't in the model."
