"","MLS # Link","St","Area","Address","","Current Price","Total Units","SqFt LA","Style ","Year Built","#Parking Spaces","Subdivision Name","Pool YN","Waterfront Property (Y/N)","Sale Price"
"1","F10505721","CS","3260","2732 NE 15th St","","$8,750,000","8","7,776","I04","1951","16","Coral Ridge 21-50 B","Yes","Yes","$8,750,000"
"1","F10433701","CS","3280","132 Isle Of Venice Dr","","$8,650,000","15","12,500","I04","1964","22","Nurmi Isles Island 4 24-4","Yes","Yes","$8,650,000"
"1","A11657132","CS","3280","50 Isle Of Venice Dr","","$4,500,000","","","I04","1987","0","¤NURMI ISLES ISLAND NO 4","No","Yes","$4,500,000"
"1","A11657122","CS","3280","94-96 Hendricks Isle","","$4,375,000","","¤4,252","I02","1956","0","¤VICTORIA ISLES","No","Yes","$4,375,000"
"1","F10545263","CS","3160","525 Antioch Avenue","","$2,700,000","4","6,701","","1959","","Birch Ocean Front Sub 19-","No","No","$2,700,000"
"1","B26049619","CS","3270","1008-1014 NE 4th Street","","$3,000,000","4","3,847","","1953","","Stranahans Sub 3-115 D 2-","Yes","No","$3,000,000"
"1","F10380271","CS","3280","405-407 Hendricks Isle","","$2,600,000","2","3,616","I02","1980","5","VICTORIA ISLES","Yes","Yes","$2,600,000"
"1","F10486930","CS","3140","4241 El Mar Dr","","$2,300,000","","3,062","I03","1964","4","Lauderdale By The Sea 6-2","Yes","No","$2,300,000"
"1","F10545432","CS","3280","1007 SE 2nd Court","","$1,950,000","2","2,720","","1956","","Colee Hammock 1-17 B","No","No","$1,950,000"
"1","F10468301","CS","3260","1353 Bayview Dr","","$2,050,000","7","4,061","I03","1955","10","Beach Way Heights","No","No","$2,050,000"
"1","A11755927","CS","3190","1740-1746 N Dixie Hwy","","$1,750,000","4","9,446","I04","2008","2","¤DIXIE TOWNHOME VILLAS","No","No","$1,750,000"
"1","F10448793","CS","3130","2918 Banyan St","","$1,800,000","4","2,405","I04","1958","5","Las Olas By The Sea Re-Am","No","No","$1,800,000"
"1","A11661496","CS","3720","116 NW 41st St","","$1,900,000","4","¤8,076","I04","2023","11","¤PROSPECT GARDENS","No","No","$1,900,000"
"1","F10504301","CS","3720","333 NW 41st Street","","$1,925,000","1","2,000","","1950","","Prospect Gardens 22-26 B","No","No","$1,925,000"
"1","B26008849","CS","","1415 SE 2nd Street Unit#1-4","","$1,380,000","4","2,618","","1958","","COLEE HAMMOCK","No","No","$1,380,000"
"1","A11696103","CS","3280","1521 SE 2nd Ct","","$1,780,000","8","5,006","I04","1962","4","¤COLEE HAMMOCK","No","No","$1,780,000"
"1","B26008861","CS","","1407 SE 2nd Street Unit#1-4","","$1,500,000","2","2,963","","1940","","COLEE HAMMOCK","No","No","$1,500,000"
"1","A11923217","CS","3480","1720 SW 20th St","","$1,770,000","2","¤2,321","I02","2024","4","¤OSCEOLA PARK","No","No","$1,770,000"
"1","F10500242","CS","3280","97 Hendricks Isle","","$1,700,000","2","2,416","I02","1957","5","Victoria Isles","No","Yes","$1,700,000"
"1","A11842530","CS","3720","402 NW 41st St","","$1,751,000","","5,390","I04","2025","10","¤PROSPECT GARDENS","No","No","$1,751,000"
"1","F10551556","CS","3240","4213 NE 21st Avenue","","$1,600,000","1","5,208","","1961","","CORAL RIDGE COUNTRY CLUB","No","No","$1,600,000"
"1","A11827182","CS","3480","2107 SW 18th Ave","","$1,600,000","","¤3,732","I02","2024","4","¤OSCEOLA PARK","No","No","$1,600,000"
"1","F10531668","CS","3370","621 NE 28th Street","","$1,575,000","4","3,150","","1974","","Resub Of Highland Estates","No","No","$1,575,000"
"1","F10483285","CS","3280","21 SE 11th Ave","","$1,500,000","4","3,448","I04","1959","5","Beverly Heights","Yes","No","$1,500,000"
"1","F10401910","CS","3270","604 NE 9th Ave","","$1,540,000","","3,992","I03","1974","6","Progresso 2-18 D","No","No","$1,540,000"
"1","F10488973","CS","3380","1501 NE 12th St","","$1,050,000","","1,985","I04","1958","9","Progresso 2-18 D","No","No","$1,050,000"
"1","A11638677","CS","3250","2756 NE 32nd St","","$1,375,000","5","¤3,054","I04","1959","14","CORAL RIDGE GALT","No","No","$1,375,000"
"1","B26002580","CS","3160","3220-3224 NE 26th Street","","$1,374,000","2","2,459","","1958","","LAUDERDALE BEACH","No","No","$1,374,000"
"1","F10552378","CS","3270","804 N Victoria Park Road","","$1,475,000","4","3,464","","1961","","Progresso 2-18 D","No","No","$1,475,000"
"1","F10433311","CS","3390","281 NW 40th St","","$1,450,000","7","4,393","I04","1964","9","Prospect Gardens 22-26 B","No","No","$1,450,000"
"1","F10481119","CS","3160","2904 N Ocean Blvd","","$1,400,000","","2,474","I04","1951","6","Lauderdale Beach 4-2 B","No","No","$1,400,000"
"1","A11913839","CS","3160","2513 NE 33 rd Ave","","$1,250,000","2","¤2,275","I02","1962","4","¤LAUDERDALE BEACH EXT UNIT","No","No","$1,250,000"
"1","F10458974","CS","3280","1314 SE 1st Street","","$1,125,000","3","2,388","","1958","","Colee Hammock 1-17 B","No","No","$1,125,000"
"1","F10482800","CS","3380","1112 NE 17 Terr","","$1,125,000","4","2,425","I04","1947","6","Progresso 2-18D","No","No","$1,125,000"
"1","A11846528","CS","3280","1314 SE 1 st","","$1,300,000","","¤3,900","I03","1958","3","¤COLEE HAMMOCK","No","No","$1,300,000"
"1","A11704038","CS","3720","421 NW 40th Ct","","$1,200,000","4","5,984","I04","2009","7","¤PROSPECT GARDENS","No","No","$1,200,000"
"1","R11096724","CS","3280","16 SE 9th Avenue","","$1,300,000","3","1,755","","1954","","Beverly Heights","Yes","No","$1,300,000"
"1","A11836389","CS","3370","2435 N Dixie Hwy","","$1,395,000","","","I04","1950","8","WILTON MANORS UNIT 1 AMD P","No","No","$1,395,000"
"1","A11794920","CS","3270","801 NE 18th Ave #1-4","","$1,350,000","3","¤2,776","I04","1960","5","¤PROGRESSO","No","No","$1,350,000"
"1","F10459995","CS","3370","508-512 NE 24th St","","$1,200,000","4","2,826","I04","1958","6","Re-Amended Wilton Manors","No","No","$1,200,000"
"1","A11657601","CS","3740","716 SW 9th Ter","","$1,230,000","","¤6,108","I02","2008","4","¤NEW UTOPIA","No","No","$1,230,000"
"1","A11852594","CS","3280","1213 SE 1st St","","$1,349,000","","¤2,809","I04","1964","4","¤COLEE HAMMOCK","No","No","$1,349,000"
"1","F10399789","CS","3380","1108 NE 16th Ter","","$1,225,000","","3,300","I04","1946","6","Progresso 2-18 D","No","No","$1,225,000"
"1","F10456036","CS","3470","911 SW 11th Ave","","$1,160,000","2","1,410","I02","1946","4","VINIKS SUB","No","Yes","$1,160,000"
"1","F10456205","CS","3600","511 SE 9th Ave","","$950,000","2","2,362","I02","1958","4","Rio Vista C J Hectors Res","No","No","$950,000"
"1","A11761279","CS","3370","634 NE 20th St","","$1,200,000","","¤3,136","I02","1972","4","¤TROPICAL GARDENS AMENDED","Yes","Yes","$1,200,000"
"1","R11162050","CS","3390","934 NW 4th Avenue Unit#1-4","","$1,275,000","4","2,595","","1958","","PROGRESSO","No","No","$1,275,000"
"1","B26008950","CS","","1405 SE 2nd Street","","$1,200,000","2","2,046","","1941","","COLEE HAMMOCK","No","No","$1,200,000"
"1","F10555367","CS","3250","2732 NE 32 Street","","$1,095,446","4","3,240","","1962","","CORAL RIDGE GALT ADD","No","No","$1,095,446"
"1","A11858941","CS","3280","1121 NE 2nd St","","$1,200,000","","2,085","I04","1959","6","¤STRANAHANS SUB","No","No","$1,200,000"
"1","A11944938","CS","3390","1214 NW 4th Ave","","$1,200,000","2","3,166","I02","2025","8","¤PROGRESSO","No","No","$1,200,000"
"1","F10539809","CS","3260","2847-2853 NE 30 St","","$1,100,000","4","3,259","","1959","7","Coral Ridge","No","No","$1,100,000"
"1","F10475677","CS","3260","1416-1420 NE 26th Ave","","$1,175,000","3","2,981","I03","1949","6","Coral Ridge 21-50 B","No","No","$1,175,000"
"1","F10532294","CS","3280","560 NE 15th Avenue","","$1,195,000","4","2,700","","1953","","Las Olas Park Corr 6-12 B","No","No","$1,195,000"
"1","F10429890","CS","3380","2036 NE 21st AV","","$940,000","","2,629","I03","1989","3","North Ridge","No","No","$940,000"
"1","F10443995","CS","3270","808 NE 17th Way","","$1,125,000","2","1,900","I02","1958","4","Victoria Park","No","No","$1,125,000"
"1","F10486187","CS","3480","807 SW 14th Court","","$1,100,000","2","2,873","","1976","","Esmonda Gardens 22-20 B","Yes","No","$1,100,000"
"1","A11890035","CS","3250","2601 NE 32nd St","","$1,020,000","","¤3,178","I02","1975","7","¤CORAL RIDGE GALT ADD NO 2","No","No","$1,020,000"
"1","A11455989","CS","3470","1820 SW 9th St","","$985,000","2","2,576","I02","2024","4","¤RIVERSIDE PARK","No","No","$985,000"
"1","F10528734","CS","3360","1402 NE 34th Street","","$1,050,000","2","3,189","","1984","","Oakland Park 2-38 B","No","No","$1,050,000"
"1","A11735110","CS","3470","1185 SW 16th Ave","","$1,090,000","","¤1,502","I04","1988","4","¤RIVERSIDE PARK ADD AMEN P","No","No","$1,090,000"
"1","F10524401","CS","3380","1115 NE 15th Ave","","$1,060,000","5","2,911","","1954","8","Lake Ridge Gardens Condo","No","No","$1,060,000"
"1","F10514472","CS","3250","3200 NE 27th Ave","","$950,000","","2,903","I02","1965","4","Coral Ridge Galt Add 2","No","No","$950,000"
"1","F10488210","CS","3600","619 SE 14th Ct","","$1,079,000","5","3,130","I04","1972","5","EVERGLADE LAND SALES CO","No","No","$1,079,000"
"1","F10492333","CS","3370","1645 N Dixie Hwy","","$1,045,000","","2,610","I04","1965","5","Lauderdale Park 6-33 1/2","No","No","$1,045,000"
"1","F10538341","CS","3270","1640 NE 4th Place","","$750,000","3","3,399","","1971","","Middle River Park 5-28 B","No","No","$750,000"
"1","F10446862","CS","3370","45 NE 24th St","","$1,060,000","4","2,326","I04","1976","8","Petite","No","No","$1,060,000"
"1","F10492114","CS","3380","1204 NE 17th Way","","$1,029,000","5","2,622","I04","1969","5","Progresso 2-18 D","No","No","$1,029,000"
"1","A11774974","CS","3240","1413 NE 15th Ave","","$970,000","3","¤2,079","I02","1963","7","¤VERENA PARK","No","No","$970,000"
"1","F10534444","CS","3370","1924 NE 26th St","","$1,000,000","4","3,488","","1975","8","Coral Point 31-27 B","No","No","$1,000,000"
"1","A11571173","CS","3270","823 NE 19th Ave","","$900,000","","¤3,776","I03","1944","4","¤PROGRESSO","No","No","$900,000"
"1","A11646166","CS","3790","261 NW 42nd St","","$975,000","","¤3,513","I04","1976","10","¤PROSPECT GARDENS","No","No","$975,000"
"1","A11796549","CS","3260","2808 Middle River Dr","","$930,000","","¤2,882","I02","1956","8","¤CORAL RIDGE GALT ADD NO 1","No","No","$930,000"
"1","A11768640","CS","3270","211 NE 16th Ave","","$984,536","","¤3,161","I03","1936","5","VICTORIA PARK","No","No","$984,536"
"1","A11516694","CS","3270","1508 NE 6th St","","$989,000","2","¤1,609","I02","1970","4","¤LAS OLAS PARK CORR PLAT","No","No","$989,000"
"1","R10982501","CS","3370","2036 NE 26th Street Unit#1","","$925,000","","2,248","I04","1956","","CORAL POINT","No","No","$925,000"
"1","F10508330","CS","3600","617 SE 16th St","","$900,000","4","2,585","I04","1965","5","Everglade Land Sales Co F","No","No","$900,000"
"1","A11980332","CS","3270","412 NE 14th Ave","","$900,000","","¤2,322","I04","1951","8","¤LAS OLAS PARK CORR PLAT","No","No","$900,000"
"1","F10444961","CS","3270","431-433 NE 15th Ave","","$914,000","2","1,729","I02","1954","8","Las Olas Park Corr 6-12 B","No","No","$914,000"
"1","B26023595","CS","3380","1524 N Victoria Park Road","","$850,000","2","2,392","","1971","","PROGRESSO","No","No","$850,000"
"1","F10478256","CS","3380","1400 NE 22nd St","","$870,000","","1,719","I02","1960","13","Edgewater Estates 1st Add","No","No","$870,000"
"1","F10518254","CS","3450","210 -216 NE  216 40th Street","","$840,000","4","3,102","","1970","","Boniello Gardens 2nd Add","No","No","$840,000"
"1","F10480161","CS","3470","551 SW 13th Ave","","$985,000","","2,619","I04","1959","5","Riverside Add Amd 1-13 B","No","No","$985,000"
"1","A11585196","CS","3480","716 SW 14th Ct","","$990,000","2","¤2,764","I02","1970","5","¤ESMONDA GARDENS","Yes","No","$990,000"
"1","F10486192","CS","3480","825 SW 14th Street","","$915,000","2","2,944","","1968","","Island View 33-2 B","No","No","$915,000"
"1","F10536567","CS","3380","1210 NE 16th Ave","","$960,000","2","1,409","","1958","4","Progresso 2-18 D","Yes","No","$960,000"
"1","A11768220","CS","3380","1040 NE 16th Ave","","$930,000","","¤5,097","I03","1978","6","LAKE RIDGE","Yes","No","$930,000"
"1","F10463150","CS","3370","1706 NE 25th St","","$945,000","2","2,451","I02","1959","6","REID TERRACE RESUB","No","No","$945,000"
"1","F10548160","CS","3270","431-433 NE 15 Avenue","","$925,000","2","1,543","","1954","","Las Olas Park Corr 6-12 B","No","No","$925,000"
"1","F10475678","CS","3380","1314-1318 NE 11th St","","$950,000","3","2,120","I03","1955","7","Progresso 2-18 D","No","No","$950,000"
"1","F10468160","CS","3160","2618 NE 32nd Avenue","","$925,000","2","2,365","I02","1958","6","Lauderdale Beach Ext","Yes","No","$925,000"
"1","B26028113","CS","3270","630 NE 17th Way","","$875,000","2","1,822","","1951","","VICTORIA PARK CORR AMEN PL","Yes","No","$875,000"
"1","F10534470","CS","3270","1637 NE 5th Court","","$860,000","2","1,827","","1950","","Middle River Park 5-28 B","No","No","$860,000"
"1","F10531377","CS","3490","1316 SW 9th St","","$800,000","","2,688","","1968","5","Riverside Add Amd 1-13 B","No","No","$800,000"
"1","F10443409","CS","3810","916 NW 3rd Ave","","$825,000","","2,304","I04","1964","4","Progresso 2-18 D","No","No","$825,000"
"1","A11509853","CS","3360","1759-1764 NE 45th St","","$860,000","2","¤2,911","I02","1969","7","¤FLORANADA RIDGE SEC","No","No","$860,000"
"1","F10551451","CS","3380","1145 NE 18th Avenue","","$885,000","2","1,809","","1948","","Progresso 2-18 D","No","No","$885,000"
"1","A11632516","CS","3370","2308 NW 3rd Ave","","$928,750","4","2,508","I04","1965","6","¤BEULALAND","No","No","$928,750"
"1","F10489456","CS","3370","1507 NE 5TH AVE","","$849,000","4","2,825","","1967","5","PROGRESSO","No","No","$849,000"
"1","F10512652","CS","3800","2101 SE 4th Avenue","","$905,000","0","2,844","","1957","","Lauderdale 2-9 D","No","No","$905,000"
"1","F10471763","CS","3270","824 NE 16th Ave","","$900,000","2","1,428","I02","1953","6","Victoria Park","No","No","$900,000"
"1","F10456622","CS","3270","825 N Victoria Park Rd","","$875,000","2","1,428","I02","1952","3","Victoria Park","No","No","$875,000"
"1","B26032242","CS","3380","1539-1541 NE 15th Avenue","","$899,000","3","2,042","","1955","","ALLENWOOD ADD","No","No","$899,000"
"1","F10517369","CS","3480","337 SW 21st St #1-3","","$848,000","3","1,943","I03","1951","3","Lauderdale 2-9 D","No","No","$848,000"
"1","F10479230","CS","3500","520 SW 5th Avenue","","$840,000","2","1,568","","1935","","Ft Lauderdale B-40 D","No","No","$840,000"
"1","A11902303","CS","3370","1400 NE 21ST STREET","","$897,000","2","2,040","I02","1961","4","Edgewater Estates 1","Yes","Yes","$897,000"
"1","A11943942","CS","3460","922 NW 4th Ave","","$890,000","4","¤2,595","I04","1958","4","¤PROGRESSO","No","No","$890,000"
"1","A11842325","CS","3600","1905 Miami Rd","","$816,000","4","¤2,768","I04","1969","6","¤EVERGLADE LAND SALES CO","No","No","$816,000"
"1","F10505667","CS","3800","420 SE 18th Ct","","$835,000","","2,448","I03","2009","7","Croissant Park 4-28 B","No","No","$835,000"
"1","F10552163","CS","3380","2000 NE 18th Street","","$849,000","2","1,933","","1953","","Lauder-Gate 26-48 B","No","No","$849,000"
"1","A11878574","CS","3370","105 - 107 NE 30th Ct #1 & 2","","$825,000","2","","I02","1971","6","¤ALMAR ESTATES RESUB","No","No","$825,000"
"1","F10461321","CS","3260","2016 NE 14th Ct","","$700,000","2","2,232","I02","1956","3","Lauder Gate Isles 28-17 B","No","No","$700,000"
"1","F10498620","CS","3360","3693 NE 20th Ave #1-2","","$868,000","2","2,720","I02","1963","6","Coral Woods 33-25 B","Yes","No","$868,000"
"1","A11940088","CS","3450","700 NW 18th St","","$790,000","2","¤2,024","I02","1984","6","¤PROGRESSO","No","No","$790,000"
"1","A11792764","CS","3810","725 NW 4th Ave","","$800,000","4","¤2,543","I04","1962","4","¤PROGRESSO","No","No","$800,000"
"1","F10479407","CS","3260","2018 NE 15th St","","$830,500","","1,627","I02","1958","8","Lauder Gate Isles 28-17 B","No","Yes","$830,500"
"1","A11916973","CS","3370","1408 NE 24th St","","$830,000","2","¤2,268","I02","1987","8","¤MIDDLE RIVER PLAZA","Yes","No","$830,000"
"1","A11937381","CS","3850","1471 NW 22nd St","","$805,000","4","¤2,997","I04","1976","6","¤FT LAUDERDALE ESTATES 1ST","No","No","$805,000"
"1","F10489153","CS","3380","1700 NE 16th Ave","","$768,000","2","1,433","I02","1952","2","Progresso 2-18 D","Yes","No","$768,000"
"1","A11619322","CS","3470","809 SW 14th Ter","","$900,000","","¤1,760","I02","1926","4","¤RIVERSIDE ADD AMEN PLAT","Yes","No","$900,000"
"1","A11611871","CS","3470","417 SW 12th St","","$850,000","2","¤2,552","I02","1948","5","¤CROISSANT PARK RIVER SEC","No","Yes","$850,000"
"1","F10448933","CS","3720","499 NW 42nd St","","$765,000","","3,500","I04","1969","10","Prospect Gardens 22-26 B","No","No","$765,000"
"1","A11683603","CS","3600","880 SE 12th St","","$900,000","3","¤2,550","I03","1980","5","¤EVERGLADE LAND SALES CO","No","No","$900,000"
"1","F10550162","CS","3370","2608 NE 10th Avenue","","$832,500","2","1,780","","1972","","Amadale 29-6 B","No","No","$832,500"
"1","A11622304","CS","3480","824 SW 12th Ct","","$815,000","","¤2,866","I02","1968","4","¤ISLAND VIEW","No","No","$815,000"
"1","F10505641","CS","3500","319 SW 12th Ct","","$825,000","3","2,211","I03","1951","6","Croissant Park South Rive","No","No","$825,000"
"1","A11723168","CS","3810","831 NW 1st Ave","","$790,000","","¤2,423","I04","1974","5","¤PROGRESSO","No","No","$790,000"
"1","A11915976","CS","3460","1132 NW 2nd St","","$775,000","4","¤2,348","I04","1961","4","¤SEMINOLE ADD F R OLIVERS","No","No","$775,000"
"1","A11899678","CS","3470","1004 W Las Olas Blvd","","$785,000","","¤1,526","I03","1951","5","¤WAVERLY PLACE","No","No","$785,000"
"1","A11729006","CS","3450","3621-3641 NE 11th Ave","","$745,000","3","¤2,168","I03","1980","6","¤OAKLAND PARK SECOND ADD","No","No","$745,000"
"1","F10444433","CS","3390","1032 NW 3rd Ave","","$4,882,500","4","2,480","I04","1969","5","Progresso 2-18 D","No","No","$4,882,500"
"1","F10493397","CS","3400","1901 NW 14th Ave","","$810,000","","2,358","I03","1973","5","Ft Lauderdale Estates 76-","No","No","$810,000"
"1","F10480113","CS","3470","1212 Middle St","","$775,000","3","1,602","I03","1959","8","Waverly Place 2-19 D","No","No","$775,000"
"1","F10554023","CS","3480","909 SW 16th Street","","$760,000","2","2,562","","1970","","Mandarin Isle Add 69-13 B","No","No","$760,000"
"1","R11026249","CS","3370","1735 NE 2 Avenue","","$800,000","2","2,769","I02","1975","","South Middle River","No","Yes","$800,000"
"1","R11123082","CS","3380","1111 N Victoria Park Road Unit#1-4","","$800,000","3","2,402","","1947","","Victoria Park","No","No","$800,000"
"1","F10477472","CS","3480","808-810 SW 12th Ct","","$800,000","2","2,426","I02","1967","4","Island View 33-2 B","No","No","$800,000"
"1","R11001039","CS","3370","812 NE 17th Street Unit#1-3","","$825,000","3","1,967","I03","1967","","LAUDERDALE PARK 6-33 1/2","No","No","$825,000"
"1","F10465975","CS","3270","420 NE 15th Ave","","$715,000","2","1,100","I02","1941","4","Las Olas Park Corr 6-12 B","No","No","$715,000"
"1","A11809897","CS","3280","1215-1217 NE 16th Ave","","$770,000","2","¤2,210","I02","1958","4","¤PROGRESSO","No","No","$770,000"
"1","F10497384","CS","3360","3360 NE 17th Ave","","$750,000","","2,010","I02","1967","5","Stephens Square 45-35 B","Yes","No","$750,000"
"1","R11054711","CS","3360","1711 NE 45th Street","","$715,000","2","3,070","I02","1968","","FLORANADA RIDGE SEC","Yes","No","$715,000"
"1","F10502941","CS","3380","1401-1403 NE 13th St","","$750,000","2","2,316","I02","1952","5","Progresso 2-18 D","Yes","No","$750,000"
"1","F10498539","CS","3390","501 NW 25th St","","$770,000","2","1,907","I02","1955","6","Mickels 2nd Add To Wilton","No","No","$770,000"
"1","F10509743","CS","3470","520 SW 6th Ave 1-2","","$765,000","2","1,600","I02","1972","6","RESUB BLK 36 FT LAUDERDAL","Yes","No","$765,000"
"1","A11605909","CS","3260","2000 NE 17th Ct","","$660,000","2","¤2,120","I02","1953","2","Lauder-Gate","No","No","$660,000"
"1","F10499617","CS","3240","1109 NE 6th Ave","","$755,000","3","2,430","I03","1973","6","PROGRESSO","No","No","$755,000"
"1","F10543236","CS","3360","1623-1625 NE 45th St","","$750,000","2","2,810","","1967","4","Floranada Ridge Sec A 30-","No","No","$750,000"
"1","A11600233","CS","3380","1621 NE 16th Ter","","$615,000","","¤2,342","I02","1955","4","¤PROGRESSO","No","No","$615,000"
"1","F10450529","CS","3390","1619 NE 25th St","","$775,000","3","1,672","I03","1956","5","Manor Square 38-47 B","No","No","$775,000"
"1","A11726125","CS","3560","1210 NW 2nd St","","$765,000","","¤2,183","I04","1965","5","¤SEMINOLE FOREST","No","No","$765,000"
"1","A11599826","CS","3380","1104 NE 16th Ave","","$732,000","2","¤1,686","I02","1960","4","¤PROGRESSO","No","No","$732,000"
"1","A11957746","CS","3370","2024 NE 26th St","","$724,490","","¤2,109","I04","1985","5","¤CORAL POINT","No","No","$724,490"
"1","F10464010","CS","3450","845-853 NE 37th St","","$789,000","2","1,952","I02","1967","4","Oakland Park Second Add 1","Yes","No","$789,000"
"1","F10518820","CS","3450","3450 - 3460 NE 13th Ave","","$750,000","","1,970","I02","1983","4","The Corals","No","No","$750,000"
"1","A11653802","CS","3570","244 SW 21st St","","$750,000","","¤1,698","I03","1950","6","¤LAUDERDALE","No","No","$750,000"
"1","F10493778","CS","3370","1017 NE 23rd Dr","","$740,000","2","1,625","I02","1959","5","Wilton Manors","No","No","$740,000"
"1","F10468911","CS","3460","1225 NW 2nd Street","","$729,592","","2,076","I04","1964","4","SEMINOLE FOREST","No","No","$729,592"
"1","A11670575","CS","3370","15 NE 16th St","","$735,000","","¤1,796","I02","1967","4","¤PLACIDO PLACE","No","No","$735,000"
"1","B26003787","CS","3370","832-834 NE 22nd Drive Unit#1-4","","$695,000","2","1,835","","1965","","WILTON MANORS","No","No","$695,000"
"1","A11914108","CS","3380","1411 NE 12th St","","$715,000","2","¤1,752","I02","1959","6","¤PROGRESSO","No","No","$715,000"
"1","R11132122","CS","3380","1025-1027 NE 16 Terrace","","$585,000","4","4,223","","1960","","Progresso","No","No","$585,000"
"1","F10536659","CS","3470","828 SW 14th Court","","$750,000","0","1,791","","2020","","Esmonda Gardens 22-20 B","Yes","No","$750,000"
"1","F10485017","CS","3480","411 SW 19th St","","$730,000","","1,606","I03","1939","3","Lauderdale 2-9 D","No","No","$730,000"
"1","F10474026","CS","3480","800 SW 14th St","","$750,000","","3,166","I02","1965","7","Island View 33-2 B","No","No","$750,000"
"1","F10458307","CS","3720","271 NW 41st St","","$730,000","","2,608","I04","1959","5","Prospect Gardens 22-26 B","No","No","$730,000"
"1","A11694658","CS","3480","814/812 SW Thirteenth St.","","$749,500","2","¤2,297","I02","1969","4","¤ISLAND VIEW","No","No","$749,500"
"1","F10479530","CS","3360","3468 NE 17th Ave","","$724,500","2","1,998","I02","1960","5","OAKLAND PARK SECOND ADD","No","No","$724,500"
"1","A11790888","CS","3380","901 NE 16th St","","$739,000","","¤1,690","I02","1953","4","¤LAUDERDALE PARK 6-33 1/2","No","No","$739,000"
"1","A11913003","CS","3600","1901 Miami Rd","","$715,000","3","¤1,980","I03","1969","3","¤EVERGLADE LAND SALES CO","No","No","$715,000"
"1","R10997900","CS","3380","1232 NE 16th Avenue","","$675,000","2","1,346","I02","1960","","PROGRESSO","No","No","$675,000"
"1","F10463297","CS","3480","1510 SW 20th St","","$715,000","2","1,652","I02","1959","4","Marilynn Gardens 48-50 B","No","No","$715,000"
"1","R11081540","CS","3450","754 NE 40th Street","","$698,500","3","1,450","","1959","","OAKLAND PARK SECOND ADD","No","No","$698,500"
"1","F10486859","CS","3370","1428 NE 2nd Ave","","$735,000","2","1,750","I02","1985","4","Progresso 2-18 D","No","No","$735,000"
"1","A11711284","CS","3390","1125/1127 N Andrews Ave","","$685,000","","¤2,393","I02","1977","6","¤PROGRESSO","No","No","$685,000"
"1","F10491620","CS","3450","925 NE 40th Street","","$715,000","2","1,538","I02","1959","6","Oakland Park","Yes","No","$715,000"
"1","A11874679","CS","3380","1123 NE 1st Ave","","$713,275","2","¤1,856","I02","1950","3","¤PROGRESSO","No","No","$713,275"
"1","A11928786","CS","3370","1433 NE 22nd St","","$625,000","","¤1,828","I02","1959","3","¤EDGEWATER ESTATES 1ST ADD","No","No","$625,000"
"1","R11048301","CS","3370","1211 NE 2nd Avenue Unit#1-2","","$695,000","","1,847","I02","1986","","PROGRESSO","No","No","$695,000"
"1","F10457231","CS","3370","1005 NE 17th St","","$700,000","4","2,057","I04","1959","6","LAUDERDALE PARK 6-33 1/2","No","No","$700,000"
"1","A11824256","CS","3450","754 NE 36th St","","$700,000","","¤2,007","I02","1970","4","¤OAKLAND PARK SECOND ADD","No","No","$700,000"
"1","F10491334","CS","3470","604-606 SW 5th Ave","","$640,000","2","2,229","I02","1981","4","TARPON RIVER","No","No","$640,000"
"1","F10490674","CS","3470","600-602 SW 5th Ave","","$640,000","","2,133","I02","1981","4","Ft Lauderdale B-40 D","No","No","$640,000"
"1","F10491338","CS","3470","608-610 SW 5th Ave","","$640,000","2","2,133","I02","1981","4","Ft Lauderdale B-40 D","No","No","$640,000"
"1","F10473507","CS","3470","912 SW 2nd St","","$675,000","4","2,676","I04","1958","4","Waverly Place 2-19 D","No","No","$675,000"
"1","F10500863","CS","3480","1601 SW 20th Ave","","$720,000","3","1,894","I03","1957","6","Shady Banks","No","No","$720,000"
"1","F10545810","CS","3360","1632 NE 33rd Street","","$685,000","1","1,914","","1961","","Simpson Place 9-53 B","No","No","$685,000"
"1","R11131766","CS","3480","830 SW 14th Street","","$670,000","2","2,313","I02","1967","","ISLAND VIEW","No","No","$670,000"
"1","A11815372","CS","3470","1001 SW 4th Ave","","$685,000","","¤1,978","I02","1958","4","¤LAUDERDALE","No","No","$685,000"
"1","A11779807","CS","3480","1712 SW 20th St","","$715,000","","¤1,776","I02","1969","4","¤OSCEOLA PARK","No","No","$715,000"
"1","F10554558","CS","3360","1478 NE 34th Court","","$645,000","2","1,210","","1964","","Oakland Park 2-38 B","No","No","$645,000"
"1","A11724152","CS","3370","1827 N Dixie Hwy","","$480,000","","¤2,080","I03","1964","4","¤LAUDERDALE PARK 6-33 1/2","No","No","$480,000"
"1","F10471887","CS","3390","916 NW 26th St","","$692,500","2","1,705","I02","1975","4","BONNIE VILLAS","No","No","$692,500"
"1","F10446926","CS","3470","923 W Las Olas Blvd","","$634,900","2","2,112","I02","1972","4","Waverly Place 2-19 D","No","No","$634,900"
"1","F10535963","CS","3360","1644 NE 33RD ST","","$680,000","2","2,175","I02","1971","4","SIMPSON PLACE","No","No","$680,000"
"1","R11121045","CS","3370","823-825 NW 30th Court Unit#1-2","","$685,000","2","2,156","I02","1967","","OAKLAND BOULEVARD","No","No","$685,000"
"1","F10441161","CS","3370","53 NE 16th Pl","","$550,000","","2,673","I03","1951","4","Placido Place Resub 34-36","No","No","$550,000"
"1","A11612556","CS","3390","1509 NW 3rd Ave","","$607,500","3","2,000","I03","1938","6","¤PROGRESSO","No","No","$607,500"
"1","A11770585","CS","3400","1538 NE 5th Ave","","$670,000","","¤1,557","I02","1963","5","Middle river Terrace","No","No","$670,000"
"1","A11885801","CS","3450","901 NE 39th St","","$680,000","2","¤2,894","I02","1976","5","¤OAKLAND PARK SECOND ADD","No","No","$680,000"
"1","F10516851","CS","3480","931 - 933 SW 16th Pl","","$692,000","2","2,602","I02","1970","4","Mandarin Isle Add 69-13 B","No","No","$692,000"
"1","F10497723","CS","3480","944 SW 16th St","","$675,000","2","2,602","I02","1970","6","Mandarin Isle Add 69-13 B","No","No","$675,000"
"1","A11659870","CS","3360","1699 NE 33rd St","","$645,000","2","¤2,031","I02","1966","2","¤OAKLAND PARK SECOND ADD","No","No","$645,000"
"1","A11929493","CS","3370","1015 NE 17th Ct","","$705,000","2","¤1,821","I02","1959","4","¤LAUDERDALE PARK 6-33 1/2","No","No","$705,000"
"1","F10521329","CS","3480","1799 SW 22nd Street","","$620,000","2","2,160","","1977","","Osceola Park 9-46 B","No","No","$620,000"
"1","F10516175","CS","3480","1524 SW 22nd St","","$675,000","2","2,149","I02","1969","4","Marilynn Gardens 48-50 B","No","No","$675,000"
"1","A11953402","CS","3380","1427-1429 NE 17th Ct","","$635,550","2","¤1,708","I02","1961","6","Middle River Terrace","No","No","$635,550"
"1","F10445494","CS","3450","3620 NE 1st Ter","","$625,000","3","2,340","I03","1971","5","Feller Estates","No","No","$625,000"
"1","A11781717","CS","3470","1905 SW 11th St","","$600,000","","¤2,616","I02","1963","4","¤RIVERSIDE PARK","No","No","$600,000"
"1","F10520190","CS","3390","1345 N Andrews Ave #1-2","","$672,000","2","2,010","I02","1968","4","Progresso 2-18 D","No","No","$672,000"
"1","A11733595","CS","3390","417 NW 15th Ave","","$685,000","","¤1,988","I03","1961","4","¤DORSEY PARK FIRST ADD","No","No","$685,000"
"1","A11719715","CS","3270","928 N Victoria Park Rd","","$580,000","","¤1,393","I02","1970","4","¤PROGRESSO","No","No","$580,000"
"1","A11969747","CS","3380","1116 NE 15th Ave","","$605,000","","¤1,120","I02","1975","5","¤PROGRESSO","No","No","$605,000"
"1","A11915957","CS","3390","1035 NW 8th Ave","","$718,000","2","¤2,554","I02","1971","6","¤PROGRESSO","No","No","$718,000"
"1","F10504826","CS","3450","970 NE 38th St","","$659,000","","1,418","I03","1959","6","Oakland Park Second Add 1","No","No","$659,000"
"1","F10448290","CS","3460","645 NW 15th Ave","","$676,000","4","2,225","I04","1985","4","Dorsey Park 19-5 B","No","No","$676,000"
"1","F10534735","CS","3480","513 SW 15th St","","$706,000","","1,620","","1959","4","Lauderdale 2-9 D","No","No","$706,000"
"1","A11518731","CS","3360","1279 NE 40th Pl","","$620,000","3","1,720","I03","1990","6","CENTRAL CORALS","No","No","$620,000"
"1","F10477633","CS","3480","1811 SW 21st St","","$650,000","2","1,537","I02","1959","4","Osceola Park 9-46 B","No","No","$650,000"
"1","A11620139","CS","3720","281 NW 43rd St","","$660,000","3","¤2,403","I03","1971","6","¤PROSPECT GARDENS","No","No","$660,000"
"1","R10997906","CS","3380","1113-1115 NE 17th Terrace","","$600,000","","1,449","I02","1952","","PROGRESSO","No","No","$600,000"
"1","A11787315","CS","3450","460 NE 45th St","","$670,000","2","¤2,084","I02","1970","4","¤NORTH ANDREWS GARDENS 2ND","No","No","$670,000"
"1","A11684338","CS","3350","1042 NW 8th Ave","","$630,000","2","¤2,662","I02","1981","5","¤PROGRESSO","No","No","$630,000"
"1","B26007188","CS","3380","1516 N Dixie Highway Unit#1-2","","$600,000","2","1,944","","1959","","LAUDERDALE PARK 6-33 1/2","No","No","$600,000"
"1","F10470358","CS","3400","1471 NW 21st St","","$560,000","","2,052","I03","1973","4","Ft Lauderdale Estates 76-","No","No","$560,000"
"1","A11885085","CS","3450","3960 NE 8th Ave","","$600,000","2","¤2,015","I02","1963","6","¤OAKLAND PARK SECOND ADD","Yes","No","$600,000"
"1","A11904000","CS","3500","218 SW 14th Ct","","$615,000","2","¤6,168","I02","1953","4","¤LAUDERDALE","No","No","$615,000"
"1","F10454688","CS","3720","375 NW 40th Ct","","$650,000","4","2,858","I04","1973","6","Prospect Gardens 22-26 B","No","No","$650,000"
"1","A11940189","CS","3480","421 SW 14th Ct","","$615,000","2","¤1,642","I02","1966","6","Croissant Springs","No","No","$615,000"
"1","F10516235","CS","3480","2120 SW 18th Avenue","","$620,000","2","2,160","","1977","","Osceola Park 9-46 B","No","No","$620,000"
"1","A11935969","CS","3480","900 Mandarin Isle #1-2","","$667,000","2","¤2,764","I02","1976","6","Mandarin Isle","No","No","$667,000"
"1","F10500496","CS","3600","1715 SW 21st St","","$562,000","","1,741","","1969","4","Osceola Park 9-46 B","No","No","$562,000"
"1","F10418905","CS","3450","3779-3781 NE 10th Ave","","$600,000","2","1,380","I02","1958","5","Oakland Park Second Add 1","No","No","$600,000"
"1","F10539407","CS","3360","3280 NE 15th Ave","","$600,000","","1,847","","1967","4","Ocean Ave Heights 11-3 B","No","No","$600,000"
"1","F10485376","CS","3390","1201 NW 5th Ave","","$639,000","2","1,456","I02","1964","4","Progresso 2-18 D","No","No","$639,000"
"1","F10483221","CS","3390","1200 NW 3 Ave","","$610,000","","2,304","I02","1980","5","progresso","No","No","$610,000"
"1","F10501192","CS","3450","251 NE 40th Ct","","$637,000","","1,650","I02","1969","4","Boniello Gardens 1 Add 66","No","No","$637,000"
"1","F10550355","CS","3360","3200 NE 13th Avenue","","$500,000","2","1,633","","1961","","Oakland Park 2-38 B","No","No","$500,000"
"1","R11123704","CS","3380","1317 NE 1st Avenue","","$625,000","2","1,042","","1966","","PROGRESSO","No","No","$625,000"
"1","A11640621","CS","3380","1236 NE 12th Ave","","$626,000","","¤2,730","I02","1993","4","¤PROGRESSO","No","No","$626,000"
"1","A11687423","CS","3450","210 NE 41st St","","$620,000","4","¤3,179","I04","1969","8","¤BONIELLO GARDENS 2ND ADD","No","No","$620,000"
"1","F10513321","CS","3470","1004 W Las Olas Blvd","","$645,000","3","1,526","I03","1968","5","WAVERLY PLACE","No","No","$645,000"
"1","B26037587","CS","3500","210 SW 11th Street Unit#1-2","","$625,000","2","1,590","","1958","","CROISSANT PARK RIVER SEC","No","No","$625,000"
"1","A11640062","CS","3860","715 NW 15th Ter","","$624,000","","¤1,853","I03","1961","3","¤CARVER PARK","No","No","$624,000"
"1","A11681803","CS","3380","1116-1118 NE 15th Av","","$603,000","2","¤1,120","I02","1952","4","¤PROGRESSO","No","No","$603,000"
"1","F10491874","CS","3450","872 NE 40th St","","$575,000","2","1,458","I02","1958","5","OAKLAND PARK SECOND ADD","No","No","$575,000"
"1","R11022984","CS","3450","1086 NE 36th Street","","$590,000","2","1,196","","1958","","OAKLAND PARK SECOND ADD","No","No","$590,000"
"1","A11658553","CS","3390","1439 NW 8th Ave","","$500,000","","¤2,504","I02","1968","4","¤PROGRESSO","No","No","$500,000"
"1","F10447181","CS","3370","1232-1234 3rd Ave","","$580,000","3","2,000","I03","1951","5","Progresso","No","No","$580,000"
"1","F10506298","CS","3380","1116 NE 17th Ter","","$560,000","","1,553","I03","1953","3","Progresso 2-18 D","No","No","$560,000"
"1","F10390454","CS","3390","1040 NW 5th Ave","","$600,000","2","1,820","I02","1966","4","Progresso 2-18 D","No","No","$600,000"
"1","A11838002","CS","3400","1535 NE 5th Ter","","$600,000","","¤1,722","I02","1958","6","Middle river Terrace","No","No","$600,000"
"1","F10447743","CS","3360","3331 NE 16th Ave","","$540,000","2","1,456","I02","1964","4","Oakland Park Second Add 2","No","No","$540,000"
"1","A11950433","CS","3390","1221 NW 5th Ave","","$485,000","2","¤1,770","I02","1974","4","¤PROGRESSO","No","No","$485,000"
"1","A11722974","CS","3380","1601 NE 11th Ave","","$599,000","2","¤1,086","I02","1954","7","¤LAUDERDALE PARK 6-33 1/2","No","No","$599,000"
"1","A11962362","CS","3390","919 NW 13th St","","$560,000","3","¤1,478","I03","1955","8","¤LAUDERDALE MANORS ADD","No","No","$560,000"
"1","B26002896","CS","3450","902 NE 34th Street","","$580,000","3","1,472","","1949","","OAKLAND PARK SECOND ADD","Yes","No","$580,000"
"1","F10552329","CS","3450","1085 NE 34th Street","","$555,000","3","1,834","","1964","","Oakland Park Second Add 1","No","No","$555,000"
"1","A11781608","CS","3470","1901 SW 11th St","","$435,000","","¤1,820","I02","1960","4","¤RIVERSIDE PARK","No","No","$435,000"
"1","A11762963","CS","3470","804 SW 4th Street","","$515,000","2","1,400","I02","1944","5","Sailboat Bend","No","No","$515,000"
"1","B26000809","CS","3380","1010 NE 16th Street","","$586,500","2","812","","1988","","LAUDERDALE PARK 6-33 1/2","No","No","$586,500"
"1","A11820113","CS","3390","1410-1412 NW 8th Ave","","$585,000","","¤2,504","I02","1968","4","¤PROGRESSO","No","No","$585,000"
"1","F10521322","CS","3480","1530 SW 21st St","","$530,000","","1,822","I02","1969","4","Marilynn Gardens 48-50 B","No","No","$530,000"
"1","F10506375","CS","3500","341 SW 21st St","","$552,500","","1,029","I02","1951","2","Lauderdale 2-9 D","No","No","$552,500"
"1","F10496362","CS","3500","246 W Park Drive","","$580,000","2","1,573","I02","1955","2","CROISSANT PARK PARK SEC","No","No","$580,000"
"1","F10441415","CS","3460","1901 NW 14th Ave","","$560,000","","2,358","I03","1973","5","Ft Lauderdale Estates 76-","No","No","$560,000"
"1","A11841529","CS","3390","1437 N Andrews Ave","","$585,000","","¤1,948","I03","1959","7","¤PROGRESSO","No","No","$585,000"
"1","A11874270","CS","3380","1020 NE 16th Ter","","$515,000","","¤1,104","I02","1951","4","Lake Ridge Progresso","No","No","$515,000"
"1","F10508835","CS","3390","1238 NW 5th Ave","","$579,000","2","1,742","I02","1966","4","Progresso 2-18 D","No","No","$579,000"
"1","F10545347","CS","3400","1451 NW 20th Court","","$579,000","2","2,059","","1974","","FT LAUDERDALE ESTATES","No","No","$579,000"
"1","F10435813","CS","3470","834 - 836 SW 14th St","","$530,000","2","2,070","I02","1967","8","Island View 33-2 B","No","No","$530,000"
"1","F10485907","CS","3390","1345 NW 1st Ave","","$530,000","","1,235","I02","1953","6","PROGRESSO","No","No","$530,000"
"1","A11520618","CS","3390","1619 NW 8th Ave","","$560,000","","¤2,504","I02","1970","0","¤PROGRESSO","No","No","$560,000"
"1","F10463203","CS","3380","1405-1407 NE 17 St","","$590,000","2","1,428","I02","1959","5","Allenwood 7-51 B","No","No","$590,000"
"1","F10421905","CS","3390","1500 NW 6th Ave","","$576,000","2","2,770","I02","1956","4","PROGRESSO","No","No","$576,000"
"1","A11762803","CS","3390","1025 NE 3RD AVE","","$515,000","2","","I02","1953","4","Progreeso","No","No","$515,000"
"1","R11047791","CS","3490","217 SW 11th Court Unit#1-2","","$495,000","2","1,469","I02","1965","","CROISSANT PARK RIVER SEC","No","No","$495,000"
"1","F10504022","CS","3360","1573 NE 33rd St","","$405,000","2","1,670","I02","1924","3","Oakland Park Second Add 2","No","No","$405,000"
"1","A11598699","CS","3380","1505 NE 15th Ave","","$529,000","2","¤1,562","I02","1956","6","¤ALLENWOOD ADD","No","No","$529,000"
"1","F10503025","CS","3390","1326 NW 8th Ave","","$540,000","","2,480","I02","1968","4","Progresso 2-18 D","No","No","$540,000"
"1","F10555746","CS","3450","4331 NE 5th Avenue","","$517,000","2","1,441","","1964","","Annex Park 44-1 B","No","No","$517,000"
"1","A11619559","CS","3460","1016 NW 6th Ave","","$520,000","","¤1,350","I02","1985","2","¤PROGRESSO","No","No","$520,000"
"1","F10446941","CS","3470","925 W Las Olas Blvd","","$498,850","2","1,064","I02","1955","4","Waverly Place 2-19 D","No","No","$498,850"
"1","A11984894","CS","3480","850 SW 12th Ct","","$535,000","","¤1,928","I02","1968","4","¤ISLAND VIEW","No","No","$535,000"
"1","B26018247","CS","3600","707 SE 18th Street Unit#1-2","","$490,000","2","1,200","","1955","","EVERGLADE LAND SALES CO","No","No","$490,000"
"1","F10479600","CS","3470","1955 Riverside Dr","","$525,000","","2,006","I02","1958","6","Riverside Park 7-24 B","No","No","$525,000"
"1","R11010453","CS","3470","500 SW 10th Street","","$560,000","2","1,744","","1940","","LAUDERDALE","No","No","$560,000"
"1","F10469465","CS","3370","1233 NE 3rd Ave","","$530,000","","1,447","I02","1952","5","Progresso 2-18 D","No","No","$530,000"
"1","F10493231","CS","3550","841 NW 39th St","","$551,000","4","2,220","I04","1964","4","Lloyd Estates","No","No","$551,000"
"1","A11990001","CS","3570","1713 SW 11th Ct","","$540,000","","¤1,941","I02","1963","4","¤RIVERSIDE PARK ADD AMEN P","No","No","$540,000"
"1","F10538931","CS","3360","1539 NE 32nd St","","$529,000","","1,050","","1954","4","Ocean Ave Heights 11-3 B","No","No","$529,000"
"1","F10538929","CS","3370","1539 NE 32nd Street","","$529,000","2","1,050","","1954","","Ocean Ave Heights 11-3 B","No","No","$529,000"
"1","F10456635","CS","3360","1633 NE 32nd STREET  1-2","","$490,000","2","1,644","I02","1960","6","Simpson Place 9-53 B","No","No","$490,000"
"1","B26021650","CS","3390","1100 NW 3rd Avenue Unit#1-2","","$525,000","2","1,137","","1953","","PROGRESSO","No","No","$525,000"
"1","F10541961","CS","3390","1500 NW 2nd Avenue","","$320,000","2","744","","1973","","Progresso 2-18 D","No","No","$320,000"
"1","A11926886","CS","3390","1533 NW 2nd Ave","","$510,000","2","¤1,290","I02","1984","4","¤PROGRESSO","No","No","$510,000"
"1","F10474344","CS","3470","1405-1407 SW 9th St","","$450,000","2","1,625","I02","1958","4","RIVERSIDE ADD AMEN PLAT","No","No","$450,000"
"1","A11840154","CS","3311","805 NW 12th Ave","","$461,800","3","¤1,357","I03","1956","4","¤LINCOLN PARK THIRD ADD","No","No","$461,800"
"1","F10418656","CS","3390","1324 NW 5th Ave","","$475,000","","1,404","I02","1957","4","Progresso 2-18 D","No","No","$475,000"
"1","A11927760","CS","3460","1810 NW 9th St","","$520,000","","¤1,464","I02","1965","4","¤LAUDERDALE HOMESITES FIRS","No","No","$520,000"
"1","F10523799","CS","3360","1573 NE 33rd St","","$509,000","2","1,670","I02","1924","3","Oakland Park Second Add 2","No","No","$509,000"
"1","F10482186","CS","3370","1219 NE 5th Terrace","","$430,000","0","1,000","","1957","","Progresso 2-18 D","No","No","$430,000"
"1","B26030712","CS","3390","1135 NW 6th Avenue","","$500,000","2","1,440","","1958","","PROGRESSO","No","No","$500,000"
"1","F10538784","CS","3370","1444 NE 3rd Avenue","","$415,000","2","1,495","","1955","","PROGRESSO","No","No","$415,000"
"1","F10449623","CS","3390","1118-1120 NW 2nd Ave","","$495,000","","664","I02","1960","2","Progresso 2-18 D","No","No","$495,000"
"1","A11779091","CS","3590","1906 SW 8th St","","$485,000","","¤1,464","I02","1955","4","¤HAZELWOOD ACRES","No","No","$485,000"
"1","A11808134","CS","3390","1025 NW 3rd Ave","","$460,000","2","¤1,356","I02","1953","4","¤PROGRESSO","No","No","$460,000"
"1","A12016537","CS","3390","1440-1442 NW 5th Ave","","$475,000","","¤1,430","I02","1956","2","¤PROGRESSO","No","No","$475,000"
"1","A11831124","CS","3400","630 NW 15th Ter","","$460,000","","¤1,488","I02","1961","4","¤DORSEY PARK","No","No","$460,000"
"1","A11965234","CS","3400","1450 NW 19th Ct","","$380,000","","¤1,631","I02","1973","3","¤FT LAUDERDALE ESTATES","No","No","$380,000"
"1","A11707890","CS","3460","817 NW 12th ave","","$430,000","","¤1,238","I02","1958","4","¤LINCOLN PARK THIRD ADD","No","No","$430,000"
"1","A11593622","CS","3470","907 SW 15th Ter","","$360,000","2","¤1,695","I02","1958","3","¤RIVERSIDE NO 3","No","No","$360,000"
"1","A11938358","CS","3400","1028 NW 6th Ave","","$395,000","","¤1,350","I02","1987","2","¤PROGRESSO","No","No","$395,000"
"1","F10496738","CS","3380","1317 NE 1st Ave","","$445,000","","1,042","I02","1949","5","Progresso 2-18 D","No","No","$445,000"
"1","A11948782","CS","3460","844 NW 18th Ave","","$440,000","","¤1,290","I02","1965","3","¤LAUDERDALE HOMESITES","No","No","$440,000"
"1","F10535409","CS","3390","1608 NW 5th Ave","","$429,000","","1,015","","1951","4","Progresso 2-18 D","No","No","$429,000"
"1","F10463505","CS","3450","902 NE 39th St","","$440,000","","1,285","I02","1958","4","Oakland Park Second Add 1","No","No","$440,000"
"1","F10465792","CS","3460","404 NW 10th Ave","","$416,000","","1,291","I02","1994","4","TUSKEGEE PARK","No","No","$416,000"
"1","F10511344","CS","3460","537 NW 16th Ave","","$420,000","2","1,425","I02","1954","6","Dorsey Park Second Add 23","No","No","$420,000"
"1","A11725010","CS","3720","1608 NW 9th Ave","","$365,000","","¤1,242","I02","1968","4","¤PROGRESSO","No","No","$365,000"
"1","R11033854","CS","3460","1808 NW 9th Street Unit#1-2","","$415,000","2","1,238","I02","1958","","LAUDERDALE HOMESITES FIRS","No","No","$415,000"
"1","F10460847","CS","3560","636 NW 14th Ter","","$419,990","","1,264","I02","1958","4","Lincoln Park Corr 5-2 B","No","No","$419,990"
"1","A11715672","CS","3560","631 NW 22nd Rd","","$430,000","2","¤1,164","I02","1965","4","¤WASHINGTON PARK","No","No","$430,000"
"1","A11810944","CS","3860","716 NW 14th Way","","$417,000","","¤1,288","I02","1963","4","¤LINCOLN PARK CORR PLAT","No","No","$417,000"
"1","A11850792","CS","3400","1420 N Andrews Ave","","$410,000","","¤1,080","I02","1959","4","¤PROGRESSO","No","No","$410,000"
"1","A11911604","CS","3390","1806 SW 22nd St","","$412,000","2","¤1,210","I02","1954","2","¤OSCEOLA PARK","No","No","$412,000"
"1","F10424903","CS","3390","1726-1728 NW 7th Ave","","$400,000","2","955","I02","1953","4","Progresso 2-18 D","No","No","$400,000"
"1","F10530056","CS","3400","632-634 NW 14th Ter","","$370,000","2","880","I02","1959","4","Lincoln Park Corr 5-2 B","No","No","$370,000"
"1","F10479946","CS","3390","1440 NW 5TH Ave","","$380,000","","1,478","I02","1956","5","Progresso 2-18 D","No","No","$380,000"
"1","A11735490","CS","3370","1013 NE 3rd Ave","","$515,000","4","¤2,363","I04","1973","5","¤PROGRESSO","No","No","$515,000"
"1","F10501718","CS","3390","1126 NW 4TH AV","","$380,000","","1,350","I02","1988","2","PROGRESSO 2-18 D","No","No","$380,000"
"1","A11729800","CS","3450","883 NE 39th St","","$380,000","2","¤1,250","I02","1956","4","¤OAKLAND PARK SECOND ADD","No","No","$380,000"
"1","A11715891","CS","3460","1200 NW 9th Street","","$357,500","","¤1,023","I02","1968","4","¤LINCOLN PARK THIRD ADD","No","No","$357,500"
"1","A11931647","CS","3400","1521 NW 5th Ave","","$349,000","","¤1,074","I02","1963","4","¤PROGRESSO","No","No","$349,000"
"1","A12015378","PS","3380","1324 NE 14th Ave","","$999,999","","¤1,785","I02","1951","4","¤PROGRESSO","Yes","No",""
"1","B26045999","PS","3270","837 NE 17th Avenue","","$975,000","4","2,316","","1959","","PROGRESSO","No","No",""
"1","B26040741","PS","3450","736 - 738 NE 36th Street","","$799,000","3","3,149","","1971","","OAKLAND PARK SECOND ADD","No","No",""
"1","A11943558","PS","3400","1112 NE 5th Ave","","$750,000","2","¤2,550","I02","1986","4","¤PROGRESSO","No","No",""
"1","B26048367","PS","3500","312 SW 9th Street Unit#1-2","","$550,000","2","1,798","","1980","","LAUDERDALE","No","No",""
"1","A11999219","PS","3390","1619-1621 NW 8th Ave","","$545,000","2","¤2,504","I02","1969","4","¤PROGRESSO","No","No",""
"1","F10537999","PS","3460","734 NW 13th Terrace","","$500,000","2","1,596","","2006","","Citrus Park Farms 1-138 D","No","No",""
"1","A11969574","PS","3370","1425 NE 22nd St","","$489,000","2","¤1,679","I02","1963","4","¤EDGEWATER ESTATES 1ST ADD","No","No",""
"1","B26031740","PS","3390","1429 N Andrews Avenue","","$455,000","2","1,000","","1954","","PROGRESSO","No","No",""
