"","MLS # Link","St","Area","Address","Subdivision/Complex","","List Price","Sale Price","#Beds","#FBaths","#HBaths","SqFt LA","Type of Property","Year Built","#Garage Spaces","Pool YN","Waterfront Property (Y/N)","Design","Lot SqFt"
"1","B26035205","AC","3600","1721 SE 11th Street","RIO VISTA ISLES ","","$19,770,000","","8","6","2","7,030","Single","2026","3","Yes","Yes","","9,375"
"1","F10549463","AC","3260","2839 NE 26th Place","Coral Ridge Galt Add 1 ","","$9,975,000","","6","6","2","6,750","Single","2026","3","Yes","Yes","","12,004"
"1","F10543330","AC","3280","400 Coral Way","Coral Isles 15-47 B ","","$9,399,000","","5","6","1","6,349","Single","2021","3","Yes","Yes","","10,500"
"1","F10531403","AC","3280","2241 SE 17th Street Unit#Ph2","Azul Condominium Azul Condominium","","$7,950,000","","3","3","1","2,878","Condo","2025","2","Yes","Yes","","0"
"1","B26027844","AC","3280","441 Royal Plaza Drive","STILWELL ISLES ","","$6,475,000","","6","6","1","6,162","Single","2008","3","Yes","Yes","","12,000"
"1","R11047007","AC","3280","425 Coral Way","CORAL ISLES / LAS OLAS ISL ","","$5,475,000","","5","4","1","4,119","Single","1986","2","Yes","Yes","","10,500"
"1","F10542406","AC","3270","700 NE 20th Avenue","Victoria Highlands Amd ","","$4,900,000","","3","2","0","1,808","Single","1941","1","Yes","Yes","","11,250"
"1","B26015574","AC","3280","2525 Barcelona Drive","SEA ISLAND ","","$4,490,000","","4","3","0","3,124","Single","1981","","Yes","Yes","Substantially Remodeled","10,589"
"1","A11861181","AC","3160","701 N Fort Lauderdale Beach Blvd Unit#501","PARAMOUNT FT LAUDERDALE C PARAMOUNT FORT LAUDERDALE","","$4,375,000","","4","4","1","¤3,214","Condo","2017","2","","Yes","",""
"1","F10544077","AC","3270","508 NE 9th Avenue","Holmberg & Mc Kees Sub 1- ","","$3,999,900","","4","4","1","3,986","Single","2026","2","Yes","No","","8,100"
"1","F10549854","AC","3160","151 N Seabreeze Blv Unit#E-701","Selene Oceanfront Residen Selene Oceanfront Residen","","$3,999,000","","3","4","0","3,112","Condo","2025","2","","Yes","","0"
"1","B26019543","AC","3260","2725 NE 28th Street","CORAL RIDGE GALT ADD NO 1 ","","$3,599,000","","4","4","1","3,200","Single","2026","2","Yes","No","Ranch","10,000"
"1","B26014700","AC","3160","3304 NE 14th Court","LAS OLAS BY THE SEA EXT ","","$3,575,000","","4","4","0","3,556","Single","2024","2","Yes","No","","6,212"
"1","B26032464","AC","3470","829 Coconut Drive","ALMEDA ","","$2,899,000","","3","2","1","3,100","Single","1988","2","Yes","Yes","","16,120"
"1","B26009537","AC","3170","3055 Harbor Drive Unit#1603","HARBOURAGE PLACE CONDO ","","$2,795,000","","3","2","1","3,368","Condo","1998","2","No","Yes","","0"
"1","B26034175","AC","3480","1201 Guava Isle","SOUTH NEW RIVER ISLES SEC ","","$2,700,000","","4","4","0","2,662","Single","2026","2","Yes","Yes","","7,950"
"1","F10515716","AC","3160","3325 NE 14th Court","Las Olas By The Sea Ext 3 ","","$2,600,000","","3","3","0","3,616","Single","2006","2","Yes","No","","6,212"
"1","F10538263","AC","3260","1731 NE 23rd Avenue","Bal Harbour 40-47 B ","","$2,599,000","","4","4","1","2,357","Single","1957","2","Yes","Yes","","8,581"
"1","F10387673","AC","3160","527 Orton Avenue Unit#903C","The Terraces The Terraces","","$2,595,000","","3","3","0","2,027","Condo","2025","1","","No","",""
"1","B26007290","AC","3260","2309 NE 12th Court","BEACH WAY HEIGHTS UNIT ","","$2,395,000","","4","4","0","3,004","Single","1950","1","Yes","No","Substantially Remodeled","10,410"
"1","F10517970","AC","3270","1621 E Broward Boulevard","VICTORIA PARK VICTORIA PARK","","$2,245,000","","4","4","1","3,227","Townhouse","2025","1","","No","",""
"1","B26047982","AC","3270","1015 A NE 3rd Street","STRANAHANS SUB ","","$2,200,000","","4","4","0","3,276","Townhouse","2026","1","Yes","No","Other",""
"1","B26047077","AC","3270","1003 A NE 3rd Street","STRANAHANS SUB ","","$2,200,000","","4","4","0","3,276","Townhouse","2026","1","Yes","No","",""
"1","B26046153","AC","3270","1009 A NE 3rd Street","STRANAHANS SUB ","","$2,200,000","","4","4","0","3,276","Townhouse","2026","1","Yes","No","",""
"1","B26011721","AC","3160","153 N Seabreeze Boulevard Unit#Unit 1105s","Selene Oceanfront ","","$1,997,500","","2","3","0","1,890","Condo","2025","1","No","No","","0"
"1","F10511282","AC","3600","1109 SE 11th Court","RIO VISTA ISLES ","","$1,950,000","","4","4","0","2,668","Single","1950","1","Yes","No","","8,750"
"1","B26023562","AC","3260","2800 NE 29th Street","CORAL RIDGE GALT ADD NO 1 ","","$1,875,000","","3","2","0","1,708","Single","1956","2","Yes","Yes","","12,628"
"1","A11736956","AC","3350","40 NE 24th St","LAZY LAKE ","","$1,800,000","","7","7","","2,583","Single","1953","0","Yes","Yes","Attached","36,000"
"1","F10517337","AC","3260","1368 Bayview Drive","DOCKSIDE AT GRANDEUR DOCKSIDE AT GRANDEUR","","$1,795,000","","4","3","1","2,882","Townhouse","2007","2","","Yes","",""
"1","F10549503","AC","3260","2525 NE 21st Court","Coral Ridge Galt Add 27-4 ","","$1,750,000","","3","3","0","2,995","Single","1952","2","Yes","No","","10,005"
"1","B26039496","AC","3600","1300 Cordova Road","LAUDERDALE HARBORS ","","$1,750,000","","2","2","0","1,916","Single","1951","","No","Yes","Other",""
"1","A11897948","AC","3700","1516 SE 1st St","COLEE HAMMOCK COLEE HAMMOCK","","$1,725,000","","5","4","0","¤3,066","Townhouse","2020","2","","No","",""
"1","F10544320","AC","3370","629 Kensington Place","Tropical Gardens Amd ","","$1,720,000","","4","3","1","3,678","Single","1970","2","Yes","Yes","","10,708"
"1","A12018291","AC","3170","2711 Mayan Dr","HARBOR BEACH ","","$1,699,000","","3","2","0","¤1,846","Single","1962","2","Yes","No","Detached","¤17,553"
"1","A12039362","AC","3270","736 NE 17th Way","VICTORIA HIGHLANDS ","","$1,688,000","","4","3","1","¤3,011","Single","2007","2","Yes","No","Detached","¤5,840"
"1","F10541236","AC","3280","100 E Las Olas Boulevard Unit#3004","100 E Las Olas Blvd 100 E Las Olas Blvd","","$1,549,000","","2","3","0","1,867","Condo","2020","1","","No","","0"
"1","A12024829","AC","3160","153 N Seabreeze Boulevard Unit#1403-S","SELENE OCEANFRONT SELENE OCEANFRONT","","$1,500,000","","2","2","1","1,416","Condo","2026","1","","No","",""
"1","A12002822","AC","3380","1122 NE 10th Ave Unit#A","Progresso Lake Ridge","","$1,495,000","","4","4","","2,814","Townhouse","2025","2","","No","",""
"1","A12002555","AC","3380","1122 NE 10th Ave Unit#B","PROGRESSO Lake Ridge","","$1,475,000","","4","4","","2,814","Townhouse","2025","2","","No","",""
"1","B26030697","AC","3270","648 NE 17th Avenue","VICTORIA PARK ","","$1,380,000","","3","2","1","1,888","Single","1941","","Yes","No","Ranch, Substantially Remodeled","6,972"
"1","B26019953","AC","3390","2812 NW 12th Avenue","JENADA ISLE ","","$1,350,000","","4","3","0","2,155","Single","1965","2","Yes","No","Ranch","9,866"
"1","B26008985","AC","3480","1328 SW 21st Court","RIVER OAKS ","","$1,340,499","","4","3","1","3,058","Single","2011","2","Yes","No","Substantially Remodeled","6,353"
"1","B26010633","AC","3600","1004 SE 11th Street","RIO VISTA ISLES ","","$1,330,000","","3","2","0","1,891","Single","1949","","No","No","Substantially Remodeled",""
"1","B26046727","AC","","333 Las Olas Way Unit#2906","LAS OLAS RIVER HOUSE CONDO ","","$1,250,000","","2","2","1","1,869","Condo","2004","1","No","No","","0"
"1","B26045733","AC","","411 N New River Drive Unit#3402","LAS OLAS GRAND ","","$1,249,000","","2","2","0","1,630","Condo","2005","1","No","Yes","","0"
"1","B26000803","AC","3260","2549 NE 27th Avenue","CORAL RIDGE GALT ADD ","","$1,235,000","","2","2","0","1,545","Single","1953","1","Yes","No","Ranch","9,735"
"1","A12003048","AC","3470","1704 SW 5th Ct","GILL ISLES ","","$1,200,000","","3","2","0","¤2,083","Single","1970","0","Yes","Yes","Detached","¤7,475"
"1","A11859662","AC","3280","110 Hendricks Isle Unit#13","TERRACES OF THE ISLE COND TERRACES OF THE ISLE","","$1,190,000","","3","3","1","¤2,600","Condo","2004","2","","Yes","",""
"1","F10545686","AC","3280","347 N New River Drive Unit#1401","WATERGARDEN WATERGARDEN","","$1,175,000","","2","2","0","1,615","Condo","2004","2","","Yes","","0"
"1","B26040092","AC","3370","2043 NE 29th Street","CORAL SHORES ","","$1,095,000","","3","2","0","2,038","Single","1954","1","Yes","No","Ranch","7,000"
"1","B26018950","AC","3480","904 Citrus Isle","SOUTH NEW RIVER ISLES SEC ","","$1,000,000","","3","2","1","1,296","Single","1954","","Yes","Yes","","7,420"
"1","A11994420","AC","3170","1578 S Ocean Ln Unit#214","OCEANAGE CONDO Oceanage","","$999,000","","2","2","0","¤1,264","Condo","1973","0","","No","",""
"1","B26044170","AC","3270","302 NE 11th Avenue","STRANAHANS SUB ","","$999,000","","3","2","1","2,045","Townhouse","1996","1","No","No","","2,634"
"1","F10477745","AC","3160","100 S Birch Road Unit#1102C","JACKSON TOWER JACKSON TOWER","","$975,000","","3","2","1","1,990","Condo","2001","2","","Yes","",""
"1","A11934238","AC","3170","2200 S Ocean Ln Unit#2103","POINT OF AMERICAS II Point of Americas","","$975,000","","2","2","0","¤1,258","Condo","1972","1","","Yes","",""
"1","B26046518","AC","3170","1 Las Olas Circle Unit#610","VENETIAN CONDO ","","$949,000","","2","2","0","1,500","Condo","1970","1","No","Yes","Substantially Remodeled","0"
"1","B26033440","AC","3380","1426 NE 17th Avenue","PROGRESSO ","","$949,000","","4","3","0","2,051","Single","1952","","Yes","No","","7,830"
"1","F10549292","AC","3280","347 N New River Drive Unit#301","WATERGARDEN CONDO WATERGARDEN CONDO","","$850,000","","2","2","0","1,615","Condo","2004","2","","Yes","",""
"1","B26031885","AC","3390","2224 NW 6th Terrace","HILLBROOK ","","$849,900","","3","2","0","1,700","Single","1958","","Yes","No","",""
"1","B26009561","AC","3280","333 Sunset Drive Unit#208","FOUR SEASONS CONDO ","","$849,000","","3","2","1","1,770","Condo","1959","1","No","Yes","Substantially Remodeled","0"
"1","B26002077","AC","3370","615 NE 22nd Drive","VILLAGE AT WILTON MANORS I ","","$847,000","","3","2","2","1,700","Townhouse","2021","2","No","No","","1,067"
"1","F10556148","AC","3160","511 Bayshore Drive Unit#501","BAYSHORE TOWERS BAYSHORE TOWERS","","$835,000","","2","2","0","1,436","Condo","1971","1","","Yes","",""
"1","B26030388","AC","3370","625 NE 22nd Drive","VILLAGE AT WILTON MANORS I ","","$799,000","","3","2","1","1,580","Townhouse","2021","2","No","No","","1,160"
"1","B26036893","AC","3270","1618 NE 5th Street","MIDDLE RIVER PARK ","","$775,000","","2","2","1","1,339","Townhouse","1988","1","No","No","Other, Substantially Remodeled","3,125"
"1","A12032573","AC","3480","1408 SW 4th Ave","14 South FT. Lauderdale 14 South FT. Lauderdale","","$765,000","","3","3","1","¤2,105","Townhouse","2022","2","","No","",""
"1","F10543174","AC","3480","812 SW 14th Court","Esmonda Gardens 22-20 B ","","$759,000","","3","2","0","1,838","Single","1962","1","No","No","","10,724"
"1","B26029286","AC","3470","500 SW 8th Street","PINEWOOD PLACE RESUB PT ","","$749,000","","2","2","0","1,400","Single","1933","","No","No","","13,642"
"1","B26007751","AC","3160","2001 N Ocean Boulevard Unit#702s","The Vue ","","$740,000","","2","2","0","1,397","Condo","2005","1","No","No","","0"
"1","B26043142","AC","3170","1 Las Olas Circle Unit#905","VENETIAN CONDO ","","$739,000","","2","2","0","1,200","Condo","1970","1","No","Yes","","0"
"1","B26051010","AC","3480","1004 SW 19th Street","REAMEN PLAT YELLOWSTONE PA ","","$724,500","","4","2","0","1,984","Single","1969","1","No","No","Substantially Remodeled","6,248"
"1","B26004143","AC","3380","1503 NE 18th Avenue","PROGRESSO ","","$700,000","","3","2","0","2,085","Single","1951","","No","No","","6,747"
"1","B26042554","AC","3470","1445 SW 11th Place","VALENTINES SUB B-29 ","","$699,900","","3","2","1","2,107","Single","2002","2","No","No","","6,900"
"1","B26016463","AC","3380","1127 N Victoria Park Road","PROGRESSO ","","$699,000","","2","2","1","2,102","Townhouse","2006","2","No","No","","2,188"
"1","B26019676","AC","3810","444 NW 1st Avenue Unit#602","AVENUE LOFTS CONDO FOUR ","","$699,000","","2","2","0","1,609","Condo","2005","1","No","No","Other","0"
"1","R11161207","AC","3260","2001 NE 30th Street","CORAL SHORES ","","$692,000","","3","2","0","1,552","Single","1954","","No","No","","7,003"
"1","F10544670","AC","3270","1401 NE 9th Street Unit#13","VICTORIA PARK PLACE Victoria Park Place","","$675,000","","3","2","1","1,658","Townhouse","1985","2","No","No","","1,819"
"1","A11957147","AC","3500","600 W Las Olas Blvd Unit#1605S","SYMPHONY SOUTH CONDO The Symphony","","$675,000","","2","2","0","¤1,224","Condo","2006","1","","Yes","",""
"1","F10554128","AC","3370","818 NE 18th Street","Lauderdale Park 6-33 1/2 ","","$650,000","","3","2","0","1,515","Single","1956","","No","No","","6,757"
"1","A12019566","AC","3470","841 SW 11th Ct","VINIK NO 2 ","","$650,000","","3","2","0","¤1,444","Single","1949","0","No","No","Detached","¤6,899"
"1","B26004747","AC","3400","1517 NW 12th Avenue","LAUDERDALE VILLAS ","","$645,000","","4","3","0","1,985","Single","1952","","Yes","No","","10,107"
"1","A12018428","AC","3480","228 SW 22nd St","LAUDERDALE ","","$645,000","","3","2","0","¤1,200","Single","1950","0","No","No","Detached","¤6,750"
"1","B26046344","AC","3370","2301 Wilton Drive Unit#R305","ISLAND CITY LOFTS CONDO ","","$609,950","","2","2","0","1,386","Condo","2007","1","No","No","","0"
"1","F10539731","AC","3370","2725 NE 8 Avenue Unit#113","HIGHLAND ESTATES HIGHLAND ESTATES","","$600,000","","3","3","1","2,294","Townhouse","2008","2","No","No","",""
"1","B26034565","AC","3810","645 NW 2nd Avenue","PROGRESSO ","","$599,900","","2","2","1","1,640","Townhouse","2005","1","No","No","Other","3,375"
"1","B26047277","AC","3160","2841 N Ocean Boulevard Unit#2010","VANTAGE VIEW CONDO ","","$599,000","","1","2","0","1,200","Condo","1976","1","No","No","Substantially Remodeled","0"
"1","R11150334","AC","3280","350 SE 2nd Street Unit#730","350 LAS OLAS PLACE CONDO ","","$597,500","","2","2","0","1,297","Condo","2006","1","No","No","High Rise","0"
"1","B26053109","AC","3470","617 SW 9TH Street","PINEWOOD PLACE RESUB PT ","","$595,000","","2","1","0","998","Single","1949","","No","No","","6,750"
"1","B26042610","AC","3500","317 SW 19th Street","CROISSANT PARK PARK SECTIO ","","$549,900","","4","3","0","1,234","Single","1952","","No","No","Ranch","5,173"
"1","A12010121","AC","3627","1118 NW 16th St","LAUDERDALE VILLAS ","","$549,000","","3","2","0","¤1,404","Single","1952","0","Yes","No","Detached","¤11,384"
"1","B26023959","AC","3160","2841 N Ocean Boulevard Unit#1102","VANTAGE VIEW CONDO ","","$535,000","","2","2","0","1,100","Condo","1976","1","No","No","","0"
"1","R11122494","AC","3460","533 NW 16th Avenue","DORSEY PARK SECOND ADD ","","$530,000","","3","2","1","1,410","Single","2025","","No","No","","5,400"
"1","B26046498","AC","3480","1455 SW 16th Terrace","SHADY BANKS ON NEW RIVER R ","","$525,000","","3","2","0","1,226","Single","1957","1","No","No","","7,475"
"1","F10523400","AC","3700","315 NE 3rd Avenue Unit#1808","STRADA 315 STRADA 315","","$489,000","","2","2","0","1,151","Condo","2007","2","","No","",""
"1","F10551598","AC","3280","350 SE 2nd Street Unit#850","350 LAS OLAS PLACE 350 LAS OLAS PLACE","","$479,900","","2","2","0","1,346","Condo","2006","1","","No","","0"
"1","A11987265","AC","3600","1501 SE 15th St Unit#3-2","ISLAND CLUB Island Club","","$459,000","","2","1","1","¤1,035","Townhouse","1963","0","","Yes","",""
"1","A11956811","AC","3270","110 N Federal Hwy Unit#718","WAVERLY AT LAS OLAS CONDO WAVERLY AT LAS OLAS CONDO","","$450,000","","2","2","0","¤1,216","Condo","2006","1","","No","",""
"1","B26007745","AC","3500","312 SW 22nd Street","Croissant Park ","","$449,900","","2","1","0","864","Single","1952","","No","No","",""
"1","F10530228","AC","3160","551 N Fort Lauderdale Beach Boulevard Unit#H1115","The Ocean Resort The Ocean Resort","","$449,000","","0","1","0","451","Condo","2009","1","","Yes","","0"
"1","R11152332","AC","3400","924 NW 11th Court","LAUDERDALE MANORS ADD ","","$439,999","","5","2","0","1,584","Single","1953","","No","No","","6,600"
"1","B26006336","AC","3370","842 NE 20th Drive Unit#842","Footbridge Townhouses ","","$439,000","","2","2","1","1,212","Townhouse","1976","","No","No","","960"
"1","B26036861","AC","3270","110 N Federal Highway Unit#815","WAVERLY AT LAS OLAS CONDO ","","$429,500","","2","2","0","1,208","Condo","2005","1","No","No","Substantially Remodeled","0"
"1","A11936475","AC","3411","1032 NW 11th Pl","LAUDERDALE MANORS ADD ","","$429,000","","3","2","","¤984","Single","1954","0","No","No","Detached","¤9,632"
"1","B26049988","AC","3800","511 SE 5 Avenue Unit#2523","NURIVER LANDING CONDO ","","$429,000","","1","1","0","801","Condo","2006","1","No","No","Penthouse","0"
"1","B26021014","AC","3160","2029 N Ocean Boulevard Unit#209","TRADEWINDS BY THE SEA COND ","","$427,000","","2","2","0","1,100","Condo","1980","1","No","No","","0"
"1","B26042092","AC","3810","308 City View Drive","NEAR NORTHWEST ","","$420,000","","2","1","1","888","Townhouse","1986","","No","No","Substantially Remodeled","996"
"1","B26007679","AC","3170","2100 S Ocean Drive Unit#4j","SKY HARBOUR EAST CONDO ","","$399,000","","1","1","0","900","Condo","1965","","No","Yes","","0"
"1","F10539923","AC","3490","1403 SW 27th Court","Hibiscus Gardens 10-1 B ","","$389,999","","2","1","0","911","Single","1997","0","No","No","","5,259"
"1","A12015226","AC","3480","1730 SW 21st St","OSCEOLA PARK ","","$385,000","","3","2","0","¤1,229","Single","1952","0","Yes","No","Detached","¤5,720"
"1","A12006796","AC","3460","525 NW 15th Ter","DORSEY PARK FIRST ADD ","","$380,000","","3","2","0","¤1,014","Single","1963","0","No","No","Detached","¤5,650"
"1","B26011944","AC","3700","313 NE 2nd Street Unit#602","NOLA LOFTS CONDOMINIUM I ","","$374,900","","1","1","0","755","Condo","2005","","No","No","","0"
"1","A11948356","AC","3460","1403 NW 2nd St","SEMINOLE FOREST Tango Village","","$300,000","","2","2","1","¤1,250","Townhouse","2008","1","","No","",""
"1","B26044902","AC","3400","1406 NW 11th Street","LAUDERDALE MANORS ADD ","","$299,000","","2","1","0","894","Single","1953","","No","No","","8,571"
"1","A11982397","AC","3470","1201 River Reach Dr Unit#102","RIVER REACH CONDOMINIUM I River Reach","","$289,000","","1","1","1","¤971","Condo","1981","1","","Yes","",""
"1","B26027854","AC","3470","1333 SW 4th Court","VILLAGE AT SAILBOAT BEND ","","$279,900","","1","1","0","856","Condo","2005","","No","No","","0"
"1","B26026331","AC","3470","900 River Reach Drive Unit#312","RIVER REACH CONDOMINIUM I ","","$275,000","","2","2","0","1,025","Condo","1971","","No","No","","0"
"1","B26034855","AC","3370","2607 NE 8th Avenue Unit##58","WILTON VILLAGE CONDO ","","$269,000","","2","1","0","806","Condo","1975","","No","No","","0"
"1","A12002195","AC","3234","3050 NE 16th Ave Unit#605","RIVER TERRACE CONDO RIVER TERRACE","","$259,900","","2","2","0","¤912","Condo","1972","0","","Yes","",""
"1","B26045898","AC","3460","511 NW 17th Avenue","DORSEY PARK SECOND ADD ","","$259,900","","3","1","0","1,272","Single","1954","","No","No","Ranch","5,161"
"1","F10544797","AC","3700","533 NE 3rd Avenue Unit#321","Sole Sole","","$259,500","","1","1","0","960","Condo","2006","1","","No","","0"
"1","B26034259","AC","3370","2965 NE 8th Terrace Unit#101","MIDDLE RIVER HOMES CONDO ","","$249,900","","2","2","0","761","Condo","1986","","No","No","","0"
"1","A11892797","AC","3480","900 SW 12th St Unit#305","RIO NUEVO A CONDO Rio Nuevo","","$249,000","","2","2","","¤1,000","Condo","1966","0","","Yes","",""
"1","B26016828","AC","3370","16 NE 20th Court Unit#B8","MANOR GROVE VILLAGE THREE  ","","$239,000","","2","1","1","960","Condo","1972","","No","No","","0"
"1","F10546042","AC","3260","815 Middle River Drive Unit#Unit 215","MIDDLE RIVER VILLAS CONDO Middle River Villas","","$219,000","","1","1","0","560","Condo","1964","","No","No","","0"
"1","A12032391","AC","3160","3000 N Ocean Blvd Unit#303","EAST SHORE CONDO East Shore","","$210,000","","1","2","0","¤598","Condo","1981","0","","No","",""
"1","B26015045","AC","3600","1475 SE 15th Street Unit##314","EMBASSY CONDO APTS ","","$209,900","","1","1","0","570","Condo","1966","","No","Yes","","0"
"1","B26038808","AC","3370","2741 NE 8th Avenue Unit#15","WILTON COMMONS CONDOMINIUM ","","$174,900","","2","1","0","600","Condo","1970","","No","No","","0"
"1","F10429447","AC","3260","2900 NE 30th Street Unit#5a","Lauderdale tower Lauderdale tower","","$172,000","","1","1","0","730","Condo","1964","1","","Yes","","0"
"1","B26015589","AC","3160","625 Antioch Avenue Unit#110","HARWICK HOUSE INC CONDO ","","$150,000","","1","1","0","670","Condo","1970","","No","No","","0"
"1","A11943243","PS","3280","340 San Marco Dr","CORAL ISLES ","","$10,999,000","","5","6","1","¤6,936","Single","2026","3","Yes","Yes","Detached","¤11,000"
"1","F10545682","PS","3280","119 N Gordon Road","Victoria Isles 15-67 B ","","$10,250,000","","6","6","1","6,935","Single","2025","2","Yes","Yes","","14,443"
"1","B26000781","PS","3170","4 Isla Bahia Drive","ISLA BAHIA ","","$9,900,000","","5","4","1","5,287","Single","1996","2","Yes","Yes","","12,363"
"1","F10551305","PS","3600","1528 SE 11th Street","RIO VISTA ","","$8,950,000","","5","5","1","4,935","Single","2026","5","Yes","Yes","","9,375"
"1","F10549636","PS","3170","2540 Mercedes Drive","Harbor Beach ","","$6,800,000","","4","4","1","3,750","Single","1977","2","Yes","Yes","","12,350"
"1","R11144969","PS","3260","2401 NE 13th Street","BEACH WAY HEIGHTS UNIT ","","$5,250,000","","5","5","1","5,708","Single","2020","2","Yes","No","Garden Apartment","11,678"
"1","F10550175","PS","3600","1037 SE 12th Way","RIO VISTA ","","$4,795,000","","5","5","1","3,981","Single","2026","2","Yes","No","","7,664"
"1","B26040661","PS","3280","449 Isle Of Palms Drive","STILWELL ISLES ISLE OF PAL ","","$4,750,000","","5","4","0","4,251","Single","1940","2","Yes","Yes","Substantially Remodeled","12,999"
"1","F10476681","PS","3280","1609 SE 4th Street","Colee Hammock 1-17 B ","","$4,749,000","","5","5","1","4,594","Single","2025","2","Yes","No","","7,250"
"1","B26039226","PS","3260","1425 Middle River Drive","CORAL RIDGE ","","$4,475,000","","4","5","0","3,425","Single","1961","2","Yes","Yes","","19,295"
"1","F10516878","PS","3600","1316 N Rio Vista Boulevard","Rio Vista ","","$4,395,000","","5","5","1","3,968","Single","2026","2","Yes","No","","8,105"
"1","B26009046","PS","3280","87 Isle Of Venice Drive Unit#Ph 502s","NURMI ISLES ISLAND NO 4 ","","$4,200,000","","4","4","1","2,960","Condo","2026","2","Yes","No","Penthouse","0"
"1","B26044598","PS","3280","87 Isle Of Venice Drive Unit#Ph 501n","NURMI ISLES ISLAND NO 4 ","","$4,100,000","","4","4","1","2,960","Condo","2026","2","Yes","No","Penthouse","0"
"1","F10550153","PS","3260","2221 NE 19th Street","North Bal Harbour 45-3 B ","","$3,999,000","","4","4","1","3,258","Single","2023","2","Yes","Yes","","8,800"
"1","A11984804","PS","3270","417 NE 10th Ave","HOLMBERG & MC KEES ","","$3,900,000","","5","5","1","¤2,019","Single","2026","2","Yes","No","Attached","¤8,100"
"1","A11870424","PS","3160","3321 NE 16th Pl","LAS OLAS BY THE SEA EXT ","","$3,747,000","","5","5","","¤3,747","Single","1990","5","Yes","No","Attached","¤9,354"
"1","F10355882","PS","3600","1407 SE 9 Street","Rio Vista ","","$3,395,000","","5","5","1","3,622","Single","2025","2","Yes","No","","6,698"
"1","B26014874","PS","3470","719 SW 11th Street","CROISSANT PARK RIVER SEC ","","$3,350,000","","6","5","0","4,676","Single","2026","3","Yes","No","","9,792"
"1","F10556081","PS","3480","1212 Avocado Isle","Citrus Isles ","","$3,300,000","","5","5","0","3,250","Single","2025","2","Yes","Yes","","6,400"
"1","F10538430","PS","3260","2500 NE 14th Street","Beach Way Heights ","","$3,250,000","","4","4","0","2,758","Single","2025","3","Yes","No","","10,500"
"1","B26048550","PS","3160","435 Bayshore Drive Unit#602","ADAGIO FORT LAUDERDALE BEA ","","$3,195,000","","3","3","1","2,795","Condo","2019","2","No","Yes","","0"
"1","F10499825","PS","3170","701 N Fort Lauderdale Beach Boulevard Unit#302","PARAMOUNT FT LAUDERDALE C PARAMOUNT FT LAUDERDALE C","","$3,195,000","","4","4","1","3,202","Condo","2017","2","","Yes","",""
"1","B26027847","PS","3600","804 N Rio Vista Boulevard","RIO VISTA C J HECTORS RESU ","","$3,195,000","","5","5","0","3,939","Single","2006","2","Yes","No","","6,000"
"1","A12009548","PS","3260","201 NE 27th Dr","SUNSET MANORS AMEN PLAT ","","$2,850,000","","4","4","1","¤3,000","Single","2026","2","Yes","No","Detached","¤10,034"
"1","F10537254","PS","3160","151 N Seabreeze Boulevard Unit#2503-e","Selene Oceanfront Selene Oceanfront","","$2,599,000","","2","3","0","1,680","Condo","2025","1","","Yes","","0"
"1","F10545293","PS","3270","539 NE 10th Avenue","Holmberg & Mc Kees Sub 1- ","","$2,595,000","","4","4","1","2,776","Single","2019","1","Yes","No","","8,100"
"1","A11980729","PS","3280","1325 NE 16th Ter","LakeRidge PoinsettiaHeight ","","$2,500,000","","4","4","1","¤3,430","Single","2026","2","Yes","No","Detached","¤6,749"
"1","F10502607","PS","3600","1749 SE 9th Street","Rio Vista Isles ","","$2,500,000","","4","3","0","2,598","Single","1951","1","Yes","Yes","","6,250"
"1","F10528438","PS","3600","1532 SE 12th Street Unit#302","Vela Vista Vela Vista","","$2,395,000","","3","3","1","3,522","Condo","2016","3","","Yes","",""
"1","A12047882","PS","3370","2015 NE 4th Ave","WILTON MANORS FIRST ADD ","","$2,275,000","","4","4","1","3,755","Single","2025","2","Yes","No","Detached","¤6,832"
"1","A11928035","PS","3160","530 Birch Road Unit#502","BUNGALOW EAST BUNGALOW EAST","","$2,250,000","","3","3","","","Condo","2027","2","","No","",""
"1","B26020495","PS","3160","2724 N Ocean Boulevard","LAUDERDALE BEACH ","","$1,999,999","","4","4","1","2,499","Single","1981","","Yes","No","","4,136"
"1","B26040627","PS","3380","1720 NE 17th Avenue","PROGRESSO ","","$1,995,000","","3","3","0","2,380","Single","1951","","Yes","No","Substantially Remodeled","8,508"
"1","B26026544","PS","3170","2200 S Ocean Lane Unit#909","POINT OF AMERICAS PHASE II ","","$1,795,000","","2","2","0","1,765","Condo","1971","1","Yes","Yes","","0"
"1","F10489975","PS","3160","527 Orton Avenue Unit#302B","The Terraces The Terraces","","$1,750,000","","2","3","0","1,775","Condo","2024","2","","Yes","",""
"1","A11998999","PS","3260","2431 NE 18th St","LIVERMORE ESTATES Coral Ridge Villas","","$1,750,000","","4","3","1","¤2,557","Townhouse","2024","2","","No","",""
"1","A12014700","PS","3270","904 NE 17th Ter","PROGRESSO ","","$1,700,000","","3","3","1","¤2,623","Single","2026","1","Yes","No","Attached","¤6,750"
"1","B26018796","PS","3170","545 S Fort Lauderdale Beach Unit#701-702","ILLINI CONDO ","","$1,695,000","","3","4","0","2,150","Condo","1962","2","No","Yes","Substantially Remodeled","0"
"1","A12042132","PS","3370","41 NE 24th St","Petite ","","$1,675,000","","4","3","1","¤2,211","Single","2023","2","Yes","No","Detached","¤6,253"
"1","B26047666","PS","3260","2889 NE 26th Street","CORAL RIDGE GALT ADD NO 1 ","","$1,650,000","","4","3","0","2,122","Single","1963","2","Yes","No","","10,216"
"1","B26032870","PS","3260","2800 NE 21st Court","CORAL RIDGE NORTH ","","$1,650,000","","3","2","0","2,124","Single","1956","2","Yes","No","","1,018"
"1","A12033630","PS","3270","906 NE 17TH TER","Victoria Park Victoria Park","","$1,650,000","","3","3","1","2,623","Townhouse","2026","1","","No","",""
"1","A11972813","PS","3280","76 Isle Of Venice Dr Unit#H","76 ISLE OF VENICE CO-OP 76 Isle of Venice","","$1,599,000","","3","2","0","¤2,984","Co-Op","1977","1","","Yes","",""
"1","F10486907","PS","3700","505 NE 2nd Street Unit#17C","Viceroy Fort Lauderdale Viceroy Fort Lauderdale","","$1,560,000","","2","2","0","1,268","Condo","2029","1","","No","",""
"1","A12044968","PS","3380","1135 NE 11th Ave","PROGRESSO Lake Ridge","","$1,550,000","","4","3","1","¤2,434","Townhouse","2026","2","","No","",""
"1","A12035842","PS","3600","910 SE 13th St","EVERGLADE LAND SALES CO NONE","","$1,525,000","","4","4","0","¤2,619","Townhouse","2026","1","","No","",""
"1","A11858269","PS","3700","505 NE 2nd Street Unit#14C","Viceroy Fort Lauderdale Viceroy Fort Lauderdale","","$1,500,000","","2","2","","1,268","Condo","2029","1","","No","",""
"1","A11938333","PS","3380","1312 NE 16th ter","Fort Lauderdale Lake Ridge","","$1,400,000","","3","3","1","¤2,594","Townhouse","2026","1","","No","",""
"1","F10476726","PS","3700","300 NE 3rd Avenue Unit#2803S","Ombelle Fort Lauderdale Ombelle Fort Lauderdale","","$1,314,072","","3","3","0","1,527","Condo","2028","1","","No","",""
"1","B26011626","PS","3380","1314 NE 13th Avenue Unit#A-b","HOLIDAY HEIGHTS ","","$1,299,999","","4","3","1","2,400","Townhouse","2026","1","Yes","No","","3,898"
"1","A11970928","PS","3480","417 SW 15th St","LAUDERDALE ","","$1,295,000","","7","5","0","¤3,050","Single","2021","1","Yes","No","Attached","¤6,750"
"1","F10486870","PS","3700","505 NE 2nd Street Unit#21G","Viceroy Fort Lauderdale Viceroy Fort Lauderdale","","$1,290,000","","2","2","0","1,224","Condo","2029","1","","No","",""
"1","A11967494","PS","3480","608 SW 16th Ct","LAUDERDALE PINES N/A","","$1,269,000","","4","3","1","2,527","Townhouse","2026","1","","No","",""
"1","F10508614","PS","3480","1434 SW 23rd Street","Marina Landings ","","$1,249,000","","4","3","1","2,831","Single","2025","2","No","No","","4,050"
"1","B26035695","PS","3700","300 NE 3rd Avenue Unit#3307s","Ombelle Fort Lauderdale ","","$1,230,022","","3","2","0","1,305","Condo","2028","1","No","No","","0"
"1","F10474974","PS","3480","1453 SW 23rd Court","Marina Landings ","","$1,225,000","","4","3","0","2,751","Single","2024","2","No","No","","4,050"
"1","F10537628","PS","3480","1446 SW 23rd Street","Marina Landings ","","$1,215,000","","4","3","1","2,751","Single","2025","2","No","No","","4,050"
"1","B26007737","PS","3370","2164 NE 25th Street","CORAL POINT ","","$1,199,950","","3","2","0","1,785","Single","1959","2","Yes","Yes","","7,717"
"1","A11937939","PS","3480","1108 Tangelo Isle","SOUTH NEW RIVER ISLES SEC ","","$1,195,000","","3","2","0","¤1,080","Single","1958","0","Yes","Yes","Detached","¤6,890"
"1","F10551206","PS","3480","1441 SW 23rd Court","Marina Landings ","","$1,185,000","","4","3","1","2,779","Single","2026","2","No","No","","4,050"
"1","B26042896","PS","3480","1325 Guava Isle","SOUTH NEW RIVER ISLES SEC ","","$1,175,000","","2","1","0","1,360","Single","1955","","No","Yes","Ranch","7,950"
"1","B26043393","PS","3470","1009 Tequesta Street","WAVERLY PLACE ","","$1,079,000","","3","3","1","1,942","Single","2015","","No","No","","8,750"
"1","B26020311","PS","3390","1108 NW 29th Court","JENADA ISLE ","","$1,000,000","","4","2","0","2,226","Single","1961","2","Yes","No","Ranch, Substantially Remodeled","8,525"
"1","A11805359","PS","3480","1812 SW 10th Ave","YELLOWSTONE PARK AMEN PLA ","","$999,768","","4","3","1","¤2,580","Single","2004","2","Yes","No","Detached","¤5,624"
"1","B26005458","PS","3260","2456 Middle River Drive","CORAL RIDGE GALT ADD ","","$999,000","","3","2","0","1,478","Single","1954","","Yes","No","","8,864"
"1","A12021454","PS","3370","164 NE 30th St","ALMAR ESTATES RESUB ","","$999,000","","3","2","0","¤1,590","Single","1960","1","Yes","Yes","Detached","¤6,498"
"1","B26036218","PS","3370","2636 NE 9th Avenue Unit#6","HIGHLAND ESTATES ","","$990,000","","3","2","1","1,944","Townhouse","2006","2","Yes","No","","4,079"
"1","B26045217","PS","3600","815 SE 7th Street","RIO VISTA C J HECTORS RESU ","","$990,000","","3","2","0","1,317","Single","1934","","Yes","No","","6,150"
"1","F10509140","PS","3170","1 Las Olas Circle Unit#404","Venetian Condominium Venetian Condominium","","$959,000","","2","2","0","1,500","Condo","1971","1","","Yes","",""
"1","A11932390","PS","3270","205 NE 16th Ter","VICTORIA PARK CORR AMEN P ","","$950,000","","4","4","0","¤2,191","Single","1968","0","Yes","No","Detached","¤7,536"
"1","B26021252","PS","3370","2628 NE 9th Avenue Unit#2","Villas at Mallory Square ","","$925,000","","3","2","1","1,944","Townhouse","2007","2","Yes","No","",""
"1","F10550922","PS","3160","1901 N Ocean Boulevard Unit#9e","SHORE CLUB CONDO Shore Club","","$899,000","","2","2","0","1,500","Condo","1976","1","No","No","","0"
"1","A11986728","PS","3380","1121 NE 14th Ave","Villa Valentina Villa Valentina","","$885,000","","3","2","1","¤2,262","Townhouse","2006","2","","No","",""
"1","A12042771","PS","3370","132 Almar Dr","ALMAR ESTATES RESUB ","","$875,000","","3","2","0","¤1,272","Single","1954","0","Yes","No","Attached","¤7,486"
"1","A11845625","PS","3600","811 SE 12th Ct","EVERGLADE LAND SALES CO F EVERGLADE LAND SALES CO F","","$875,000","","3","3","1","¤2,120","Townhouse","2011","2","","No","",""
"1","F10545189","PS","3810","445 N Andrews Avenue Unit#404","Avenue Lofts Avenue Lofts","","$800,000","","2","2","0","1,863","Condo","2005","2","No","No","","0"
"1","B26021918","PS","3380","1625 NE 20th Avenue","Lauder Lake ","","$797,000","","2","2","0","1,362","Single","1952","1","No","Yes","Ranch","6,600"
"1","F10486699","PS","3700","505 NE 2nd Street Unit#25E","Viceroy Fort Lauderdale Viceroy Fort Lauderdale","","$795,000","","1","1","0","732","Condo","2029","1","","No","",""
"1","F10526585","PS","3170","2000 S Ocean Drive Unit#510","Everglades House Everglades House","","$775,000","","3","3","0","2,650","Condo","1965","2","","Yes","","0"
"1","F10494935","PS","3370","2936 Coral Shores Dr","Coral Shores 30-44 B ","","$750,000","","3","2","0","1,481","Single","1954","0","Yes","No","","7,290"
"1","A12001923","PS","3160","1905 N Ocean Blvd Unit#4F","SHORE CLUB CONDO SHORE CLUB","","$749,900","","2","2","0","¤1,500","Condo","1976","0","","Yes","",""
"1","F10486211","PS","3700","505 NE 2nd Street Unit#14D","Viceroy Fort Lauderdale Viceroy Fort Lauderdale","","$745,000","","1","1","0","732","Condo","2029","1","","No","",""
"1","F10537910","PS","3260","1124 Seminole Drive Unit#1 C&D","Coral Cove Coral Cove","","$725,000","","2","2","0","1,620","Co-Op","1955","0","","Yes","",""
"1","A12020558","PS","3600","1819 SE 17th St Unit#1008","The Port Condominium The Port Condominium","","$725,000","","2","2","1","¤1,565","Condo","2005","3","","No","",""
"1","A11990496","PS","3600","721 SE 12th Ct Unit#4","EVERGLADES LAND SALES CO EVERGLADES LAND SALES CO","","$719,000","","3","3","1","¤2,005","Townhouse","2007","2","","No","",""
"1","B26004152","PS","3370","2617 NE 14th Avenue Unit#304","WILTON STATION RES CONDO ","","$699,900","","3","2","0","1,883","Condo","2006","","No","No","Other","0"
"1","F10544516","PS","3160","2011 N Ocean Boulevard Unit#902","THE VUE THE VUE","","$699,000","","2","2","0","1,397","Condo","2005","1","Yes","No","","0"
"1","B26009821","PS","3480","1015 SW 20th Street","River Oaks ","","$699,000","","3","2","0","1,550","Single","1951","","No","No","","7,123"
"1","B26026089","PS","3500","341 SW 16th Court","Croissant Park ","","$695,000","","3","2","1","1,884","Townhouse","2019","2","No","No","Substantially Remodeled","3,235"
"1","R11112791","PS","3380","1637 N Victoria Park Road","PROGRESSO ","","$675,000","","3","2","0","1,355","Single","1957","0","Yes","No","Garden Apartment","8,505"
"1","F10482789","PS","3700","300 NE 3rd Avenue Unit#1608S","Ombelle Fort Lauderdale Ombelle Fort Lauderdale","","$671,595","","1","1","0","745","Condo","2028","1","","No","",""
"1","B26025352","PS","3170","2000 S Ocean Drive Unit#706","EVERGLADES HOUSE CONDO ","","$669,900","","2","2","0","1,688","Condo","1965","","No","Yes","Other, Substantially Remodeled","0"
"1","F10424258","PS","3800","400 SE 22nd Street Unit#1","Chelsea Residences Chelsea Residences","","$655,000","","3","2","1","1,850","Townhouse","2025","2","","No","",""
"1","F10552615","PS","3170","1922 S Ocean Lane Unit#20","Ocean Lane Villas Ocean Lane Villas","","$650,000","","2","2","0","940","Co-Op","1956","0","","Yes","",""
"1","F10476659","PS","3700","300 NE 3rd Avenue Unit#1208S","Ombelle Fort Lauderdale Ombelle Fort Lauderdale","","$647,257","","1","1","0","745","Condo","2028","1","","No","",""
"1","B26031278","PS","3390","633 NW 30th Street","MARCH ESTATES ADD ","","$625,000","","3","2","0","1,531","Single","1957","","No","Yes","",""
"1","B26044232","PS","3370","3020 NE 5th Terrace","RIVER TERRACE-RESUB ","","$599,000","","3","2","1","1,586","Townhouse","2004","2","No","No","Other","1,716"
"1","F10554330","PS","3480","1213 SW 21st Street","Floral Ridge Add 32-9 B ","","$595,000","","3","2","0","1,898","Single","1953","","No","No","","6,599"
"1","B26031106","PS","3390","2217 NW 4th Avenue","HILLBROOK ","","$589,000","","2","2","0","1,365","Single","1958","2","Yes","No","","10,000"
"1","B26023469","PS","3380","1033 NE 17th Way Unit#1204","VILLA MEDICI CONDO ","","$564,900","","3","3","1","2,100","Townhouse","2006","2","No","No","",""
"1","F10519238","PS","3480","810 SW 10th Terrace","The Almeda 7-52 B ","","$550,000","","4","4","0","2,090","Single","1949","2","Yes","No","","6,749"
"1","F10533853","PS","3160","3020 NE 32nd Avenue Unit#Ph11","Tides at Bridgewater Tides at Bridgewater","","$549,000","","2","2","0","1,170","Condo","2002","1","","Yes","","0"
"1","A12029630","PS","3370","661 Kensington Pl Unit#101B","TOWNHOUSES SHORES CONDO Wilton Manors","","$549,000","","2","1","1","¤1,250","Condo","1973","0","","Yes","",""
"1","F10509390","PS","3500","600 W Las Olas Boulevard Unit#1601S","Symphony Condo Symphony Condo","","$549,000","","2","2","0","1,000","Condo","2005","1","","Yes","",""
"1","B26010681","PS","3600","1341 SE 10th Avenue","EVERGLADE LAND SALES CO ","","$549,000","","2","1","0","900","Single","1955","","No","No","","3,000"
"1","F10549192","PS","3270","555 NE 7th Avenue Unit#5a","7 East Townhomes 7 East Townhomes","","$539,500","","2","2","1","1,204","Townhouse","1981","","No","No","",""
"1","B26025353","PS","3370","1741 NE 4th Avenue Unit#F5","RIVER LANDINGS CONDO ","","$539,000","","3","2","1","1,786","Condo","2002","1","Yes","No","Substantially Remodeled","0"
"1","B26031154","PS","3370","200 NE 17th Court Unit#Unit 801","PLACIDO PLACE RESUB ","","$529,900","","3","2","1","1,541","Townhouse","1988","","Yes","No","","3,261"
"1","B26031881","PS","3500","812 SW 4th Avenue Unit#8","FT LAUDERDALE LAND & DEV C ","","$521,000","","3","2","0","2,046","Townhouse","2003","2","No","No","","889"
"1","B26006270","PS","3160","2840 N Ocean Boulevard Unit#903","SEA TOWER APTS CO-OP ","","$519,900","","1","1","0","769","Co-Op","1958","","No","No","Substantially Remodeled",""
"1","B26016801","PS","3470","1220 W Las Olas Boulevard Unit#1220","WAVERLY PLACE ","","$519,000","","2","2","1","1,850","Townhouse","1997","","No","No","","1,426"
"1","B26005303","PS","3390","2732 NW 9th Terrace","JENADA VILLAS 1 ADD ","","$515,000","","3","2","0","1,547","Single","1960","2","No","No","","9,264"
"1","F10482806","PS","3700","300 NE 3rd Avenue Unit#1207S","Ombelle Fort Lauderdale Ombelle Fort Lauderdale","","$507,731","","1","1","0","553","Condo","2028","1","","No","",""
"1","F10476494","PS","3700","300 NE 3rd Avenue Unit#1107S","Ombelle Fort Lauderdale Ombelle Fort Lauderdale","","$501,522","","1","1","0","553","Condo","2028","1","","No","",""
"1","F10526819","PS","3390","1216 NW 2nd Avenue","None None","","$499,000","","3","2","1","2,342","Townhouse","2008","2","","No","",""
"1","F10508182","PS","3700","300 NE 3rd Avenue Unit#301S","Ombelle Fort Lauderdale Ombelle Fort Lauderdale","","$487,515","","1","1","0","579","Condo","2028","1","","No","",""
"1","B26005792","PS","3700","300 NE 3rd Avenue Unit#405s","Ombelle Fort Lauderdale ","","$485,598","","1","1","0","547","Condo","2028","1","No","No","","0"
"1","A12033270","PS","3390","448 NW 15th Way","DORSEY PARK FIRST ADD ","","$479,900","","4","2","1","¤1,600","Single","2003","2","No","No","Attached","¤5,063"
"1","B26032779","PS","3810","425 N Andrews Avenue Unit#206","AVENUE LOFTS CONDO ONE ","","$469,000","","1","1","0","967","Condo","2003","1","No","No","","0"
"1","B26037573","PS","3470","1317 SW 4th Street","VILLAGE AT SAILBOAT BEND ","","$465,000","","3","3","0","1,853","Townhouse","2005","","No","No","","0"
"1","F10476088","PS","3700","300 NE 3rd Avenue Unit#1106S","Ombelle Fort Lauderdale Ombelle Fort Lauderdale","","$461,021","","1","1","0","477","Condo","2028","1","","No","",""
"1","A12042235","PS","3370","2301 Wilton Dr Unit#R207","ISLAND CITY LOFTS CONDO ISLAND CITY LOFTS CONDO","","$459,900","","2","2","0","¤1,386","Condo","2007","0","","No","",""
"1","A12010840","PS","3390","1115 NW 7th Ave","PROGRESSO ","","$449,900","","3","2","0","¤1,180","Single","1952","0","No","No","Detached","¤8,434"
"1","A11989385","PS","3480","820 SW 26th St","LAKEWAY ","","$439,900","","3","1","0","¤1,062","Single","1952","1","No","No","Attached","¤6,712"
"1","F10550629","PS","3160","2701 N Ocean Boulevard Unit#7A","Embassy Tower Embassy Tower","","$424,900","","2","2","0","1,200","Condo","1972","0","","No","",""
"1","F10530504","PS","3170","2100 S Ocean Drive Unit#15E","SKY HARBOUR EAST SKY HARBOUR EAST","","$424,000","","1","1","0","900","Condo","1965","0","","Yes","",""
"1","A12033859","PS","3010","3014 NE 21st Ter","CORAL SHORES CORAL SHORES","","$410,000","","2","2","1","¤1,257","Townhouse","1996","0","","No","",""
"1","A11904164","PS","3400","1722 NW 8th Ct","LAUDERDALE HOMESITES ","","$410,000","","4","2","0","¤1,256","Single","1996","0","No","No","Detached","¤4,950"
"1","B26036878","PS","3270","100 N Federal Highway Unit#1409","WAVERLY AT LAS OLAS CONDO ","","$399,000","","2","2","0","1,321","Condo","2005","2","Yes","No","Penthouse","0"
"1","F10481790","PS","3390","1021 NW 5th Court","Tuskegee Park 3-9 B ","","$399,000","","3","1","0","991","Single","1997","0","No","No","","7,000"
"1","A12003859","PS","3800","511 SE 5th Ave Unit#611","NURIVER LANDING CONDO NURIVER LANDING","","$399,000","","2","2","0","¤1,246","Condo","2006","1","","Yes","",""
"1","B26002944","PS","3380","1845 NE 15th Avenue","Edge water townhomes ","","$379,000","","2","1","1","1,060","Townhouse","1986","","No","No","","725"
"1","B26024149","PS","","600 W Las Olas Boulevard Unit#1104s","SYMPHONY SOUTH CONDO ","","$370,000","","1","1","0","809","Condo","2005","1","No","Yes","","0"
"1","B26005221","PS","3380","1827 NE 15th Avenue Unit#1827","EDGEWATER TOWNHOMES ","","$370,000","","2","1","1","1,056","Townhouse","1987","","No","No","",""
"1","B26033947","PS","3400","1131 NW 18th Avenue","LAUDERDALE MANORS AMD PLAT ","","$370,000","","3","2","0","1,112","Single","1954","","No","No","Ranch","12,383"
"1","F10526312","PS","3400","1220 NW 7th Terrace","Progresso 2-18 D ","","$364,000","","3","2","0","1,392","Single","1951","0","Yes","No","","6,752"
"1","A12022357","PS","3400","733 NW 15th Ter","CARVER PARK ","","$349,999","","2","1","0","¤750","Single","1954","0","No","No","Attached","¤5,625"
"1","A12042812","PS","3400","2021 NW 10th Ave","HILLMONT MIDDLE RIVER VIS ","","$349,500","","3","2","0","¤1,406","Single","1964","1","No","No","Detached","¤7,282"
"1","R11165672","PS","3470","1000 River Reach Drive Unit#512","RIVER REACH CONDOMINIUM II ","","$344,900","","2","2","0","1,025","Condo","1972","","No","Yes","","0"
"1","B26038079","PS","3400","1437 NW 10th Place","LAUDERDALE MANORS ADD ","","$339,900","","2","1","0","825","Single","1953","","No","No","","7,418"
"1","A11995817","PS","3260","888 Intracoastal Dr Unit#2B","SUNRISE TOWER CONDO Sunrise Tower","","$339,000","","1","1","1","¤850","Condo","1963","0","","Yes","",""
"1","B26008532","PS","3370","3004 NE 5th Terrace Unit#Apt 210c","RIVER MANOR CONDO ","","$335,000","","2","2","0","1,000","Condo","1973","","No","Yes","","0"
"1","B26017474","PS","3600","2009 SE 10th Avenue Unit#309","VILLAGE EAST CONDO ","","$325,000","","2","2","0","1,054","Condo","2000","","No","No","","0"
"1","F10544449","PS","3600","1225 NW 10th Place","Lauderdale Manors Add 30- ","","$300,000","","3","2","0","984","Single","1953","0","No","No","","6,852"
"1","F10478720","PS","3400","1124 NW 19th Street","Lauderdale Villas 29-37 B ","","$299,900","","3","2","0","1,252","Single","1953","0","No","No","","9,767"
"1","F10452494","PS","3160","2840 N Ocean Boulevard Unit#403","Sea Tower Sea Tower","","$299,000","","1","1","0","769","Co-Op","1958","","","Yes","",""
"1","A11995186","PS","3160","3015 N Ocean Blvd Unit#4L","BERKLEY SOUTH CONDO BERKLEY SOUTH CONDO","","$289,000","","2","2","0","¤1,328","Condo","1974","1","","No","",""
"1","B26029514","PS","3370","351 NE 19th Place Unit#217k","MANOR GROVE VILLAGE FOUR C ","","$269,000","","2","2","0","1,200","Condo","1973","","No","No","","0"
"1","A11954248","PS","3470","1409 SW 1st Street","RIVER HIGHLANDS AMEN PLAT ","","$250,000","","2","1","","¤966","Single","1950","0","No","No","Detached","¤6,901"
"1","R11162221","PS","3160","2815 NE 33rd Avenue Unit#106","LAUDERDALE BEACH SURF APTS ","","$249,000","","2","1","0","800","Condo","1962","","No","Yes","Garden Apartment","0"
"1","A12038882","PS","3400","1001 NW 13th Ct","LAUDERDALE MANORS ADD ","","$232,000","","3","2","","¤1,318","Single","1955","0","No","No","Detached","¤9,687"
"1","F10555076","PS","3370","2660 NE 8th Avenue Unit#307","THE GROVE AT WILTON MANOR THE GROVE AT WILTON MANOR","","$229,000","","2","1","0","614","Condo","1970","0","","No","",""
"1","B26033617","PS","3370","1940 NE 2nd Avenue Unit#101j","MANOR GROVE VILLAGE FOUR C ","","$219,900","","1","1","1","850","Condo","1973","","No","No","Garden Apartment","0"
"1","B26021806","PS","3270","900 NE 18th Avenue Unit#408","VICTORIA PARK TOWER CONDO ","","$210,000","","2","1","0","850","Condo","1970","","No","No","","0"
"1","B26017878","PS","3260","2670 E Sunrise Boulevard Unit#509","GALLERY ONE CONDO ","","$200,000","","2","2","0","836","Condo","1988","0","No","Yes","","0"
"1","B26007489","PS","3470","1350 River Reach Drive Unit#101","RIVER REACH CONDOMINIUM VI ","","$199,900","","1","1","1","900","Condo","1972","","No","Yes","","0"
"1","A11995612","PS","3390","620 Tennis Club Dr Unit#306","TENNIS CLUB TILDEN CONDO THE TENNIS CLUB","","$195,000","","2","1","1","¤1,056","Condo","1972","0","","No","",""
"1","F10545459","PS","3160","200 S Birch Road Unit#612","Leisure Beach Condominium Leisure Beach Condominium","","$190,000","","1","1","0","647","Condo","1970","","","No","","0"
"1","B26048094","PS","3170","2420 SE 17th Street Unit#207c","VILLAGE AT HARBOR BEACH CO ","","$175,000","","2","2","0","900","Condo","1967","","No","No","","0"
"1","A11976553","PS","3270","609 NE 13th Ave Unit#301","PARK PLACE CONDO Park Place","","$175,000","","2","2","0","¤830","Condo","1974","0","","No","",""
"1","B26036885","PS","3370","1800 N Andrews Avenue Unit#7j","DRAKE TOWER CONDO ","","$169,900","","1","1","1","790","Condo","1975","","No","Yes","Substantially Remodeled","0"
"1","B26041794","PS","3600","1625 SE 10th Avenue Unit#405","RUNAWAY BAY CONDO ","","$165,000","","1","1","0","870","Condo","1975","1","No","No","","0"
"1","A12001694","PS","3390","1708 NW 15th St","LAUDERDALE MANORS AMD PLA ","","$155,000","","3","1","","¤1,248","Single","1952","0","No","No","Detached","¤8,622"
