"","MLS # Link","St","Area","Address","","Current Price","ZN","Year Built","Prop Type","Style of Property","Prop Type/Type of Building","Type of Property","Property SqFt","Waterfront Property (Y/N)","Sale Price","#Bays"
"1","A11572479","C","3250","2881 E Oakland Park Blvd","","$21,000,000","¤CB","1969","COM/Sale","","Free Standing, Professional","Office","37,685","","",""
"1","A11665921","C","3170","3086 Harbor Dr","","$14,999,000","¤RMH-25","1951","COM/Sale","Hotel Non-Waterfront","Hotel/Motel","Hotel","13,483","No","",""
"1","A11842347","C","3040","955 S Federal Hwy","","$12,500,000","¤RAC-RPO","1974","COM/Sale","","Professional","Office","15,535","","",""
"1","A11425211","C","3170","3005 Alhambra St","","$12,400,000","","1941","COM/Sale","Hotel Non-Waterfront","Hotel/Motel","Hotel","12,500","No","",""
"1","F10438219","C","3170","2100 Miami Road","","$10,795,000","RMM-25","2023","COM/Sale","","Hotel/Motel","Multifamily","21,315","","","0"
"1","A11698022","C","3160","2200 N Ocean Blvd Unit#CU3","","$7,995,000","¤PUD","2018","COM/Sale","Commercial Retail","Condominium","Retail","12,433","Yes","",""
"1","F10493575","C","3480","2000 S Federal Highway","","$7,000,000","B-1","1968","COM/Sale","","Mall Enclosed, Shopping Center, Strip Store, Warehouse Space","Retail","16,875","","",""
"1","F10497615","C","3600","2000 S Federal Highway","","$7,000,000","B-1","1968","COM/Sale","","Office/Warehouse Combination, Office Space, Retail Space, School, Warehouse Space","Retail","16,875","","",""
"1","A11594999","C","3580","2001 W State Road 84 Unit#412-3","","$5,500,000","¤PUD","2009","COM/Sale","","Condominium, Free Standing","Industrial","11,800","","",""
"1","F10551745","C","3360","3061 N Federal Highway","","$4,495,000","","1993","COM/Sale","","Retail Space, School, Warehouse Space","Commercial","","","",""
"1","F10486612","C","3380","702-704 NE 1st Avenue","","$4,250,000","RAC-UV","1964","COM/Sale","","Office/Warehouse Combination, Office Space, Retail Space, School, Warehouse Space","Commercial","11,156","","",""
"1","F10418800","C","3800","200 S Andrews Avenue Unit#3rd floor","","$3,800,000","","","COM/Sale","","Office/Warehouse Combination, Office Space, Warehouse Space","Commercial","","","",""
"1","A11646889","C","3600","2120 S Federal Hwy","","$3,495,000","¤B-1","2011","COM/Sale","Commercial Retail","Professional","Retail","12,150","","","4"
"1","F10467536","C","3270","15 SE 9th Avenue","","$3,250,000","RO","1960","COM/Sale","","","Commercial","7,500","","",""
"1","F10499110","C","3370","1408, 1404 NE ","","$3,200,000","RM-15","1961","COM/Sale","","Office/Warehouse Combination, Office Space, Retail Space, School, Warehouse Space","Retail","32,741","","",""
"1","F10499336","C","3800","200 S Andrews Avenue Unit#3rd floor","","$3,000,000","","","COM/Sale","","Office/Warehouse Combination, Office Space, Warehouse Space","Commercial","","","",""
"1","F10414807","C","3470","1115 Tequesta Street","","$2,999,990","RML-25","1928","COM/Sale","","","Multifamily","17,500","","",""
"1","A11823943","C","3470","828 NW 1st St","","$2,975,000","¤B-3","1957","COM/Sale","Mixed Use","Automotive, Free Standing","Industrial","13,951","No","","8"
"1","R11053108","C","3370","1800 NE 26th Street","","$2,825,000","B-2","1965","COM/Sale","","","Special Purpose","","Yes","",""
"1","A11579197","C","3280","92 Hendricks Isle","","$2,750,000","¤RMM-25","1952","COM/Sale","","Commercial/Residential Income, Residential-Multi-Family","Income/MultiFamily","6,250","Yes","",""
"1","F10396875","C","3380","3047 N Federal Highway","","$2,500,000","B-1","1959","COM/Sale","","Mall Enclosed, Medical Office, Shopping Center, Strip Store","Commercial","3,130","","",""
"1","A11480161","C","3700","835 NE 3rd Ave","","$2,499,999","¤NWRAC-MU","1975","COM/Sale","","Restaurant/Bar","Restaurant/Entertainment","6,375","","","0"
"1","F10463127","C","3150","415 SE 12th Street","","$2,499,000","MO","","COM/Sale","","","Commercial","11,950","","",""
"1","F10492389","C","3280","900 Sunrise Lane","","$2,200,000","SLA","1968","COM/Sale","","Office/Warehouse Combination, Office Space, Retail Space, School, Warehouse Space","Retail","1,849","","",""
"1","F10418787","C","3800","200 S Andrews Avenue Unit#201","","$2,000,000","RAC-CC,MEDICAL","1986","COM/Sale","","Medical Office, Office/Warehouse Combination, Office Space, Residential-Single Family, Warehouse Space","Commercial","","","",""
"1","F10507916","C","3370","820 NE 21st Drive","","$1,980,000","Rs-5","","COM/Sale","","Hotel/Motel","Multifamily","","","",""
"1","F10447022","C","3390","200-204 NW 17th Court Unit#1-8","","$1,950,000","RML-25","1966","COM/Sale","","","Multifamily","8,518","","",""
"1","F10544162","C","3400","700 NW 7th Avenue","","$1,950,000","I-1","","COM/Sale","","Heavy Manufacturing, Light Manufacturing, Warehouse Space","Industrial","16,875","","",""
"1","F10461720","C","3370","2500 Wilton Drive","","$1,890,000","B-2","2011","COM/Sale","","","Commercial","5,664","","","0"
"1","A11681312","C","3120","2300 NW 6th St","","$1,800,000","¤NWRAC-MU","1960","COM/Sale","","Apartments","Income/MultiFamily","13,402","No","",""
"1","A11652916","C","3800","511 SE 5th Ave Unit#11","","$1,740,000","¤RAC-CC","2005","COM/Sale","","Commercial/Residential Income, Office Space","Office","4,540","","",""
"1","A11974556","C","3470","709 SW 4th Ct Unit#1-7","","$1,599,900","¤RML-25","1941","COM/Sale","","Commercial/Residential Income, Residential-Multi-Family","Income/MultiFamily","14,000","","",""
"1","F10499337","C","3800","200 S Andrews Avenue Unit#201","","$1,500,000","RAC-CC,MEDICAL","1986","COM/Sale","","Medical Office, Office/Warehouse Combination, Office Space, Residential-Single Family, Warehouse Space","Commercial","","","",""
"1","R10987079","C","3270","1021 N Victoria Park Road","","$1,495,000","RMM-25","1962","COM/Sale","","","Multifamily","","No","",""
"1","A11825502","C","3600","505 SE 20th St Unit#1-6","","$1,490,000","¤RO","1958","COM/Sale","Income Non-Waterfront","Residential-Multi-Family","Income/MultiFamily","6,977","No","",""
"1","A11986634","C","3420","1100 NE 18th Ct Unit#1-8","","$1,400,000","¤RML-25","1978","COM/Sale","","Residential-Multi-Family","Income/MultiFamily","9,167","No","",""
"1","A11610343","C","3460","834 NW 10th Ter","","$1,400,000","¤B-3","1969","COM/Sale","","Heavy Manufacturing, Industrial","Industrial","16,875","","","6"
"1","A11952041","C","3090","2217 NW 19th St","","$1,295,000","¤B-3","","COM/Sale","Industrial","Industrial","Industrial","32,374","","",""
"1","R11054030","C","3370","1310 NE 30 Street","","$1,285,000","R-1","1970","COM/Sale","","","Multifamily","","Yes","",""
"1","A11888354","C","3800","200 S Andrews Ave Unit#602","","$1,250,000","¤RAC-CC","1986","COM/Sale","Commercial Office","Condominium","Office","3,300","No","",""
"1","A11812059","C","3370","2600 N Andrews Ave","","$1,200,000","¤B-2","1952","COM/Sale","Commercial Office","Free Standing, Medical Office","Office","8,798","No","","0"
"1","A11977607","C","3270","200 S Andrews Ave Unit#602","","$1,150,000","¤RAC-CC","1986","COM/Sale","","Office Space, Unimproved Interior","Office","58,370","","",""
"1","F10475739","C","3800","301 SE 20th Street","","$1,075,000","","","COM/Sale","","Medical Office, Office/Warehouse Combination, Office Space","Commercial","","","",""
"1","F10436370","C","3800","301 SE 20th Street","","$1,075,000","","","COM/Sale","","Medical Office, Office/Warehouse Combination, Office Space","Commercial","","","",""
"1","A11794628","C","3800","200 S Andrews Ave Unit#503","","$1,020,000","¤RAC-CC","1986","COM/Sale","Commercial Office","Condominium, Office Space","Office","2,400","No","",""
"1","F10538522","C","3270","608 NE 16th Avenue Unit#1-5","","$1,000,000","","","COM/Sale","","Warehouse Space","Multifamily","","","",""
"1","A11985417","C","3800","200 S Andrews Ave Unit#503","","$1,000,000","¤RAC-CC","1986","COM/Sale","Commercial Office","Condominium, Office Space","Office","2,400","No","",""
"1","A11806234","C","3112","719 NW 7th Ter","","$985,000","¤I","1956","COM/Sale","Industrial","Free Standing, Industrial","Industrial","6,750","No","","2"
"1","F10545614","C","3500","419 NE 2nd Avenue","","$954,000","RAC-UV","1938","COM/Sale","","Warehouse Space","Multifamily","6,375","","",""
"1","F10517843","C","3800","1141 SE 4th Avenue","","$929,000","RO","1942","COM/Sale","","Office/Warehouse Combination, Office Space","Commercial","7,000","","",""
"1","A11592284","C","3370","1112 NE 5th Ave Unit#1-2","","$890,000","¤RMM-25","1982","COM/Sale","","Hotel/Motel, Residential-Multi-Family","Income/MultiFamily","6,751","","",""
"1","A11957283","C","3460","1601 NW 6th St","","$775,000","¤NWRAC-MU","1966","COM/Sale","Mixed Use","Office Space, Other Type","Mixed Use","4,463","No","",""
"1","A11737941","C","3580","2011 W State Road 84 Unit#320-3","","$750,000","¤PUD","2024","COM/Sale","","Warehouse Space","Mixed Use","0","","",""
"1","F10540599","C","3260","2455 E Sunrise Boulevard Unit#CU-4G-4H-4I","","$699,950","B-1","1973","COM/Sale","","","Commercial","","","",""
"1","F10472586","C","3800","200 SE 19th Street","","$699,000","ROA","1968","COM/Sale","","Warehouse Space","Mixed Use","6,950","","",""
"1","F10468835","C","3800","314 SE 14th Street","","$665,000","ROA","1952","COM/Sale","","Office/Warehouse Combination, Office Space","Commercial","6,000","","",""
"1","A11701071","C","3450","405-407 E Oakland Park Blvd","","$600,000","¤B-1","1988","COM/Sale","Mixed Use","Commercial/Residential Income","Income/MultiFamily","4,335","No","",""
"1","F10526269","C","3800","200 SE 19th Street","","$549,000","ROA","1968","COM/Sale","","Office/Warehouse Combination, Office Space","Commercial","6,950","","",""
"1","A11619459","C","3580","2011 W State Road 84 Unit#230-2","","$495,000","Pud","","COM/Sale","","Condominium","Industrial","200,000","No","",""
"1","A11820243","C","3160","3015 N Ocean Blvd Unit#C116","","$399,000","12","1974","COM/Sale","","Condominium, Office Space","Office","0","No","",""
"1","F10522740","C","3160","3015 N Ocean Boulevard Unit#C116","","$380,000","12","1974","COM/Sale","","Warehouse Space","Commercial","0","","",""
"1","F10502935","C","3490","2612 SW 14th Avenue","","$375,000","B-2","1949","COM/Sale","","","Commercial","6,120","","",""
"1","A11934612","C","3260","2455 E Sunrise Blvd Unit#CU9J","","$350,000","¤B-1","2008","COM/Sale","Commercial Lease","Office Space","Office","13,263","","",""
"1","F10554860","C","3611","2900 State Road 7","","$207,000","","","COM/Sale","","Mall Enclosed, Shopping Center, Strip Store, Warehouse Space","Commercial","","","",""
"1","F10536686","C","3560","655 NW 22nd Road","","$192,000","CB","1959","COM/Sale","","","Commercial","1,837","","",""
"1","R11034062","C","3160","3015 N Ocean Boulevard Unit#C101","","$175,000","CB","1974","COM/Sale","","","","","No","",""
"1","F10535527","C","3160","3015 Ocean","","$123,456","","","COM/Sale","","Warehouse Space","Commercial","","","",""
"1","F10409228","C","3280","235 S Fort Lauderdale Beach Boulevard","","$40,000","PRD","","COM/Lease","","Retail Space, School, Warehouse Space","Retail","10,111","","",""
"1","A11677495","C","3490","350 SW 25th St","","$22,000","¤B-2","1987","COM/Lease","","Restaurant/Bar, Retail Space","Restaurant/Entertainment","32,680","","",""
"1","A11768887","C","3490","350 SW 25th St","","$18,000","¤B-2","1987","COM/Lease","","Office/Warehouse Combination, Retail Space","Mixed Use","32,680","","",""
"1","A11998591","C","3470","709 SW 4th Ct Unit#1-7","","$14,000","¤RML-25","1941","COM/Lease","","Apartments, Residential-Multi-Family","Income/MultiFamily","14,000","","",""
"1","A11979992","C","3460","900 NW 6th St","","$10,000","¤NWRAC-MU","1955","COM/Lease","","Restaurant/Bar","Restaurant/Entertainment","12,518","","",""
"1","A11977108","C","3470","608 SW 16th Ave Unit#1-4","","$9,000","¤RM-15","1970","COM/Lease","Income Non-Waterfront","Adult Congregate, Residential-Multi-Family","Income/MultiFamily","7,000","","",""
"1","A11819771","C","3160","3015 N Ocean Blvd Unit#C116","","$8,000","¤CB","1988","COM/Lease","","Office Space","Mixed Use","0","No","",""
"1","B26002389","C","3260","2455 E Sunrise Boulevard Unit#Cu-4g-4h-4i","","$6,995","B-1","1973","COM/Lease","","","Commercial","","","",""
"1","A11946393","C","3800","200 S Andrews Ave Unit#602","","$6,875","¤RAC-CC","2007","COM/Lease","","Condominium, Office Space","Office","0","","",""
"1","F10505840","C","3800","200 S Andrews Avenue Unit#602","","$6,875","","","COM/Lease","","Office/Warehouse Combination, Office Space, Warehouse Space","Commercial","","","",""
"1","A11585935","C","3800","1318 SE 2 AVENUE","","$6,800","COMM","1966","COM/Lease","Commercial Office","Office Space","Office","9,360","No","","0"
"1","F10449627","C","3480","200 SW 25th Street","","$5,820","","","COM/Lease","","Heavy Manufacturing, Light Manufacturing, Office/Warehouse Combination, Office Space, Warehouse Space","Industrial","","","","3"
"1","A11752931","C","3100","3212 SE 6th Ave","","$5,000","¤B-3","1973","COM/Lease","","Free Standing, Warehouse Space","Industrial","3,050","","","1"
"1","A11741277","C","3100","3212 SE 6th Ave","","$5,000","¤B-3","1973","COM/Lease","Commercial Lease","Free Standing, Office/Warehouse Combination","Office","3,050","No","","1"
"1","A11707682","C","3740","216 NE 33rd St Unit#232 F","","$4,949","","1975","COM/Lease","","Light Manufacturing, Office Space","Industrial","48,321","No","","1"
"1","A11725441","C","3260","2455 E Sunrise Blvd Unit#CU11A","","$4,500","¤B-1","1973","COM/Lease","Commercial Office","Office Space, Professional","Office","84,506","No","",""
"1","F10434310","C","3260","2720 E Oakland Park Boulevard Unit#103","","$4,500","CB","","COM/Lease","","Medical Office, Retail Space, School, Warehouse Space","Commercial","15,000","","","0"
"1","A11847955","C","3370","30 E OAKLAND PARK BOULEVARD Unit#30","","$4,500","","","COM/Lease","Commercial Lease","Retail Space, Shopping Center","Mixed Use","40,000","","",""
"1","A12024173","C","3800","423 SE 19th St","","$4,500","¤RO","1967","COM/Lease","","Medical Office, Office Space","Office","6,840","","",""
"1","F10435706","C","3380","1200 NE 7th Avenue Unit#1","","$4,200","B-3","","COM/Lease","","Office/Warehouse Combination, Office Space, Warehouse Space","Commercial","1,276","","","1"
"1","A11687065","C","3150","2400 E Oakland Park Blvd Unit#201","","$4,000","¤B-1","1956","COM/Lease","","Medical Office, Retail Space","Special Purpose","3,599","","",""
"1","F10485213","C","3260","2400 E Oakland Park Boulevard","","$4,000","","","COM/Lease","","Office/Warehouse Combination, Office Space, Retail Space, School, Warehouse Space","Commercial","","","",""
"1","R11145898","C","3380","921 NE 20th Avenue","","$3,800","B-1","1951","COM/Lease","","","Retail","","","",""
"1","A11759237","C","3800","215 SW 17th St","","$3,800","¤B-3","1960","COM/Lease","Commercial Office","Commercial/Residential Income, Office Space","Office","7,380","No","",""
"1","F10469645","C","3800","200 SE 19th Street","","$3,700","ROA","","COM/Lease","","Office/Warehouse Combination, Office Space, Warehouse Space","Mixed Use","6,950","","",""
"1","A11964394","C","3370","1040 E Oakland Park Blvd Unit#1040-42","","$3,600","¤MR","1969","COM/Lease","","Retail Space","Retail","24,725","No","",""
"1","F10437573","C","3140","900 NE 20th Avenue","","$3,500","B-1","","COM/Lease","","Warehouse Space","Commercial","8,407","","",""
"1","R11098410","C","3130","2631 E Oakland Park Boulevard Unit#205","","$3,400","CB","1964","COM/Lease","","","","","","",""
"1","A11740333","C","3040","1212 NE 4th Ave","","$3,010","¤CB","1975","COM/Lease","","Retail Space, Strip Store","Retail","3,124","","",""
"1","F10516078","C","3560","2009 NW 21st Avenue","","$2,895","B-2","","COM/Lease","","","Commercial","8,916","","",""
"1","A11950349","C","3280","2215 S Federal Hwy Unit#2223","","$2,890","¤B-1","1975","COM/Sale","","Office Space, Retail Space","Retail","16,873","","",""
"1","A11767683","C","3370","20-22 East Oakland Park Boulevard","","$2,800","B-2","","COM/Lease","Mixed Use","Office Space, Retail Space","Mixed Use","40,000","No","",""
"1","F10451287","C","3380","2800 N Federal Highway","","$2,800","","","COM/Lease","","Warehouse Space","Commercial","","","",""
"1","F10509142","C","3380","1429 NE 4th Avenue","","$2,600","CB","","COM/Lease","","Mall Enclosed, Office/Warehouse Combination, Office Space, Retail Space, School, Shopping Center, Strip Store","Retail","798","","",""
"1","A11573035","C","3010","831 N Federal Highway Unit#831E","","$2,500","","","COM/Lease","","Convenience Store, Retail Space","Retail","5,162","","",""
"1","A11767560","C","3130","down town Las olas","","$2,500","","","COM/Lease","","Office Space","Office","350","","",""
"1","F10554718","C","3370","2724 N Andrews Avenue Unit#2740","","$2,400","B-2","","COM/Lease","","Mall Enclosed, Shopping Center, Strip Store, Warehouse Space","Retail","21,268","","",""
"1","A11893223","C","3500","150 SE 12th St Unit#300","","$2,400","¤RO","1975","COM/Lease","","Medical Office, Office Space","Office","13,664","","",""
"1","A11832497","C","3500","150 SE 12th St Unit#300","","$2,349","¤RO","1975","COM/Lease","","Medical Office, Office Space","Office","13,664","","",""
"1","A12021715","C","3370","88 E OAKLAND PARK BLVD Unit#88","","$2,100","","","COM/Lease","Commercial Retail","Retail Space, Shopping Center","Retail","40,000","","",""
"1","F10440942","C","3250","2715 E Oakland Park Boulevard Unit#100","","$1,950","CB","","COM/Lease","","Office/Warehouse Combination, Office Space, Retail Space, School, Warehouse Space","Commercial","7,502","","",""
"1","F10482553","C","3560","2151 NW 6th Street","","$1,850","CB","","COM/Lease","","Office/Warehouse Combination, Office Space, Warehouse Space","Commercial","4,772","","",""
"1","F10485011","C","3100","701 SE 32 Court Unit#205","","$1,800","B3","","COM/Lease","","Office/Warehouse Combination, Office Space, Warehouse Space","Office","","","",""
"1","A11807525","C","3370","120 East Oakland Park Boulevard Unit#107","","$1,800","B-2","1974","COM/Lease","Commercial Office","Office Space, Professional","Mixed Use","19,998","No","",""
"1","A11610411","C","3150","3025 N Ocean Blvd Unit##6","","$1,650","¤CB","1951","COM/Lease","","Office Space, Retail Space","Retail","9,047","No","",""
"1","F10485351","C","3260","2400 E Oakland Park Boulevard","","$1,600","","","COM/Lease","","Mall Enclosed, Office/Warehouse Combination, Office Space, Retail Space, School, Shopping Center, Strip Store, Warehouse Space","Commercial","","","",""
"1","F10398362","C","3480","111 SW 12th Street","","$1,500","SA-RAC","","COM/Lease","","Office/Warehouse Combination, Office Space, Retail Space, School, Warehouse Space","Retail","8,151","","",""
"1","F10458702","C","3700","441 NE 3rd Avenue Unit#208","","$1,400","RAC-CC","","COM/Lease","","Office/Warehouse Combination, Office Space, Retail Space, School, Warehouse Space","Commercial","42,875","","","0"
"1","R11098242","C","3130","2631 E Oakland Park Boulevard Unit#105b","","$1,300","CB","1964","COM/Lease","","","","","No","",""
"1","A11752065","C","3390","2307 N Andrews Ave","","$1,300","¤B-2","1966","COM/Lease","Commercial Lease","Office Space, Professional","Office","25,366","No","",""
"1","F10448914","C","3700","441 NE 3rd Avenue Unit#205","","$1,175","RAC-CC","","COM/Lease","","Office/Warehouse Combination, Office Space, Retail Space, School, Warehouse Space","Commercial","42,875","","","0"
"1","A11767571","C","3130","Down town Las Olas","","$1,100","","","COM/Lease","","Office Space","Office","150","","",""
"1","F10457185","C","3380","1200 NE 7th Avenue","","$1,000","B-3","","COM/Lease","","Office/Warehouse Combination, Office Space, Warehouse Space","Mixed Use","1,258","","",""
"1","A11231196","C","3500","1901 S Andrews Ave","","$999","Bus","1986","COM/Lease","Commercial Office","Office Space","Office","12,974","No","",""
"1","A11624100","C","3250","2691 E Oakland Park Blvd","","$848","","","COM/Lease","","Medical Office, Office Space","Office","15,000","","",""
"1","A11899826","C","3500","150 SE 12th St","","$700","¤RO","1975","COM/Lease","","Medical Office, Office Space","Office","13,664","","",""
"1","F10501588","C","3480","2000 S Federal Highway Unit#D","","$50","B-1","","COM/Lease","","Retail Space, School, Warehouse Space","Retail","16,875","","",""
"1","F10501587","C","3480","2000 S Federal Highway","","$50","B-1","1968","COM/Sale","","Retail Space, School, Warehouse Space","Retail","16,875","","",""
"1","F10494020","C","3560","719 NE 2nd Avenue","","$50","RAC-UV","","COM/Lease","","Office/Warehouse Combination, Office Space, Retail Space, School, Warehouse Space","Retail","6,375","","",""
"1","F10446634","C","3370","2136 E Oakland Park Boulevard Unit#2136","","$48","B-1","","COM/Lease","","Warehouse Space","Retail","3,429","","","0"
"1","F10486631","C","3380","702-704 NE 1st Avenue","","$45","RAC-UV","","COM/Lease","","Retail Space, School, Warehouse Space","Commercial","11,156","","",""
"1","F10542269","C","3360","3061 N Federal Highway","","$40","","","COM/Lease","","Warehouse Space","Commercial","","","",""
"1","F10496808","C","3370","1416 NE 4th Avenue","","$40","CB","","COM/Lease","","Office/Warehouse Combination, Office Space, Retail Space, School, Warehouse Space","Retail","6,248","","",""
"1","A11647486","C","3490","350 SW 25th St","","$35","¤B-2","1987","COM/Lease","","Restaurant/Bar, Retail Space","Mixed Use","32,680","","",""
"1","F10494022","C","3700","700 N Andrews Avenue","","$35","NWRAC-MUe","","COM/Lease","","Retail Space, School, Warehouse Space","Retail","13,720","","",""
"1","F10440621","C","3800","201 SE 2nd Street","","$35","RAC-CC","","COM/Lease","","Office/Warehouse Combination, Office Space","Commercial","6,997","","",""
"1","F10419781","C","3800","1133 SE 4th Avenue","","$35","ROA","","COM/Lease","","Office/Warehouse Combination, Office Space","Commercial","7,000","","",""
"1","F10454187","C","3460","701 NW 5th Avenue Unit#1040","","$34","Restaurant","","COM/Lease","","Office/Warehouse Combination, Office Space, Retail Space, School","Commercial","60,749","","",""
"1","F10514310","C","3370","1471 NE 26th Street","","$32","TOC EAST","","COM/Lease","","Office/Warehouse Combination, Office Space, Retail Space, School, Warehouse Space","Retail","25,944","","",""
"1","F10494006","C","3560","1229-1231 NE 9th Avenue Unit#1231","","$30","B-3","","COM/Lease","","Retail Space, School, Warehouse Space","Mixed Use","","","",""
"1","F10411532","C","3130","2655 E Oakland Park Boulevard","","$29","","","COM/Lease","","Warehouse Space","Commercial","","","",""
"1","F10455374","C","3370","2132 E Oakland Park Boulevard","","$28","B-1","","COM/Lease","","Mall Enclosed, Office/Warehouse Combination, Office Space, Retail Space, School, Shopping Center, Strip Store, Warehouse Space","Commercial","3,429","","",""
"1","A11768897","C","3490","350 SW 25th St","","$28","¤B-2","1987","COM/Lease","","Free Standing, Medical Office","Mixed Use","32,680","","",""
"1","F10524049","C","3370","1201 NE 26th Street Unit#101","","$28","PUD-M","","COM/Lease","","Office/Warehouse Combination, Office Space, Retail Space, School, Warehouse Space","Commercial","","","",""
"1","F10418794","C","3800","200 S Andrews Avenue Unit#201","","$26","RAC-CC,MEDICAL","","COM/Lease","","Medical Office, Office/Warehouse Combination, Office Space, Residential-Single Family, Warehouse Space","Commercial","","","",""
"1","F10418807","C","3800","200 S Andrews Avenue Unit#3rd floor","","$26","","","COM/Lease","","Office/Warehouse Combination, Office Space, Warehouse Space","Commercial","","","",""
"1","R11023016","C","3370","1800 NE 26th Street","","$25","B-2","1961","COM/Lease","","","Special Purpose","","Yes","",""
"1","A11985434","C","3800","200 S Andrews Ave Unit#503","","$25","¤RAC-CC","1986","COM/Lease","Commercial Office","Condominium, Office Space","Office","2,400","No","",""
"1","A11900068","C","3800","200 S Andrews Ave Unit#503","","$25","¤RAC-CC","1986","COM/Lease","Commercial Office","Condominium, Office Space","Office","2,400","No","",""
"1","A11810199","C","3800","200 S Andrews Ave Unit#602","","$25","¤RAC-CC","1986","COM/Lease","","Office Space, Professional","Office","3,300","","",""
"1","F10499338","C","3800","200 S Andrews Avenue Unit#3rd floor","","$25","","","COM/Lease","","Office/Warehouse Combination, Office Space, Warehouse Space","Commercial","","","",""
"1","F10424646","C","3460","701 NW 5th Avenue Unit#1101","","$23","Flex","","COM/Lease","","Office/Warehouse Combination, Office Space, Retail Space, School","Mixed Use","60,749","","",""
"1","F10423474","C","3460","701 NW 5th Avenue Unit#1131","","$23","Flex","","COM/Lease","","Office/Warehouse Combination, Office Space, Retail Space, School","Mixed Use","60,749","","",""
"1","F10487627","C","3380","837 NW 8th Avenue","","$20","I","","COM/Lease","","Heavy Manufacturing, Light Manufacturing, Warehouse Space","Industrial","10,125","","",""
"1","A11931699","C","3280","1845 Cordova Rd Unit#203","","$18","¤PEDD","2005","COM/Lease","Commercial Lease","Professional, Shopping Center","Office","245,865","No","",""
"1","F10448201","C","3460","701 NW 5th Avenue Unit#1061","","$18","Flex","","COM/Lease","","Office/Warehouse Combination, Office Space, Retail Space, School","Mixed Use","60,749","","",""
"1","R11013017","C","3400","1919 NW 19 Street Unit#201","","$15","I","1977","COM/Lease","","","Industrial","","","",""
"1","F10441635","T","3460","1448 NW 6th Street","","$1,000,000","","","COM/Sale","","Warehouse Space","Mixed Use","","","",""
"1","F10511940","T","3800","11 SE 13th Street","","$850,000","RMM-25","1922","COM/Sale","","","Mixed Use","6,250","","",""
"1","F10540595","T","3260","2455 E Sunrise Boulevard Unit#CU-4I","","$366,330","B-1","1973","COM/Sale","","","Commercial","","","",""
"1","F10540589","T","3260","2455 E Sunrise Boulevard Unit#CU-4G","","$236,250","B-1","1973","COM/Sale","","","Commercial","","","",""
"1","F10540593","T","3260","2455 E Sunrise Boulevard Unit#CU-4H","","$233,550","B-1","1973","COM/Sale","","","Commercial","","","",""
"1","B26010620","T","3500","503 SW 2nd Avenue","","$3,000","RAC-SMU","1953","COM/Lease","","Office/Warehouse Combination, Office Space, Retail Space, School","Office","","","",""
"1","F10554796","T","3260","2900 E Oakland Park Boulevard Unit#300-4","","$1,199","","","COM/Lease","","Office/Warehouse Combination, Office Space, Warehouse Space","Office","12,669","","",""
"1","F10534060","T","3560","101 NE 3rd Avenue","","$450","","","COM/Lease","","Office/Warehouse Combination, Office Space","Office","37,500","","",""
"1","A11890728","W","3500","201 SW 21st St","","$3,395,000","¤RM-15","1959","COM/Sale","","Mini Warehouse, Warehouse Space","Industrial","20,827","","","15"
"1","A11851127","W","30","2826 E Oakland Park Blvd","","$2,800,000","","","COM/Sale","Commercial Office","Medical Office, Office Space","Office","7,505","No","","1"
"1","B26014880","W","3460","821 NW 10th Terrace","","$2,625,000","RMM-25","1957","COM/Sale","","","Multifamily","","","",""
"1","B26001982","W","3810","705 NW 8th Avenue","","$2,599,000","I","1956","COM/Sale","","Industrial, Office/Warehouse Combination, Office Space, Warehouse Space","Industrial","","","","5"
"1","F10556540","W","3560","1210 NE 8th Avenue","","$2,198,672","B-3","1967","COM/Sale","","Office/Warehouse Combination, Office Space, Warehouse Space","Mixed Use","6,378","","",""
"1","A11977975","W","3560","1210 NE 8th Ave","","$2,198,672","¤B-3","1967","COM/Sale","","Office/Warehouse Combination","Flex Space","6,378","","",""
"1","F10541814","W","3470","301 SW 14th Way","","$1,280,000","RS-8","1976","COM/Sale","","","Multifamily","8,652","","",""
"1","F10541816","W","3470","311 SW 14th Way","","$950,000","RS-8","","COM/Sale","","","Multifamily","7,070","","",""
"1","F10469040","W","3360","3101 N Federal Highway Unit#700","","$24,375","PRZD","","COM/Lease","","Mall Enclosed, Office/Warehouse Combination, Office Space, Shopping Center, Strip Store, Warehouse Space","Commercial","","","",""
"1","F10469036","W","3360","3101 N Federal Highway Unit#300","","$12,375","PRZD","","COM/Lease","","Mall Enclosed, Office/Warehouse Combination, Office Space, Shopping Center, Strip Store, Warehouse Space","Commercial","","","",""
"1","F10469032","W","3360","3101 N Federal Highway Unit#302","","$7,200","PRZD","","COM/Lease","","Mall Enclosed, Office/Warehouse Combination, Office Space, Shopping Center, Strip Store, Warehouse Space","Commercial","","","",""
"1","B26017727","X","3160","125 N Birch Road","","$23,000,000","IOA","1947","COM/Sale","","","Multifamily","","","",""
"1","F10513010","X","3170","125 N Birch Road","","$23,000,000","","1947","COM/Sale","","","Commercial","28,321","","",""
"1","F10483250","X","3170","1147 Seabreeze Boulevard","","$14,750,000","RMH-25","1950","COM/Sale","","","Hotel","12,976","","",""
"1","F10492704","X","3350","1827 Middle River Drive","","$13,900,000","RM-15","1962","COM/Sale","","","Commercial","24,715","","","0"
"1","F10436822","X","3170","701 Bayshore Drive","","$12,500,000","","1957","COM/Sale","","Hotel/Motel","Hotel","","","",""
"1","A11690066","X","3130","3020 + 3024 Seville St","","$12,000,000","¤ABA","1959","COM/Sale","","Commercial/Residential Income, Hotel/Motel","Hotel","6,250","No","",""
"1","F10426156","X","3800","3100 SE 6th Avenue","","$11,900,000","B-3","1972","COM/Sale","","Warehouse Space","Commercial","90,193","","","5"
"1","F10494003","X","3560","850 NE 13th Street Unit#A-D","","$11,250,000","B-3","1970","COM/Sale","","Mall Enclosed, Office/Warehouse Combination, Office Space, Retail Space, School, Shopping Center, Strip Store, Warehouse Space","Mixed Use","17,220","","",""
"1","F10530893","X","3370","2209 NE 26th Street","","$9,600,000","RM-12","1957","COM/Sale","","Warehouse Space","Hotel","27,696","","",""
"1","A11624877","X","3560","925 W Broward Blvd","","$8,900,000","¤B-1","1979","COM/Sale","","Automotive, Showroom","Mixed Use","26,576","","",""
"1","F10409873","X","3490","3030 SW 4th Avenue","","$8,700,000","I","1974","COM/Sale","","Heavy Manufacturing, Light Manufacturing","Industrial","48,992","","","14"
"1","A11640494","X","3130","3001 N Ocean Blvd","","$8,000,000","¤CB","","COM/Sale","","Commercial/Residential Income, Hotel/Motel","Hotel","18,110","","",""
"1","A11664525","X","3470","616-626 SW 14th Ave","","$7,950,000","¤RD-15","1966","COM/Sale","","Commercial/Residential Income, Residential-Multi-Family","Income/MultiFamily","39,000","No","",""
"1","A11854783","X","3560","925 W Broward Blvd","","$7,600,000","¤B-1","1979","COM/Sale","","Automotive, Showroom","Mixed Use","26,576","","",""
"1","F10432503","X","3160","347 N Birch Road","","$6,895,000","IOA","","COM/Sale","","","Multifamily","10,000","","",""
"1","F10322411","X","3260","0000 N Main Street","","$6,500,000","","1991","COM/Sale","","","Commercial","25,000","","",""
"1","F10518967","X","3250","2640+2648+2667 NE 32nd Street","","$6,000,000","RMM-25","1956","COM/Sale","","Hotel/Motel, Warehouse Space","Hotel","29,865","","",""
"1","F10468635","X","3810","114 NW 5th Street","","$6,000,000","RAC-UV","","COM/Sale","","Warehouse Space","Commercial","8,126","","",""
"1","A11572456","X","3360","1995 E Oakland Park Blvd","","$5,999,999","¤B-1","1975","COM/Sale","","Medical Office, Office Space","Office","33,482","","",""
"1","A11587494","X","3990","1916 SW 11th St","","$5,999,999","¤RD-15","1967","COM/Sale","","Apartments, Residential-Multi-Family","Income/MultiFamily","26,399","","",""
"1","F10513789","X","3990","1916 SW 11th Street","","$5,800,888","RD-15","1967","COM/Sale","","","Multifamily","26,399","","",""
"1","F10502149","X","3260","1354 Bayview Drive","","$5,450,000","RMM-25","1959","COM/Sale","","","Multifamily","19,298","","",""
"1","F10458308","X","3600","1545 Miami Road","","$5,295,000","RMM-25","1973","COM/Sale","","","Multifamily","20,020","","",""
"1","A11857454","X","3460","202 NW 14th Ave Unit#202","","$5,200,000","¤RMM-25","2007","COM/Sale","Income Non-Waterfront","Commercial/Residential Income, Residential-Multi-Family","Income/MultiFamily","2,691","No","",""
"1","A11185753","X","3270","425 NE 8th St","","$5,000,000","RAC-UV - REGIONAL AC","1964","COM/Sale","","Other Type, Residential-Multi-Family","Flex Space","5,715","No","",""
"1","A10547525","X","3800","511 SE 5th Ave Unit#101/102","","$5,000,000","","2023","COM/Sale","Commercial Retail","Restaurant/Bar, Retail Space","Restaurant/Entertainment","8,664","Yes","","0"
"1","F10468630","X","3810","431 NW 1st Avenue","","$5,000,000","RAC-UV","","COM/Sale","","Warehouse Space","Commercial","15,937","","",""
"1","R11029990","X","3250","2648 NE 32 Street","","$4,999,000","RMM-25","1959","COM/Sale","","Hotel/Motel","Hotel","","","",""
"1","F10429656","X","3260","2724 NE 14th Street","","$4,795,000","RMM-25","1976","COM/Sale","","Hotel/Motel","Multifamily","10,000","","",""
"1","F10425362","X","3800","1843 S Federal Highway","","$4,600,000","B-1","1985","COM/Sale","","","Commercial","12,715","","",""
"1","F10541974","X","3160","1215 NE 17th Court","","$4,500,000","B-3","1955","COM/Sale","","Office/Warehouse Combination, Office Space, Retail Space, School, Warehouse Space","Commercial","45,568","","",""
"1","F10495959","X","3250","2817 E Oakland Park Boulevard","","$4,500,000","CB","","COM/Sale","","Warehouse Space","Commercial","14,860","","",""
"1","F10483251","X","3250","2648 NE 32nd Street","","$4,500,000","RMM-25","1959","COM/Sale","","Hotel/Motel, Warehouse Space","Hotel","20,004","","",""
"1","F10497468","X","3700","645 NE 4th Avenue","","$4,500,000","RAC-UV","2019","COM/Sale","","Warehouse Space","Multifamily","10,126","","",""
"1","A11724942","X","3260","2724 NE 14th St","","$4,490,000","¤RMM-25","1976","COM/Sale","Income Waterfront","Hotel/Motel, Residential-Multi-Family","Income/MultiFamily","10,000","Yes","",""
"1","R11126749","X","3170","1545 Miami Road","","$4,200,000","RMM-25","1973","COM/Sale","","","Multifamily","","","",""
"1","F10539676","X","3250","2648 NE 32nd Street","","$4,200,000","RMM-25","1959","COM/Sale","","Hotel/Motel, Warehouse Space","Hotel","20,004","","",""
"1","F10496405","X","3270","817 NE 4th Avenue","","$4,000,000","RAC-UV","1959","COM/Sale","","Office/Warehouse Combination, Office Space, Warehouse Space","Mixed Use","19,125","","","1"
"1","F10467546","X","3460","2150 NW 9th Avenue","","$3,995,000","CB","1982","COM/Sale","","","Commercial","22,630","","",""
"1","F10421930","X","3370","3001 NE 12 Terrace","","$3,900,000","","","COM/Sale","","","Industrial","13,000","","",""
"1","F10479873","X","3560","1730 W Sunrise Boulevard","","$3,900,000","B-3","1967","COM/Sale","","Warehouse Space","Retail","26,836","","",""
"1","F10467099","X","3250","2666 E Oakland Park Boulevard","","$3,800,000","CB","1961","COM/Sale","","Mall Enclosed, Shopping Center, Strip Store","Commercial","15,000","","",""
"1","A11649334","X","3370","1040 E Oakland Park Blvd","","$3,650,000","¤MR","1961","COM/Sale","","Industrial, Retail Space","Retail","24,725","No","","12"
"1","F10495101","X","3250","2666 E Oakland Park Boulevard","","$3,600,000","CB","1961","COM/Sale","","Mall Enclosed, Shopping Center, Strip Store","Commercial","15,000","","",""
"1","F10421721","X","3260","2455 E Sunrise Boulevard Unit#cu-phA-G","","$3,600,000","COMM","1973","COM/Sale","","Residential-Single Family","Commercial","","","",""
"1","F10463900","X","3370","2905 NE 6th Avenue","","$3,600,000","LI","1973","COM/Sale","","Warehouse Space","Commercial","30,093","","",""
"1","A11771851","X","3600","2120 S Federal Hwy","","$3,595,000","¤B-1","2011","COM/Sale","Commercial Retail","Free Standing","Retail","12,150","","",""
"1","F10466998","X","3260","2455 E Sunrise Boulevard Unit#Penthouse","","$3,520,180","B-1","","COM/Sale","","Office/Warehouse Combination, Office Space, Residential-Single Family, Warehouse Space","Commercial","12,398","","",""
"1","A11510533","X","3720","991 E Oakland Park Blvd","","$3,500,000","¤B-1","1981","COM/Sale","Commercial Office","Retail Space, Shopping Center","Office","17,740","No","",""
"1","A11677038","X","3800","200 S Andrews Ave Unit#300 to 303","","$3,500,000","¤RAC-CC","1986","COM/Sale","Commercial Office","Office Space, Professional","Office","0","No","",""
"1","F10544997","X","3460","1730 W Sunrise Boulevard","","$3,400,000","B-3","1967","COM/Sale","","","Commercial","26,836","","",""
"1","F10358396","X","3500","600 SW 4th Avenue","","$3,395,000","RAC-SMU","1982","COM/Sale","","","Commercial","12,363","","",""
"1","F10530037","X","3270","746 NE 3rd Ave & 8th Street","","$3,368,750","RAC-UV","1959","COM/Sale","","Office/Warehouse Combination, Office Space, Retail Space, School","Commercial","19,250","","",""
"1","A11769839","X","3260","2625 NE 13th Ct","","$3,349,000","¤RMM-25","1959","COM/Sale","","Apartments","Income/MultiFamily","13,650","","",""
"1","A11766749","X","3470","729 SW 2nd Ct","","$3,000,000","¤RML-25","1961","COM/Sale","","Apartments","Income/MultiFamily","11,500","No","",""
"1","A11932016","X","3250","2826 E Oakland Park Blvd","","$2,850,000","¤CB","1980","COM/Sale","","Medical Office, Office Space","Office","7,505","","",""
"1","A11889793","X","3260","2625 NE 13th Ct","","$2,850,000","¤RMM-25","1959","COM/Sale","","Apartments","Income/MultiFamily","13,650","","",""
"1","F10498147","X","3380","533 NE 13th Street","","$2,850,000","CB","1978","COM/Sale","","Office/Warehouse Combination, Office Space, Retail Space, School, Warehouse Space","Commercial","14,491","","",""
"1","A11308343","X","3380","2010 Wilton Dr","","$2,750,000","","2022","COM/Sale","","Restaurant/Bar","Restaurant/Entertainment","7,960","","",""
"1","F10446472","X","3390","114 NW 25th Street","","$2,750,000","RM-16","1941","COM/Sale","","","Multifamily","40,196","","",""
"1","A11563857","X","3470","15 NW 9th Ave","","$2,750,000","¤B-3","1954","COM/Sale","Industrial","Office/Warehouse Combination, Warehouse Space","Industrial","7,000","No","","6"
"1","F10530033","X","3270","724-730 3rd Avenue","","$2,734,375","","1960","COM/Sale","","Office/Warehouse Combination, Office Space, Retail Space, School","Multifamily","15,625","","",""
"1","F10283367","X","3470","1122 W Broward Boulevard","","$2,650,000","B-1","1954","COM/Sale","Commercial Retail","Retail Space, School","Commercial","7,875","","",""
"1","F10417742","X","3370","2502 NE 6th Avenue","","$2,649,000","RS-5","2019","COM/Sale","","","Commercial","6,256","","",""
"1","F10469634","X","3170","900 Sunrise Lane","","$2,500,000","SLA","1968","COM/Sale","","Retail Space, School","Commercial","1,849","","",""
"1","F10531419","X","3280","1650 NE 26th Street","","$2,500,000","B-2","1974","COM/Sale","","Medical Office, Office/Warehouse Combination, Office Space","Commercial","15,003","","","0"
"1","A11812151","X","3370","2500 Wilton Dr","","$2,500,000","A & E DISTRICT","2011","COM/Sale","Mixed Use","Restaurant/Bar, Special Purpose","Special Purpose","5,664","","",""
"1","F10503686","X","3260","2617 NE 13th Court","","$2,475,000","RMM-25","1948","COM/Sale","","Hotel/Motel","Commercial","10,400","","",""
"1","F10447881","X","3460","735 NW 7th Terrace","","$2,400,000","I","1959","COM/Sale","","","Industrial","10,125","","",""
"1","F10523632","X","3270","1700 NE 5 Street","","$2,295,000","RC-15","1958","COM/Sale","","Adult Congregate, Assisted Living Facility, Medical Office, Special Purpose","Commercial","13,107","","",""
"1","A11803692","X","3460","844 NW 10th Ter","","$2,225,000","¤B-3","1965","COM/Sale","Industrial","Industrial, Warehouse Space","Mixed Use","16,875","","","8"
"1","R11040900","X","3460","1315 NW 2nd Street Unit#Mix","","$2,200,000","RMM-25","2009","COM/Sale","","","Multifamily","","No","",""
"1","A11564907","X","3460","844 NW 10th Ter","","$2,200,000","¤B-3","1965","COM/Sale","Industrial","Industrial, Warehouse Space","Mixed Use","16,875","No","",""
"1","F10428676","X","3390","325 NW 25 Street","","$2,179,449","RM12","1961","COM/Sale","","","Multifamily","13,220","","",""
"1","A11948494","X","3470","709 SW 4th Ct Unit#1-7","","$2,100,000","¤RML-25","1959","COM/Sale","","Apartments","Income/MultiFamily","14,000","","",""
"1","F10426987","X","3810","842 NW 1st Avenue Unit#1-8","","$2,079,000","RMM-25","1973","COM/Sale","","","Multifamily","10,126","","",""
"1","F10496195","X","3370","1900 E Oakland Park Boulevard","","$2,050,000","CB, RMM25","1960","COM/Sale","","Retail Space, School","Retail","16,728","","","6"
"1","A11739246","X","3810","842 NW 1st Ave","","$2,049,000","¤RMM-25","1974","COM/Sale","","Residential-Multi-Family","Income/MultiFamily","10,126","No","",""
"1","A11444550","X","3800","511 SE 5th Ave Unit#11","","$2,043,000","¤RAC-CC","2005","COM/Sale","","Office Space","Office","4,540","","",""
"1","A11657946","X","3370","821 NE 18th Ct Unit#1-5","","$2,000,000","¤RML-25","1975","COM/Sale","","Apartments","Income/MultiFamily","8,540","","",""
"1","A11727291","X","3040","2010 NW 6th St","","$1,998,500","¤NWRAC-MU","","COM/Sale","","Restaurant/Bar","Restaurant/Entertainment","5,200","","",""
"1","F10504783","X","3260","2700 E Oakland Park Boulevard","","$1,990,000","CB","1960","COM/Sale","","Office/Warehouse Combination, Office Space, Retail Space, School, Warehouse Space","Retail","15,000","","",""
"1","F10423861","X","3390","1091 NE 4th Avenue","","$1,990,000","CB","","COM/Sale","","Office/Warehouse Combination, Office Space, Retail Space, School, Warehouse Space","Commercial","18,100","","",""
"1","A11363737","X","3380","320 Davie Blvd","","$1,950,000","¤ROC","1990","COM/Sale","","Free Standing, Office Space","Office","9,652","","",""
"1","A11690572","X","3331","901 NE 30th Ct","","$1,900,000","¤MR","1968","COM/Sale","Industrial","Industrial, Warehouse Space","Industrial","16,500","","",""
"1","F10460691","X","3380","3047 N Federal Highway","","$1,900,000","B-1","1959","COM/Sale","","Mall Enclosed, Medical Office, Shopping Center, Strip Store","Commercial","3,130","","",""
"1","F10507604","X","3600","1848 SE 1st Avenue","","$1,899,000","RO","1959","COM/Sale","","Medical Office","Commercial","","","","0"
"1","A11753988","X","3470","1415 SW 1 ST Unit#1-8","","$1,895,000","¤RML-25","1974","COM/Sale","","Commercial/Residential Income, Residential-Multi-Family","Income/MultiFamily","13,802","No","",""
"1","F10457923","X","3450","530-536 & 548 & 548 32nd Street","","$1,890,000","B-3","1959","COM/Sale","","Heavy Manufacturing, Light Manufacturing, Office/Warehouse Combination, Office Space, Warehouse Space","Commercial","17,111","","","5"
"1","F10396003","X","3800","100 SE 21st Street Unit#1-8","","$1,850,000","RMM-25","1977","COM/Sale","","","Commercial","14,299","","",""
"1","F10435565","X","3360","1620 NE 12th Terrace","","$1,800,000","B-3","1953","COM/Sale","","Heavy Manufacturing, Light Manufacturing, Office/Warehouse Combination, Office Space, Warehouse Space","Industrial","11,736","","","5"
"1","F10395763","X","3370","1100 NE 18th Court","","$1,800,000","RML-25","1958","COM/Sale","","Hotel/Motel","Multifamily","9,167","","",""
"1","A11677774","X","3800","200 S Andrews Ave Unit#201","","$1,800,000","¤RAC-CC","1986","COM/Sale","Commercial Office","Office Space, Professional","Office","0","No","",""
"1","A11615342","X","3600","505 SE 20th St Unit#1-5","","$1,799,000","¤RO","1958","COM/Sale","Income Non-Waterfront","Residential-Multi-Family","Income/MultiFamily","6,977","No","",""
"1","F10455010","X","3450","250 NE 44th Street","","$1,790,000","B2","","COM/Sale","","Heavy Manufacturing, Light Manufacturing","Industrial","","","",""
"1","F10486705","X","3370","1124 NE 5th Avenue","","$1,750,000","RMM-25","1951","COM/Sale","","","Multifamily","20,256","","",""
"1","R11122108","X","3700","200 S Andrews Avenue Unit#100","","$1,750,000","RAC-CC","1986","COM/Sale","","Office/Warehouse Combination, Office Space, Residential-Single Family, Retail Space, School, Warehouse Space","Office","","","",""
"1","R11160298","X","3470","925 W Las Olas Boulevard Unit#1-2","","$1,749,000","RML-25","1956","COM/Sale","","","Multifamily","","","",""
"1","F10491189","X","3580","2001 W State Road 84 #410","","$1,725,000","","2024","COM/Sale","","Warehouse Space","Industrial","","","",""
"1","F10432650","X","3370","2133 N Dixie Highway","","$1,700,000","B-3","1962","COM/Sale","","Warehouse Space","Commercial","7,497","","",""
"1","F10352347","X","3370","1130 NE 6th Avenue","","$1,700,000","B-3","1981","COM/Sale","","","Commercial","12,769","","","5"
"1","A11889386","X","3800","511 SE 5th Ave Unit#11","","$1,700,000","¤RAC-CC","2005","COM/Sale","","Office Space, Professional","Office","4,340","Yes","",""
"1","A11814830","X","3470","1415 SW 1st Street Unit#1-8","","$1,699,000","¤RML-25","1974","COM/Sale","","Apartments, Residential-Multi-Family","Income/MultiFamily","13,802","No","",""
"1","F10481743","X","3260","2455 E Sunrise Boulevard Unit#Retail Portfolio Sale","","$1,600,000","B-1","","COM/Sale","","Office/Warehouse Combination, Office Space, Residential-Single Family, Warehouse Space","Commercial","12,398","","",""
"1","A11892190","X","3460","834 NW 10th Ter","","$1,600,000","¤B-3","1969","COM/Sale","Industrial","Heavy Manufacturing, Industrial","Industrial","16,875","No","","2"
"1","A11616873","X","3160","520 Orton Ave Unit#201, 204, 403","","$1,575,000","¤NBRA","1985","COM/Sale","","Condominium","Income/MultiFamily","3,801","","",""
"1","R11054574","X","3560","2513 NW 19 Street","","$1,510,000","B-3","1990","COM/Sale","","","Mixed Use","","","",""
"1","F10516675","X","3270","618 NE 14th Avenue","","$1,500,000","","1951","COM/Sale","","Warehouse Space","Multifamily","9,563","","",""
"1","F10465676","X","3270","618 NE 14th Avenue","","$1,500,000","","1951","COM/Sale","","Warehouse Space","Multifamily","9,563","","",""
"1","F10516187","X","3370","1100 NE 18th Court Unit#1-8","","$1,500,000","RML-25","1958","COM/Sale","","Hotel/Motel","Multifamily","9,167","","",""
"1","A11642161","X","3700","824 NE 4th St Unit#1-6","","$1,500,000","¤RMM-25","1960","COM/Sale","Income Non-Waterfront","Residential-Multi-Family","Income/MultiFamily","6,440","No","",""
"1","A11934425","X","3460","426 NW 14th Ave Unit#1-8","","$1,425,000","¤RS-8","1964","COM/Sale","Income Non-Waterfront","Apartments, Residential-Multi-Family","Income/MultiFamily","11,865","","",""
"1","F10410358","X","3700","921 NE 3rd Avenue","","$1,400,000","NWRAC-MUne","1980","COM/Sale","","","Mixed Use","3,375","","","1"
"1","F10526788","X","3460","105 S Avenue Of The Arts","","$1,399,000","RAC-AS","1958","COM/Sale","","Warehouse Space","Commercial","6,225","","",""
"1","F10526976","X","3500","301 SW 7th Street","","$1,395,000","RAC-SMU (TMU)","1968","COM/Sale","","Office/Warehouse Combination, Office Space","Commercial","7,250","","",""
"1","F10482300","X","3370","1124 NE 5th Avenue Unit#1-6","","$1,350,000","RMM-25","1951","COM/Sale","","","Multifamily","13,504","","",""
"1","A11781126","X","3800","1317 SE 4th Ave","","$1,350,000","¤ROA","1958","COM/Sale","","Office Space, Professional","Office","10,500","","",""
"1","A11685059","X","3370","1106 NE 5th Ave Unit#1-5","","$1,349,999","¤RMM-25","1980","COM/Sale","","Residential-Multi-Family","Income/MultiFamily","10,127","","",""
"1","F10491389","X","3460","526 NW 15th Way","","$1,300,000","RS-8","1957","COM/Sale","","","Multifamily","11,300","","",""
"1","F10447221","X","3500","888 SE 3rd Avenue Unit#502A","","$1,300,000","RAC-CC","","COM/Sale","","Office/Warehouse Combination, Office Space, Residential-Single Family, Warehouse Space","Commercial","","","",""
"1","F10491090","X","3580","2001 W State Road 84 Unit#232/234","","$1,300,000","PUD","2024","COM/Sale","","Warehouse Space","Industrial","11,800","","",""
"1","F10497894","X","3370","808 NW 19 Street","","$1,299,000","RDS-15","1970","COM/Sale","","","Multifamily","9,466","","",""
"1","B26011928","X","3470","105 S Ave Of The Arts ","","$1,290,000","RAC-AS","1958","COM/Sale","","Office/Warehouse Combination, Office Space","Commercial","","","",""
"1","F10529942","X","3800","1230 SE 4th Avenue","","$1,250,000","RO","1959","COM/Sale","","","Mixed Use","7,393","","",""
"1","A11657759","X","3370","2600 N Andrews Ave","","$1,200,000","¤B-2","1971","COM/Sale","Commercial Office","Free Standing, Medical Office","Mixed Use","8,798","No","",""
"1","A11534878","X","3370","2600 N Andrews Ave","","$1,200,000","¤B-2","1971","COM/Sale","Commercial Office","Free Standing, Medical Office","Mixed Use","8,798","No","",""
"1","A11750386","X","3390","600 W Oakland Park Blvd","","$1,200,000","TOC-W","1968","COM/Sale","","Free Standing, Retail Space","Retail","10,213","No","",""
"1","F10405105","X","3560","2001 NW 21st Avenue","","$1,200,000","B-2","1984","COM/Sale","","","Commercial","8,333","","",""
"1","F10491429","X","3580","2001 W State Road 84 #418","","$1,200,000","PUD","2024","COM/Sale","","Warehouse Space","Industrial","11,800","","",""
"1","F10466346","X","3260","3000 N Federal Highway","","$1,199,000","B-1","","COM/Sale","","Office/Warehouse Combination, Office Space, Warehouse Space","Commercial","","","",""
"1","A11773250","X","3600","412 SE 23rd St","","$1,195,000","¤RO","1959","COM/Sale","","Office Space","Office","6,749","","",""
"1","A11640503","X","3580","2011 W State Road 84 Unit#306-3","","$1,185,000","¤PUD","2009","COM/Sale","","Automotive","Industrial","200,000","","",""
"1","F10453529","X","3490","2801 SW 3rd Avenue","","$1,180,000","I","2002","COM/Sale","","Heavy Manufacturing, Light Manufacturing, Warehouse Space","Commercial","2,268","","","1"
"1","A11637888","X","3460","848 NW 2nd Ave","","$1,175,000","¤RMM-25","1972","COM/Sale","","Residential-Multi-Family","Income/MultiFamily","6,750","No","",""
"1","A11740659","X","3580","2011 W State Road 84 Unit#244-2","","$1,125,000","¤PUD","2024","COM/Sale","","Office/Warehouse Combination, Warehouse Space","Industrial","200,000","","",""
"1","R11044347","X","3400","1100 NE 4th Avenue Unit#1-2","","$1,099,000","CB","1956","COM/Sale","","","","","No","",""
"1","B26010079","X","3470","600 SW 9th Street Unit#1-5","","$1,098,990","RD-15","1918","COM/Sale","","","Mixed Use","","","",""
"1","F10450330","X","3260","2455 E Sunrise Boulevard Unit#CU-1A","","$1,098,960","B-1","","COM/Sale","","Residential-Single Family, Warehouse Space","Commercial","8,381","","",""
"1","A11706192","X","3460","848 NW 2nd Ave","","$1,095,000","¤RMM-25","1973","COM/Sale","","Apartments, Residential-Multi-Family","Income/MultiFamily","6,750","No","",""
"1","A11582220","X","3500","1227 South Andrews Ave","","$1,090,000","CB","","COM/Sale","","Commercial/Residential Income, Retail Space","Mixed Use","6,250","","",""
"1","F10450315","X","3260","2455 E Sunrise Boulevard Unit#1108","","$1,079,325","B-1","","COM/Sale","","Residential-Single Family, Warehouse Space","Commercial","3,321","","",""
"1","A11891960","X","3424","1026 NW 9th Ave","","$1,050,000","¤B-1","1961","COM/Sale","Commercial Retail","Retail Space, Strip Store","Retail","6,751","","",""
"1","F10405535","X","3800","412 SE 13th Street","","$1,049,000","RO","1939","COM/Sale","","Office/Warehouse Combination, Office Space, Retail Space, School, Warehouse Space","Commercial","1,412","","",""
"1","A11748832","X","3460","848 NW 2nd Ave","","$1,039,000","¤RMM-25","1972","COM/Sale","","Apartments, Residential-Multi-Family","Income/MultiFamily","6,750","No","",""
"1","F10512115","X","3480","624 SW 24th Street","","$990,000","CF","1952","COM/Sale","","Office/Warehouse Combination, Office Space, Retail Space, School","Commercial","6,325","","",""
"1","A11718368","X","3560","2001-2007 NW 21st Ave","","$949,900","¤B-2","","COM/Sale","Mixed Use","Commercial/Residential Income, Retail Space","Mixed Use","11,136","No","","0"
"1","F10462346","X","3370","824 NE 16th Street","","$930,000","RS-8","1970","COM/Sale","","","Multifamily","9,759","","",""
"1","B26010074","X","3270","908 NE 17th Terrace Unit#1-6","","$918,990","RMM-25","1956","COM/Sale","","","Multifamily","","","",""
"1","A11899504","X","3800","423 SE 19th St","","$899,999","¤RO","1967","COM/Sale","","Free Standing, Professional","Office","6,840","No","",""
"1","A11475571","X","3010","739 NW 7th Ter","","$875,000","¤I","1957","COM/Sale","","Industrial, Warehouse Space","Industrial","6,750","","",""
"1","F10453661","X","3460","916 NW 9th Avenue","","$850,000","B-3","1958","COM/Sale","","Warehouse Space","Industrial","6,750","","",""
"1","A11225517","X","3480","2011 W State Road 84 Unit#232-2","","$850,000","","2022","COM/Sale","","Warehouse Space","Industrial","2,000","","",""
"1","A11721197","X","3480","223 SW 17th St","","$849,000","¤B-3","1952","COM/Sale","","Free Standing","Mixed Use","7,380","","",""
"1","F10450332","X","3260","2455 E Sunrise Boulevard Unit#CU-1B","","$830,625","B-1","","COM/Sale","","Residential-Single Family, Warehouse Space","Commercial","8,381","","",""
"1","F10453687","X","3270","1210 NE 15th Street Unit#22","","$824,250","B3","2020","COM/Sale","","Heavy Manufacturing, Light Manufacturing, Warehouse Space","Commercial","1,568","","","1"
"1","F10517078","X","3370","2301 Wilton Drive","","$800,000","","2007","COM/Sale","","Warehouse Space","Commercial","49,399","","",""
"1","R10984954","X","3460","626 NW 10th Terrace Unit#1-5","","$789,900","RMM-25","1940","COM/Sale","","","Multifamily","","No","",""
"1","A11716543","X","3300","2455 E Sunrise Blvd Unit#CU9K-CU9M-CU9L","","$750,000","¤B-1","1973","COM/Sale","","Medical Office, Office Space","Office","6,624","No","",""
"1","A11626291","X","3350","2455 E Sunrise Blvd Unit#CU9K-CU9M-CU9L","","$750,000","¤B-1","1973","COM/Sale","","Medical Office, Office Space","Office","6,624","","",""
"1","A11842002","X","3390","648 W Oakland Park Blvd","","$750,000","TOC-W","1961","COM/Sale","","Commercial/Residential Income, Office Space","Mixed Use","9,351","","",""
"1","R11118069","X","3850","748 NW 22nd Road","","","CB","1964","COM/Sale","","Restaurant/Bar, Retail Space, School, Tavern/Bar","Commercial","","","",""
"1","F10491116","X","3580","2001 W St. Road","","$625,000","","2024","COM/Sale","","Warehouse Space","Industrial","","","",""
"1","F10481913","X","3160","3015 N Ocean Boulevard Unit#C-115","","$620,000","","1974","COM/Sale","","Office/Warehouse Combination, Office Space, Residential-Single Family, Retail Space, School, Warehouse Space","Commercial","104,310","","",""
"1","F10490790","X","3800","200 SE 19th Street","","$599,000","ROA","1968","COM/Sale","","Office/Warehouse Combination, Office Space","Commercial","6,950","","",""
"1","A11614123","X","3160","3015 N Ocean Blvd Unit#C120","","$595,000","¤CB","1974","COM/Sale","","Office Space","Office","0","","",""
"1","A11819489","X","3390","1403 NW 8th Ave","","$575,000","¤RDS-15","1968","COM/Sale","","Residential-Multi-Family","Income/MultiFamily","6,749","No","",""
"1","A11572781","X","3400","649 NW 22nd Rd","","$549,900","¤CB","1982","COM/Sale","","Commercial/Residential Income, Office Space","Commercial","9,134","No","",""
"1","A11804621","X","3450","401 E Oakland Park Blvd","","$540,000","¤B-1","1948","COM/Sale","Mixed Use","Medical Office, Professional","Mixed Use","5,268","No","",""
"1","A11441902","X","3580","2011 W State Road 84 Unit#232-2","","$540,000","¤PUD","2023","COM/Sale","","Condominium, Warehouse Space","Industrial","200,000","No","",""
"1","F10491103","X","3580","2001 W St. Road","","$535,000","PUD","2009","COM/Sale","","Warehouse Space","Industrial","11,800","","",""
"1","F10498122","X","3260","2455 E Sunrise Boulevard Unit#1201","","$525,000","","2008","COM/Sale","","Office/Warehouse Combination, Office Space, Residential-Single Family, Warehouse Space","Commercial","84,506","","",""
"1","F10421306","X","3370","1432 NE 10th Avenue","","$525,000","RMM-25","1956","COM/Sale","","Warehouse Space","Commercial","5,992","","",""
"1","F10520496","X","3160","3015 N Ocean Boulevard Unit#C-115","","$500,000","","","COM/Sale","","Office/Warehouse Combination, Office Space, Residential-Single Family, Retail Space, School, Warehouse Space","Commercial","104,310","","",""
"1","F10450333","X","3260","2455 E Sunrise Boulevard Unit#CU-1C","","$491,250","B-1","","COM/Sale","","Residential-Single Family, Warehouse Space","Commercial","8,381","","",""
"1","F10541309","X","3360","1400 E Oakland Park Boulevard Unit#102","","$483,000","","1972","COM/Sale","","Office/Warehouse Combination, Office Space","Commercial","47,521","","",""
"1","F10450336","X","3260","2455 E Sunrise Boulevard Unit#CU-1D","","$482,625","B-1","","COM/Sale","","Residential-Single Family, Warehouse Space","Commercial","8,381","","",""
"1","A11773645","X","3580","2011 W State Road 84 Unit#214-1","","$475,000","¤PUD","2009","COM/Sale","","Automotive, Mini Warehouse","Industrial","200,000","","",""
"1","F10445819","X","3260","2455 E Sunrise Boulevard Unit#1112","","$459,900","","1973","COM/Sale","","Residential-Single Family, Warehouse Space","Commercial","","","",""
"1","F10482184","X","3160","3015 N Ocean Boulevard Unit#C126","","$450,000","","1974","COM/Sale","","Office/Warehouse Combination, Office Space, Residential-Single Family, Retail Space, School, Warehouse Space","Commercial","104,310","","",""
"1","F10489081","X","3450","415-417 E Oakland Park Boulevard","","$445,000","","","COM/Sale","","","Multifamily","","","",""
"1","F10447813","X","3160","3015 N Ocean Boulevard Unit#C-115","","$425,000","CB","","COM/Sale","","Office/Warehouse Combination, Office Space, Residential-Single Family, Retail Space, School, Warehouse Space","Commercial","1,938","","",""
"1","F10449571","X","3260","2455 E Sunrise Boulevard Unit#209","","$423,040","B-1","","COM/Sale","","Residential-Single Family, Warehouse Space","Commercial","1,322","","",""
"1","F10541302","X","3360","1400 E Oakland Park Boulevard Unit#100","","$420,000","","1972","COM/Sale","","","Commercial","47,521","","",""
"1","F10450305","X","3260","2455 E Sunrise Boulevard Unit#512","","$416,975","B-1","","COM/Sale","","Residential-Single Family, Warehouse Space","Commercial","1,283","","",""
"1","F10540431","X","3600","1801 SE 17th Street Unit#112","","$370,000","","2005","COM/Sale","","Warehouse Space","Commercial","","","",""
"1","F10450312","X","3260","2455 E Sunrise Boulevard Unit#815","","$369,495","B-1","","COM/Sale","","Residential-Single Family, Warehouse Space","Commercial","1,071","","",""
"1","F10449575","X","3260","2455 E Sunrise Boulevard Unit#502","","$359,775","B-1","","COM/Sale","","Residential-Single Family, Warehouse Space","Commercial","1,107","","",""
"1","F10450279","X","3160","3015 N Ocean Boulevard Unit#C-115","","$350,000","CB","","COM/Sale","","Office/Warehouse Combination, Office Space, Residential-Single Family, Retail Space, School, Warehouse Space","Commercial","1,938","","",""
"1","F10424980","X","3160","3015 N Ocean Boulevard Unit#C-126","","$315,000","CB","","COM/Sale","","Office/Warehouse Combination, Office Space, Residential-Single Family, Retail Space, School, Warehouse Space","Commercial","1,938","","",""
"1","F10552870","X","3280","1103 E Las Olas Boulevard","","$299,000","B-1","","COM/Sale","","Warehouse Space","Commercial","10,082","","",""
"1","F10528747","X","3160","3015 N Ocean Boulevard Unit#C106","","$220,000","","1974","COM/Sale","","Mall Enclosed, Office/Warehouse Combination, Office Space, Shopping Center, Strip Store","Mixed Use","0","","","0"
"1","F10502365","X","3160","3015 N Ocean Boulevard","","$215,000","","","COM/Lease","","Office/Warehouse Combination, Office Space, Residential-Single Family, Retail Space, School, Warehouse Space","Commercial","104,310","","",""
"1","F10482180","X","3160","3015 N Ocean Boulevard Unit#C117","","$200,000","","1974","COM/Sale","","Office/Warehouse Combination, Office Space, Residential-Single Family, Retail Space, School, Warehouse Space","Commercial","104,310","","",""
"1","F10458842","X","3370","2031 Wilton Drive","","$200,000","","","COM/Lease","","Retail Space, School, Warehouse Space","Commercial","","","",""
"1","A11708099","X","3070","3045 N Federal Hwy Unit#6","","$170,000","¤B-1","1968","COM/Sale","","Office Space, Other Type","Office","401","","",""
"1","A11845437","X","3150","3045 N Federal Hwy Unit#6","","$170,000","¤B-1","1968","COM/Sale","","Office Space, Professional","Office","0","","",""
"1","A11629439","X","3560","925 W Broward Blvd","","$65,000","¤B-1","1979","COM/Lease","","Automotive","Mixed Use","26,576","","",""
"1","A11854739","X","3560","925 W Broward Blvd","","$45,000","¤B-1","1979","COM/Lease","","Automotive","Mixed Use","26,576","","",""
"1","F10474545","X","3400","1001 W Sunrise Boulevard","","$22,500","B-1","","COM/Lease","","Warehouse Space","Commercial","23,711","","",""
"1","A11769815","X","3380","2010 Wilton Dr","","$15,000","¤A & E DI","1962","COM/Lease","Commercial Retail","Restaurant/Bar, Retail Space","Retail","7,960","","",""
"1","A11575411","X","3380","2010 Wilton Dr","","$15,000","¤A & E DI","2022","COM/Lease","Commercial Retail","Restaurant/Bar, Retail Space","Restaurant/Entertainment","7,960","","",""
"1","F10443466","X","3500","2901 SW 3rd Avenue Unit#1B","","$13,000","I","","COM/Lease","","Warehouse Space","Commercial","5,170","","",""
"1","A11879199","X","3370","929 NE 17th Way","","$11,500","¤RMM-25","","COM/Lease","","Automotive, Industrial","Special Purpose","20,250","No","",""
"1","F10538206","X","3280","1103 E Las Olas Boulevard","","$10,603","B-1","","COM/Lease","","Warehouse Space","Commercial","10,082","","",""
"1","A11363745","X","3480","330 SW 12th St","","$10,000","¤ROC","2001","COM/Lease","","Free Standing, Office Space","Office","14,291","","",""
"1","F10499877","X","3360","3101 N Federal Highway Unit#200","","$9,625","PRZD","","COM/Lease","","Mall Enclosed, Office/Warehouse Combination, Office Space, Shopping Center, Strip Store, Warehouse Space","Commercial","","","",""
"1","B26026572","X","3260","2455 E Sunrise Boulevard Unit#Cu-4g-4h-4i","","$9,250","B-1","1973","COM/Lease","","","Commercial","","","",""
"1","F10523355","X","3250","2739 Oakland Park Boulevard","","$8,600","CB","","COM/Lease","","Mall Enclosed, Office/Warehouse Combination, Office Space, Retail Space, School, Shopping Center, Strip Store, Warehouse Space","Commercial","","","",""
"1","A11432606","X","3370","1301 N Dixie Hwy","","$7,500","¤CB","1960","COM/Lease","Commercial Lease","Free Standing, Retail Space","Retail","10,349","No","",""
"1","A11591447","X","3720","3291 N Andrews Ave","","$6,800","¤B-1","1997","COM/Lease","","Convenience Store, Medical Office","Flex Space","16,375","","",""
"1","F10535152","X","3600","614 S Federal Highway","","$6,000","","","COM/Lease","","Office/Warehouse Combination, Office Space, Warehouse Space","Commercial","","","",""
"1","F10447318","X","3260","3000 N Federal Highway Unit#1A","","$5,880","B-1","","COM/Lease","","Office/Warehouse Combination, Office Space, Warehouse Space","Commercial","","","",""
"1","F10447815","X","3160","3015 N Ocean Boulevard Unit#C-115","","$5,475","CB","","COM/Lease","","Office/Warehouse Combination, Office Space, Residential-Single Family, Retail Space, School, Warehouse Space","Commercial","1,938","","",""
"1","F10469748","X","3700","401 NE 8th Street","","$5,275","RAC-UV","","COM/Lease","","Office/Warehouse Combination, Office Space, Retail Space, School, Warehouse Space","Commercial","5,715","","",""
"1","A11569314","X","3200","900 N Federal Hwy","","$5,000","¤B-1","1957","COM/Lease","","Anchored Center, Restaurant/Bar","Restaurant/Entertainment","140,523","","",""
"1","A11557055","X","3360","3225 N Andrews Ave","","$5,000","","1976","COM/Lease","Commercial Retail","Office Space, Retail Space","Mixed Use","42,820","No","","1"
"1","F10455810","X","3800","304 SE 20th Street","","$4,995","RO","","COM/Lease","","Office/Warehouse Combination, Office Space","Commercial","","","",""
"1","F10432468","X","3260","2455 E Sunrise Boulevard Unit#cu-ph-c/d","","$4,818","commercial","","COM/Lease","","Office/Warehouse Combination, Office Space, Warehouse Space","Commercial","","","",""
"1","F10412130","X","3460","904 NW 9th Avenue","","$4,800","B-3","","COM/Lease","","Heavy Manufacturing, Light Manufacturing, Office/Warehouse Combination, Office Space, Retail Space, School, Warehouse Space","Commercial","10,125","","","3"
"1","F10429925","X","3250","2727 E Oakland Park Boulevard Unit#100","","$4,488","CB","","COM/Lease","","Office/Warehouse Combination, Office Space, Retail Space, School, Warehouse Space","Commercial","15,005","","",""
"1","F10542918","X","3550","404 E Oakland Park Boulevard","","$4,400","B-2","","COM/Lease","","Mall Enclosed, Office/Warehouse Combination, Office Space, Retail Space, School, Shopping Center, Strip Store, Warehouse Space","Retail","","","",""
"1","F10542067","X","3810","711 6 Avenue","","$4,200","","","COM/Lease","","Warehouse Space","Commercial","","","",""
"1","F10489057","X","3800","100 SE 20th Street","","$4,145","RO","","COM/Lease","","Office/Warehouse Combination, Office Space","Commercial","6,776","","","0"
"1","F10511233","X","3370","308 E Oakland Park Unit#308","","$4,100","","","COM/Lease","","Office/Warehouse Combination, Office Space, Retail Space, School, Warehouse Space","Mixed Use","","","",""
"1","A11631399","X","3390","600 W Oakland Park Blvd","","$4,000","¤B-1","1968","COM/Lease","","Free Standing, Retail Space","Retail","10,213","","",""
"1","F10479623","X","3370","404 E Oakland Park Boulevard Unit#404","","$3,958","","","COM/Lease","","Retail Space, School, Warehouse Space","Commercial","","","",""
"1","F10455923","X","3270","808 NE 20th Avenue","","$3,950","ROA","","COM/Lease","","Office/Warehouse Combination, Office Space, Warehouse Space","Commercial","11,666","","","0"
"1","F10476954","X","3370","1167 NE 24th Street Unit#1167","","$3,950","LI","","COM/Lease","","Office/Warehouse Combination, Office Space, Warehouse Space","Commercial","14,612","","","1"
"1","F10424848","X","3470","413 SW 3rd Avenue","","$3,950","RAC-SMU","","COM/Lease","","Office/Warehouse Combination, Office Space, Warehouse Space","Commercial","51,074","","",""
"1","F10505986","X","3260","3020 N Federal Highway Unit#6","","$3,900","B-1","","COM/Lease","","Mall Enclosed, Office/Warehouse Combination, Office Space, Retail Space, School, Shopping Center, Strip Store, Warehouse Space","Retail","1,000","","",""
"1","R11037027","X","3480","2215 S Federal Highway","","$3,900"," ","1961","COM/Lease","","","","","No","",""
"1","F10443132","X","3400","2500 NE 15 Unit#2500","","$3,800","","","COM/Lease","","Warehouse Space","Commercial","","","","0"
"1","F10469010","X","3360","3101 N Federal Highway Unit#303","","$3,750","PRZD","","COM/Lease","","Mall Enclosed, Office/Warehouse Combination, Office Space, Shopping Center, Strip Store, Warehouse Space","Commercial","","","",""
"1","F10412684","X","3800","8 SE 8th Street","","$3,750","RAC-CC","","COM/Lease","","","Office","7,000","","","0"
"1","R11056666","X","3800","2223 S Federal Highway","","$3,700"," ","","COM/Sale","","Office/Warehouse Combination, Office Space","Retail","","","",""
"1","A11673464","X","3280","2500 SW 3rd Ave","","$3,400","¤I","1952","COM/Lease","","Industrial","Industrial","5,424","","",""
"1","A11870797","X","3160","905 Sunrise Ln","","$3,200","¤SLA","1952","COM/Lease","Commercial Office","Apartments, Other Type","Retail","1,010","No","",""
"1","F10483270","X","3810","550 S Andrews Avenue","","$3,200","","","COM/Lease","","Office/Warehouse Combination, Office Space, Warehouse Space","Commercial","","","",""
"1","A11864518","X","3380","1968 E Sunrise Blvd","","$3,000","¤B-1","1951","COM/Lease","","Consumer Service, Shopping Center","Retail","10,000","","",""
"1","F10343857","X","3600","2301 S Andrews Avenue","","$3,000","CB","","COM/Lease","","Office/Warehouse Combination, Office Space, Retail Space, School, Warehouse Space","Retail","3,921","","",""
"1","F10507065","X","3250","2831 E Oakland Park Boulevard Unit#7","","$2,895","CB","","COM/Lease","","Mall Enclosed, Retail Space, School, Shopping Center, Strip Store, Warehouse Space","Retail","14,742","","",""
"1","F10498514","X","3260","2800 N Federal Highway","","$2,800","B-1","","COM/Lease","","Retail Space, School, Warehouse Space","Retail","14,358","","",""
"1","F10446547","X","3600","1128 SE 3rd Avenue","","$2,595","","","COM/Lease","","Office/Warehouse Combination, Office Space, Warehouse Space","Commercial","","","",""
"1","A11764586","X","3130","3020 NE 32nd Ave Unit#OU40","","$2,500","¤CB","2002","COM/Lease","","Commercial/Residential Income, Condominium","Office","0","","",""
"1","F10506005","X","3260","3020 N Federal Highway Unit#6 - 2nd FLOOR","","$2,500","B-1","","COM/Lease","","Mall Enclosed, Office/Warehouse Combination, Office Space, Retail Space, School, Shopping Center, Strip Store, Warehouse Space","Commercial","1,000","","",""
"1","F10472080","X","3370","1231 NE 8th Avenue Unit#2nd Floor","","$2,500","B-3","","COM/Lease","","Office/Warehouse Combination, Office Space, Warehouse Space","Commercial","16,888","","",""
"1","F10424414","X","3390","1337 NE 4 Avenue","","$2,500","","","COM/Lease","","Office/Warehouse Combination, Office Space, Retail Space, School, Warehouse Space","Retail","","","",""
"1","A11855316","X","3424","1026-1030 NW 9th Ave","","$2,500","¤B-1","1961","COM/Lease","","Retail Space, Shopping Center","Retail","6,751","","",""
"1","F10424593","X","3450","702 NW 6th Avenue","","$2,500","I","","COM/Lease","","Heavy Manufacturing, Light Manufacturing, Office/Warehouse Combination, Office Space, Retail Space, School, Warehouse Space","Mixed Use","6,750","","","1"
"1","F10494810","X","3600","620 NE 3rd Street Unit#Upper","","$2,500","RAC-EMU","","COM/Lease","","Office/Warehouse Combination, Office Space, Warehouse Space","Commercial","6,440","","",""
"1","A11941150","X","3800","800 SE 3rd Ave Unit#4-SW Corner","","$2,500","¤RAC-CC","1987","COM/Lease","","Office Space, Professional","Office","5,050","","",""
"1","A11940200","X","3800","800 SE 3rd Ave Unit#4-NW Corner","","$2,500","¤RAC-CC","1987","COM/Lease","","Office Space, Professional","Office","5,050","","",""
"1","A11646613","X","3470","1851 SW 2nd Ave Unit#8","","$2,400","¤B-3","1999","COM/Lease","Commercial Lease","Office/Warehouse Combination, Warehouse Space","Industrial","1,499","No","","1"
"1","A11589488","X","3260","2455 E Sunrise Blvd Unit#CU917-I","","$2,350","¤B-1","1973","COM/Lease","Commercial Office","Commercial/Residential Income","Office","0","","",""
"1","A11685454","X","3250","2691 E Oakland Park Blvd Unit#304","","$2,290","","","COM/Lease","","Medical Office, Office Space","Office","15,000","","",""
"1","A11917909","X","3520","2429 Davie Blvd","","$2,200","¤CB","1965","COM/Lease","","Free Standing, Office Space","Retail","5,947","","",""
"1","A11950319","X","3600","888 SE 3 ave","","$2,200","","","COM/Lease","","Office Space, Professional","Office","3,220","","",""
"1","A11793134","X","3800","1224 SW 1st Ave","","$2,200","¤SRAC-SAw","1926","COM/Lease","","Office Space","Office","6,250","","",""
"1","A11712240","X","3390","2315 N Andrews Ave Unit#2315","","$2,000","B-2","1966","COM/Lease","Commercial Lease","Office Space, Professional","Office","0","","",""
"1","R11080509","X","3111","1036 NW 9th Avenue","","$1,999","commercial","1984","COM/Sale","","Industrial, Office/Warehouse Combination, Office Space","Retail","","","",""
"1","A11883919","X","3470","1224 SW 1st Ave","","$1,950","¤SRAC-SAw","1926","COM/Lease","Commercial Office","Free Standing, Office Space","Office","6,250","No","","0"
"1","A11837892","X","3160","3104 NE 9th St","","$1,800","¤SLA","1978","COM/Lease","","Office Space","Office","6,584","No","",""
"1","A11694169","X","3260","2455 E Sunrise Blvd Unit#CU9J","","$1,800","¤B-1","1973","COM/Lease","Commercial Office","Medical Office, Office Space","Office","13,263","No","",""
"1","A11767758","X","3370","120 E Oakland Park Blvd","","$1,800","¤B-2","1974","COM/Lease","Commercial Lease","Office Space, Professional","Office","19,998","","",""
"1","A11661871","X","3370","287 NE Oakland park Blvd","","$1,800","¤B-1","1973","COM/Lease","","Building Trades, Professional","Office","5,738","","",""
"1","F10484979","X","3800","701 SE 32 Court Unit#204","","$1,800","B3","","COM/Lease","","Office/Warehouse Combination, Office Space, Warehouse Space","Office","","","",""
"1","F10542132","X","3700","720 NE 3rd Avenue","","$1,750","RAC-CC","","COM/Lease","","Medical Office, Office/Warehouse Combination, Office Space, Warehouse Space","Commercial","6,250","","","0"
"1","A11655618","X","3010","3015 N Ocean Blvd Unit#C104","","$1,700","¤CB","1974","COM/Lease","","Office Space, Professional","Office","0","","",""
"1","F10447940","X","3370","2450 NE 13th Avenue","","$1,700","TOC EAST","","COM/Lease","","Office/Warehouse Combination, Office Space, Retail Space, School, Warehouse Space","Commercial","12,059","","",""
"1","F10435230","X","3390","101 W Sunrise Boulevard Unit#125","","$1,700","B-1","","COM/Lease","","","Retail","22,945","","",""
"1","A11921105","X","3370","120 East Oakland Park Boulevard Unit#208","","$1,650","B-2","1974","COM/Lease","Commercial Office","Office Space, Professional","Mixed Use","19,998","No","",""
"1","A11483268","X","3150","3025 N Ocean Blvd Unit## 6","","$1,600","¤CB","1951","COM/Lease","","Strip Store","Retail","9,047","","",""
"1","F10460442","X","3280","1500 E Las Olas","","$1,600","","","COM/Lease","","Office/Warehouse Combination, Office Space, Warehouse Space","Commercial","","","",""
"1","F10402666","X","3370","1316 NE 4th Avenue Unit#Suite C","","$1,600","CB","","COM/Lease","","Office/Warehouse Combination, Office Space, Warehouse Space","Commercial","20,310","","",""
"1","A11655613","X","3010","3015 N Ocean Blvd Unit#C104","","$1,500","¤CB","1974","COM/Lease","","Office Space, Other Type","Mixed Use","0","","",""
"1","A11598158","X","3330","313 Hendricks Isle Unit#SLIP 2","","$1,500","¤RMM-25","1951","COM/Lease","Special Purpose","Marina, Special Purpose","Special Purpose","9,375","Yes","",""
"1","F10484024","X","3370","2450 NE 13th Avenue","","$1,500","TOC EAST","","COM/Lease","","Office/Warehouse Combination, Office Space, Retail Space, School, Warehouse Space","Commercial","12,059","","",""
"1","A11941173","X","3800","800 SE 3rd Ave Unit#4-N","","$1,500","¤RAC-CC","1987","COM/Lease","","Office Space, Professional","Office","5,050","","",""
"1","A11941159","X","3800","800 SE 3rd Ave Unit#4-S","","$1,500","¤RAC-CC","1987","COM/Lease","","Office Space, Professional","Office","5,050","","",""
"1","F10433292","X","3250","2831 E Oakland Park Boulevard Unit#10","","$1,495","CB","","COM/Lease","","Mall Enclosed, Retail Space, School, Shopping Center, Strip Store, Warehouse Space","Retail","14,742","","",""
"1","F10432981","X","3260","2455 CU-PH-E E Cu-Ph-E Sunrise Boulevard","","$1,393","COMMERCIAL","","COM/Lease","","Office/Warehouse Combination, Office Space, Warehouse Space","Commercial","","","",""
"1","R11118522","X","3130","2631 E Oakland Park Boulevard Unit#105b","","$1,300","CB","1964","COM/Lease","","","","","No","",""
"1","R11051184","X","3130","2631 E Oakland Park Boulevard Unit#203","","$1,270","CB","1964","COM/Lease","","","","","","",""
"1","F10504271","X","3260","3038 N Federal Highway Unit#E - 2nd FL Office","","$1,250","B-1","","COM/Lease","","Mall Enclosed, Office/Warehouse Combination, Office Space, Retail Space, School, Shopping Center, Strip Store, Warehouse Space","Commercial","1,000","","",""
"1","F10453747","X","3260","3038 N Federal Highway Unit#2nd Floor Office","","$1,250","B-1","","COM/Lease","","Mall Enclosed, Office/Warehouse Combination, Office Space, Retail Space, School, Shopping Center, Strip Store, Warehouse Space","Commercial","1,000","","",""
"1","A11864516","X","3380","1968 E Sunrise Blvd","","$1,200","¤B-1","1951","COM/Lease","","Consumer Service, Shopping Center","Retail","10,000","","",""
"1","F10543944","X","3600","608 SE 6th Street Unit#6","","$1,195","CB","","COM/Lease","","Warehouse Space","Commercial","11,886","","","0"
"1","F10495222","X","3370","2435 N Dixie Highway Unit#3A","","$1,100","B-3","","COM/Lease","","Office/Warehouse Combination, Office Space, Warehouse Space","Commercial","11,662","","",""
"1","A11979981","X","3460","900 NW 6th St Unit#B","","$1,050","¤NWRAC-MU","1955","COM/Lease","","Office Space","Office","12,518","","",""
"1","F10311486","X","3500","600 SW 4th Avenue","","$950","RAC-SMU","","COM/Lease","","Warehouse Space","Office","12,363","","",""
"1","A11255914","X","3260","2400 E Oakland Park Blvd Unit#202","","$930","","1956","COM/Lease","","Office Space, Retail Space","Office","2,000","","",""
"1","A11807878","X","3500","150 SE 12th St Unit#101-3","","$840","¤RO","1975","COM/Lease","","Office Space","Office","13,664","","",""
"1","F10422494","X","3212","1215 NE 17th Court","","$750","B-3","","COM/Lease","","Office/Warehouse Combination, Office Space, Retail Space, School, Warehouse Space","Commercial","45,568","","",""
"1","A11885128","X","3250","2691 E Oakland Park Blvd Unit#203B","","$700","","","COM/Lease","","Medical Office, Office Space","Office","15,000","","",""
"1","A11655620","X","3010","3015 N Ocean Blvd Unit#C104","","$600","¤CB","1974","COM/Lease","","Other Type, Professional","Office","0","","",""
"1","R11046982","X","3160","801 Seabreeze Boulevard","","$77","SBMHA","1976","COM/Lease","","","","","Yes","",""
"1","F10500883","X","3700","801 N Federal Highway","","$60","RAC-UV","","COM/Lease","","Office/Warehouse Combination, Office Space, Retail Space, School, Warehouse Space","Commercial","3,435","","",""
"1","F10499862","X","3270","501 NE 5th Terrace Unit#700","","$55","RAC-CC","","COM/Lease","","Office/Warehouse Combination, Office Space, Retail Space, School, Warehouse Space","Retail","229,140","","",""
"1","F10511719","X","3450","2262 Wilton Drive","","$55","","","COM/Lease","","Retail Space, School, Warehouse Space","Retail","77,828","","",""
"1","F10322328","X","3700","801 N Federal Highway","","$55","","","COM/Lease","","Warehouse Space","Commercial","3,435","","",""
"1","F10511728","X","3450","2211 Wilton Drive","","$50","A & E DISTRICT","","COM/Lease","","Retail Space, School, Warehouse Space","Commercial","48,969","","",""
"1","F10531646","X","3700","727 3rd Avenue","","$45","","","COM/Lease","","Warehouse Space","Commercial","","","",""
"1","F10440728","X","3500","888 SE 3rd Avenue","","$43","","","COM/Lease","","Office/Warehouse Combination, Office Space, Residential-Single Family, Warehouse Space","Commercial","","","",""
"1","F10480187","X","3360","2216 E Oakland Park Boulevard","","$40","","","COM/Lease","","Office/Warehouse Combination, Office Space, Retail Space, School, Warehouse Space","Retail","","","",""
"1","F10436037","X","3370","603 NE 13th Street","","$40","CB","","COM/Lease","","Warehouse Space","Retail","14,491","","",""
"1","F10498148","X","3380","535 NE 13th Street Unit#2","","$40","CB","","COM/Lease","","Office/Warehouse Combination, Office Space, Retail Space, School, Warehouse Space","Commercial","14,491","","",""
"1","F10464702","X","3460","200 NE 3rd Avenue","","$40","","","COM/Lease","","Warehouse Space","Commercial","18,349","","",""
"1","F10512095","X","3560","920 NE 13th Street","","$40","B-3","","COM/Lease","","Retail Space, School, Warehouse Space","Retail","35,008","","",""
"1","F10480162","X","3260","2455 E Sunrise Boulevard Unit#Penthouse","","$38","B-1","","COM/Lease","","Office/Warehouse Combination, Office Space, Residential-Single Family, Warehouse Space","Commercial","12,398","","",""
"1","F10511622","X","3380","900 NE 26th Avenue","","$38","RO","","COM/Lease","","Medical Office, Warehouse Space","Commercial","11,743","","",""
"1","A11567376","X","3250","2852 E Oakland Park Blvd","","$35","¤CB","1963","COM/Lease","Commercial Lease","Other Type","Retail","7,505","No","",""
"1","F10440891","X","3260","906 NE 26th Avenue","","$35","R-O","","COM/Lease","","Medical Office, Office/Warehouse Combination, Office Space, Warehouse Space","Commercial","10,250","","",""
"1","A11350356","X","3280","1811 Cordova Rd Unit#1811","","$35","¤PEDD","2005","COM/Lease","","Office Space, Shopping Center","Office","245,865","","",""
"1","A11350353","X","3280","1865 Cordova Rd Unit#B215","","$35","¤PEDD","2005","COM/Lease","","Office Space, Shopping Center","Office","245,865","","",""
"1","A11350330","X","3280","1865 Cordova Rd Unit#B217","","$35","¤PEDD","2005","COM/Lease","","Office Space, Shopping Center","Office","245,865","","",""
"1","F10421703","X","3700","700 N Andrews Avenue","","$35","NWRAC-MUe","","COM/Lease","","Retail Space, School, Warehouse Space","Retail","13,720","","",""
"1","F10396985","X","3270","1217 E Broward Boulevard","","$32","RO","","COM/Lease","","Warehouse Space","Commercial","6,750","","",""
"1","F10441698","X","3240","727 NE 3rd Avenue","","$32","","","COM/Lease","","Office/Warehouse Combination, Office Space, Warehouse Space","Commercial","","","",""
"1","F10512373","X","3560","716-718 NE 2nd Avenue","","$32","RAC-UV","","COM/Lease","","Office/Warehouse Combination, Office Space, Retail Space, School, Warehouse Space","Commercial","6,738","","",""
"1","A11552079","X","3010","519 SE 32nd Ct","","$30","¤B-3","1987","COM/Lease","","Industrial","Industrial","38,524","","",""
"1","A11971615","X","3130","993 W State Road 84 Unit#993","","$30","¤B-1","1975","COM/Lease","","Anchored Center, Shopping Center","Retail","250,328","","",""
"1","R11008132","X","3130","2631 E Oakland Park Boulevard Unit#203","","$30","CB","1964","COM/Lease","","","","","","",""
"1","R11008129","X","3130","2631 E Oakland Park Boulevard Unit#205","","$30","CB","1964","COM/Lease","","","","","","",""
"1","R11008125","X","3130","2631 E Oakland Park Boulevard Unit#106","","$30","CB","1964","COM/Lease","","","","","No","",""
"1","F10502363","X","3160","3015 N Ocean Boulevard","","$30","","","COM/Lease","","Residential-Single Family, Warehouse Space","Commercial","104,310","","",""
"1","F10453939","X","3370","1881 NE 26th Street","","$30","B-2","","COM/Lease","","Office/Warehouse Combination, Office Space, Retail Space, School","Commercial","50,854","","",""
"1","A11543408","X","3370","1408 NE 4th Ave","","$30","¤RM-15","1961","COM/Lease","Mixed Use","Office Space, Retail Space","Mixed Use","12,996","","",""
"501","F10445871","X","3380","3001 N Federal Highway","","$30","","","COM/Lease","","Retail Space, School, Warehouse Space","Retail","","","",""
"501","F10485519","X","3460","612 NW 9th Avenue Unit#A-E","","$30","CB","","COM/Lease","","Mall Enclosed, Retail Space, School, Shopping Center, Strip Store, Warehouse Space","Retail","20,250","","",""
"501","F10430135","X","3260","2876 E Oakland Park Boulevard","","$29","CB","","COM/Lease","","Office/Warehouse Combination, Office Space, Retail Space, School, Warehouse Space","Commercial","","","",""
"501","F10455355","X","3280","500 SE 15th Street Unit#106","","$29","RO","","COM/Lease","","Mall Enclosed, Office/Warehouse Combination, Office Space, Shopping Center, Strip Store, Warehouse Space","Commercial","28,600","","",""
"501","F10403204","X","3500","200 Davie Boulevard","","$29","","","COM/Lease","","Retail Space, School, Warehouse Space","Commercial","9,698","","",""
"501","A11521140","X","3400","1395 W Sunrise Blvd","","$28","¤B-1","2002","COM/Lease","","Retail Space, Shopping Center","Retail","35,604","","",""
"501","F10425780","X","3370","900 NE 13th Street","","$28","B-3","","COM/Lease","","Retail Space, School, Warehouse Space","Mixed Use","22,915","","",""
"501","A11939037","X","3470","15 NW 9th Ave","","$27","¤B-3","","COM/Lease","Commercial Lease","Office/Warehouse Combination, Warehouse Space","Industrial","7,000","No","","6"
"501","A11852410","X","3470","15 NW 9th Ave","","$27","¤B-3","","COM/Lease","Commercial Lease","Office/Warehouse Combination, Warehouse Space","Industrial","7,000","No","","6"
"501","A11927961","X","3150","2429 Davie Blvd","","$25","¤CB","1966","COM/Lease","","Free Standing, Retail Space","Retail","5,947","","",""
"501","F10430433","X","3260","2455 E Sunrise Boulevard Unit#CUPHA","","$25","COMMERCIAL","","COM/Lease","","Residential-Single Family, Warehouse Space","Commercial","","","",""
"501","A11716499","X","3300","2455 E Sunrise Blvd Unit#CU9K-CU9M-CU9L","","$25","¤B-1","1973","COM/Lease","Commercial Lease","Medical Office, Professional","Office","6,624","No","",""
"501","A11625990","X","3350","2455 E Sunrise Blvd Unit#CU9K-CU9M-CU9L","","$25","¤B-1","1973","COM/Lease","","Medical Office, Office Space","Office","6,624","No","",""
"501","A11703844","X","3360","3038 N Federal Hwy Unit#C","","$25","¤B-1","1960","COM/Lease","Commercial Office","Medical Office, Retail Space","Retail","1,982","No","",""
"501","A11592666","X","3360","3038 N Federal Hwy Unit#C","","$25","¤B-1","1960","COM/Lease","Commercial Office","Medical Office, Retail Space","Retail","1,982","No","",""
"501","A11811173","X","3370","129-135 E Oakland Park Blvd Unit#129","","$25","¤B-1","1981","COM/Lease","Commercial Retail","Retail Space","Retail","51,631","No","",""
"501","F10425925","X","3370","1212 NE 26th Street","","$25","LI","","COM/Lease","","Warehouse Space","Multifamily","22,859","","",""
"501","F10516746","X","3700","634 NE 3rd Avenue","","$25","RAC-UV","","COM/Lease","","Office/Warehouse Combination, Office Space, Warehouse Space","Commercial","45,250","","",""
"501","A11677775","X","3800","200 S Andrews Ave Unit#201","","$25","¤RAC-CC","1986","COM/Lease","Commercial Office","Office Space, Professional","Office","0","No","",""
"501","A11677668","X","3800","200 S Andrews Ave Unit#300 to 303","","$25","¤RAC-CC","1986","COM/Lease","Commercial Office","Office Space, Professional","Office","0","No","",""
"501","F10515307","X","3450","511 NE 32nd Street Unit#541A","","$22","I-1","","COM/Lease","","Heavy Manufacturing, Light Manufacturing, Office/Warehouse Combination, Office Space, Warehouse Space","Commercial","47,826","","",""
"501","F10428945","X","3260","2740 E Oakland Park Boulevard","","$21","CB","","COM/Lease","","Office/Warehouse Combination, Office Space, Retail Space, School, Warehouse Space","Commercial","21,745","","",""
"501","F10470696","X","3370","1160 NE 24th Court","","$21","TOC SOUTH","","COM/Lease","","Office/Warehouse Combination, Office Space, Retail Space, School, Warehouse Space","Retail","6,821","","","3"
"501","A12001188","X","3360","3038 N Federal Hwy Unit#C","","$20","¤B-1","1960","COM/Lease","Commercial Retail","Medical Office, Retail Space","Retail","1,982","No","",""
"501","F10528201","X","3380","709 NW 8th Avenue","","$20","I","","COM/Lease","","Heavy Manufacturing, Light Manufacturing, Warehouse Space","Industrial","8,531","","",""
"501","F10500577","X","3390","1717 N Andrews Avenue","","$20","CB","","COM/Lease","","Office/Warehouse Combination, Office Space, Retail Space, School, Warehouse Space","Retail","84,504","","",""
"501","A11573726","X","3450","141 NE 32nd St","","$20","¤I-1","1971","COM/Lease","Commercial Lease","Light Manufacturing, Warehouse Space","Industrial","9,500","","","4"
"501","A11814253","X","3460","820 NW 10th Ter Unit#3","","$20","¤B-3","1958","COM/Lease","","Automotive, Industrial","Industrial","13,500","","",""
"501","A11814233","X","3460","820 NW 10th Ter Unit#4","","$20","¤B-3","1958","COM/Lease","","Automotive, Industrial","Industrial","13,500","","",""
"501","F10523098","X","3700","500 NE 3rd Avenue","","$18","RAC-CC","","COM/Lease","","Office/Warehouse Combination, Office Space, Retail Space, School, Warehouse Space","Commercial","17,625","","",""
"501","F10428941","X","3250","2727 E Oakland Park Boulevard","","$17","CB","","COM/Lease","","Office/Warehouse Combination, Office Space, Retail Space, School, Warehouse Space","Commercial","15,005","","",""
"501","A11703885","X","3260","3038 N Federal Hwy Unit#D","","$17","¤B-1","1960","COM/Lease","","Office Space, Professional","Office","2,150","","",""
"501","A11592964","X","3260","3038 N Federal Hwy Unit#D","","$17","¤B-1","1960","COM/Lease","","Office Space, Professional","Office","2,150","","",""
"501","A11806810","X","3332","3031 NE 12th Ter","","$16","Warehouse Flex","1956","COM/Lease","","Warehouse Space","Industrial","13,011","","",""
"501","A11701414","X","3560","101 NE 3rd Ave Unit#1500","","$13","¤RAC-CC","1987","COM/Lease","","Office Space, Professional","Office","37,500","","",""
"501","A11707110","X","3740","216 NE 33rd St Unit#228 F","","$2","¤I-1","1975","COM/Lease","Industrial Lease","Light Manufacturing, Office/Warehouse Combination","Industrial","3,225","No","","1"
