"","MLS # Link","St","Area","Address","Current Price","Total Acreage","Property SqFt","Lot Description","ZN","Subdivision Name","Road Description","Waterfront Property (Y/N)","Style of Property","Type of Property","Sale Price"
"1","F10359612","C","3600","1818 SE 10th Street","$49,999,000","1.0570","46,056","1 To Less Than 2 Acre Lot","RS-4.4","Goulds Point 16-64 B","","Yes","Zoned Residential","Unimproved Agri/Recreatn/Moblhome",""
"1","F10419616","C","3600","1818 SE 10th Street","$39,990,000","1.4000","60,868","1 To Less Than 2 Acre Lot, Cul-De-Sac Lot, East Of US 1","RS-4.4","Goulds Point 16-64 B","","Yes","Zoned Residential","Unimproved Agri/Recreatn/Moblhome",""
"1","F10457392","C","3600","1818 SE 10th St","$24,900,000","0.7213","31,420","1/2 To Less Than 3/4 Acre Lot","RS-4.4","Goulds Point 16-64 B","Public Road","Yes","Zoned Residential","Residential",""
"1","F10543316","C","3280","2617 Aqua Vista Blvd","$12,900,000","0.3000","","","","AQUA VISTA","","Yes","Zoned Residential","Residential",""
"1","R10967033","C","3240","30 Compass Point","$12,500,000","","","1/2 To Less Than 3/4 Acre Lot, East Of US 1","RS-4.4","Bay Colony Sec Of The Land","Paved Road, Private Road","Yes","","",""
"1","F10417604","C","3280","1000 Riviera Drive","$9,995,000","0.5300","23,114","1/2 To Less Than 3/4 Acre Lot","RS-8","Kents Island 15-22 B","","Yes","Zoned Residential","Unimproved Agri/Recreatn/Moblhome",""
"1","F10419398","C","3600","1811 SE 10th Street","$8,999,000","0.3400","14,812","1/4 To Less Than 1/2 Acre Lot","","Goulds Point 16-64 B","","Yes","Zoned Residential","Unimproved Agri/Recreatn/Moblhome",""
"1","F10457202","C","3600","1813 SE 10th St","$8,900,000","0.3400","14,636","1/4 To Less Than 1/2 Acre Lot","","Goulds Point 16-64 B","","Yes","Zoned Residential","Residential",""
"1","R11039541","C","3160","3021 NE 26th Street","$7,500,000","","","","RD-15","LAUDERDALE BEACH EXT UNIT","Other Road","Yes","","Single",""
"1","A11690674","C","3470","700 & 710 SW 12th Ave","$6,600,000","0.7700","33,605","3/4 To Less Than 1 Acre Lot","¤RS-8","RIVERSIDE PARK","City/County Maintained, Paved Road, Public Road","Yes","Zoned Residential","Residential",""
"1","A11961402","C","3160","1651 N Ft Lauderdale Beach Blvd","$5,969,000","0.3500","15,000","","¤RS-8","LAS OLAS BY THE SEA EXT","Legal Access Road, City/County Maintained, Public Road","Yes","Zoned Residential","Residential",""
"1","F10452374","C","3280","515 Isle of Capri","$5,300,000","0.1890","8,250","Less Than 1/4 Acre Lot","","Venice","Legal Access Road, City/County Maintained","Yes","Boat Dock or Dockominium","Residential",""
"1","F10410204","C","3600","1209 N Rio Vista Blvd","$4,795,000","0.3000","13,094","","RS-8","Rio Vista C J Hectors Res","","Yes","Zoned Residential","Residential",""
"1","F10425276","C","3600","1401 SE 9th Street","$4,495,000","18,220.0000","18,220","1/4 To Less Than 1/2 Acre Lot","RS-8","Rio Vista Isles","","Yes","Zoned Residential","Unimproved Agri/Recreatn/Moblhome",""
"1","F10413243","C","3600","1725 SE 13th Street","$4,495,000","0.2500","7,700","Less Than 1/4 Acre Lot","RS-8","Lauderdale Harbors Sec A","","Yes","Zoned Residential","Unimproved Agri/Recreatn/Moblhome",""
"1","F10470888","C","3600","1725 SE 13th Street","$4,125,000","0.1800","7,700","Less Than 1/4 Acre Lot","RS-8","Lauderdale Harbors Sec A","","Yes","Zoned Residential","Unimproved Agri/Recreatn/Moblhome",""
"1","F10455929","C","3600","1524 SE 13th St","$3,750,000","0.1768","7,700","Less Than 1/4 Acre Lot","RS-8","Lauderdale Harbors Sec A","City/County Maintained, Paved Road, Public Road","Yes","Zoned Residential","Residential",""
"1","A11561722","C","3470","1501 SW 4th Ct","$2,995,000","0.2280","9,934","Less Than 1/4 Acre Lot","¤RS-8","GILL ISLES","","Yes","Zoned Residential","Residential",""
"1","F10505256","C","3270","743 N Victoria Park Rd","$2,990,000","18,137.0000","7,276","","RS-8","Victoria Highlands Amd","Public Road","No","Zoned Residential","Residential",""
"1","R11066566","C","3480","2060 SW 16th Court","$2,750,000","1.3400","","","RS-8","STARLIGHT LANDING","City/County Maintained","Yes","","Single",""
"1","A11583790","C","3160","3301 NE 17th Ct","$2,700,000","0.1955","8,518","","¤RS-8","LAS OLAS BY THE SEA EXT","","Yes","Zoned Residential","Residential",""
"1","A11733230","C","3470","710 SW 12th Ave","$2,700,000","0.3100","13,797","1/4 To Less Than 1/2 Acre Lot","¤RS-8","RIVERSIDE ADD AMEN PLAT","City/County Maintained, Public Road","Yes","Zoned Residential","Residential",""
"1","F10533563","C","3470","522 SW 9th Terrace","$2,650,000","0.2500","11,415","1/4 To Less Than 1/2 Acre Lot, Less Than 1 Acre","RS-8","Tropical Point 2 54-27 B","Paved Road","Yes","Zoned Residential","Unimproved Agri/Recreatn/Moblhome",""
"1","A11685687","C","3170","1236 E Lake Dr","$2,390,000","0.3000","13,050","1/4 To Less Than 1/2 Acre Lot","¤RS-4.4","HARBOR BEACH","","No","Zoned Residential","Residential",""
"1","A11780185","C","3160","3301 NE 14th Ct","$2,300,000","0.3000","14,057","","¤RS-8","LAS OLAS BY THE SEA EXT","","Yes","Zoned Residential","Residential",""
"1","A11437557","C","3360","1271 NE 32nd St","$2,200,000","0.4012","17,475","","¤IN","OAKLAND PARK","","No","Zoned Residential","Other",""
"1","F10454294","C","3600","805 SE 10th St","$2,200,000","0.2200","9,375","Less Than 1/4 Acre Lot","RS-8","RIO VISTA ISLES","","No","Zoned Residential","Residential",""
"1","A11847883","C","3270","450 NE 16th Ave","$2,100,000","1.4000","9,241","","¤RC-15","MIDDLE RIVER PARK","","No","Zoned Residential","Residential",""
"1","F10482240","C","3280","2513 E Las Olas Blvd","$2,000,000","0.0000","7,800","Less Than 1/4 Acre Lot","RS-8","Lauderdale Shores Corr","","Yes","Zoned Residential","Residential",""
"1","A11829528","C","3070","2512 Barbara Dr","$1,999,990","0.3000","13,658","1/4 To Less Than 1/2 Acre Lot","¤RS-8","HARBOR BEACH EXTENSION","City/County Maintained, Paved Road, Public Road","Yes","Zoned Residential","Residential",""
"1","A11730111","C","3160","3301 NE 17th Ct","$1,999,000","0.1955","8,518","","¤RS-8","LAS OLAS BY THE SEA EXT","","Yes","Zoned Residential","Residential",""
"1","F10462225","C","3160","2407 NE 33rd Ave","$1,995,000","0.2200","9,547","Less Than 1/4 Acre Lot","RD-15","LAUDERDALE BEACH EXT UNIT","","No","Zoned Duplex","Residential",""
"1","F10449821","C","3600","1111 Ponce De Leon Dr","$1,995,000","0.2000","8,304","","RS-8","Rio Vista Isles","","Yes","Zoned Residential","Residential",""
"1","F10477168","C","3260","1222 Bayview Dr","$1,990,000","0.0000","13,491","","RS-4.4","Beach Way Heights","","Yes","Zoned Residential","Residential",""
"1","A11593451","C","3240","1501 NE 26th Ave","$1,935,000","0.2700","11,821","","¤RM-15","CORAL RIDGE","","No","Zoned Residential","Residential",""
"1","A11923189","C","3470","1501 SW 4th Ct","$1,899,000","0.2280","10,000","Less Than 1/4 Acre Lot","¤RS-8","GILL ISLES","City/County Maintained, Paved Road, Public Road","Yes","Zoned Residential","Residential",""
"1","A11952842","C","3270","450 NE 16th Ave","$1,850,000","0.2000","9,241","","¤RC-15","MIDDLE RIVER PARK","","No","Zoned Residential","Residential",""
"1","A11689375","C","3130","3312 NE 16th Ct","$1,799,000","0.1430","6,250","","¤RS-8","LAS OLAS BY THE SEA EXT","","No","Zoned Residential","Residential",""
"1","A11740468","C","3160","3312 NE 16th Ct","$1,799,000","0.1435","6,198","","¤RS-8","LAS OLAS BY THE SEA EXT","","No","Zoned Residential","Residential",""
"1","F10520727","C","3170","2512 Barbara Dr","$1,695,000","0.3000","13,658","1/4 To Less Than 1/2 Acre Lot","RS-8","HARBOR BEACH EXTENSION","City/County Maintained, Paved Road, Public Road","No","Zoned Residential","Residential",""
"1","A11637968","C","3280","2601 Acacia Ct","$1,600,000","0.2000","9,000","","¤RS-8","REVISED PLAT","","No","Zoned Residential","Residential",""
"1","F10431894","C","3470","1131 SW 9 Ave","$1,500,000","0.3700","16,200","1/4 To Less Than 1/2 Acre Lot","RS-8","VALENTINES SUB B-29","","Yes","Zoned Residential","Residential",""
"1","A11963427","C","3160","3309 NE 16th Ct","$1,499,000","0.1432","6,236","Less Than 1/4 Acre Lot, East Of US 1, Regular Lot","¤RS-8","LAS OLAS BY THE SEA EXT","Legal Access Road, City/County Maintained, Paved Road","No","Zoned Residential","Residential",""
"1","F10531370","C","3270","727 NE 17th Ave","$1,400,000","0.1100","4,814","","RCS-15","Victoria Courts 9-49 B","","No","Zoned Residential","Residential",""
"1","F10480470","C","3140","254 Capri Avenue","$1,174,000","0.1600","7,150","","RS-5","Silver Shores-Sub Tr D","","No","Zoned Residential","Unimproved Agri/Recreatn/Moblhome",""
"1","F10444086","C","3720","261 NW 40th Ct","$1,150,000","0.6200","27,200","1/2 To Less Than 3/4 Acre Lot","RM-16","PROSPECT GARDENS","City/County Maintained, Paved Road, Public Road","No","Zoned Multifamily","Residential",""
"1","F10445723","C","3370","20 NE 24th St","$1,100,000","0.4900","21,400","1/4 To Less Than 1/2 Acre Lot","N/A","LAZY LAKE","","Yes","Zoned Residential","Residential",""
"1","F10523059","C","3600","720 SE 7th Street","$1,089,000","0.1434","6,250","Less Than 1/4 Acre Lot","RES","Rio Vista","City/County Maintained","No","Zoned Residential","Residential",""
"1","F10512311","C","3500","247-251 SW 22nd Street","$1,070,000","0.3090","","Less Than 1/4 Acre Lot","RM15","Crossaint Park","Paved Road, Public Road","No","Zoned Residential","Residential",""
"1","A11677845","C","3370","2141 NE 18th Ave","$988,000","0.1600","6,998","","¤RS-5","MIDDLE RIVER MANOR","","Yes","Zoned Residential","Residential",""
"1","A11730483","C","3270","428 NE 17th Ave","$985,000","1.3300","5,826","","¤RC-15","VICTORIA PARK CORR AMEN P","","No","Zoned Duplex","Duplex",""
"1","A11432979","C","3470","1127 SW 9th Ave","$984,000","0.2009","8,750","Less Than 1/4 Acre Lot","¤RS-8","JOLLY FIELDS","Paved Road, Public Road","Yes","Zoned Residential","Residential",""
"1","F10475751","C","3270","622 NE 8th Ave","$900,000","0.1549","6,750","Other Lot Description","","PROGRESSO","","No","Zoned Residential","Residential",""
"1","F10456083","C","3470","806-808 Tequesta St","$899,000","0.3213","14,000","Less Than 1/4 Acre Lot","","BRYAN SUBDIVISION","Paved Road, Public Road","No","Zoned Residential","Residential",""
"1","A11843967","C","3480","1220 SW 17th St","$870,000","0.2800","12,358","","¤RS-8","YELLOWSTONE PARK AMEN PLA","","No","Zoned Residential","Other",""
"1","F10545470","C","3270","739 NE 17th Road","$860,000","0.1100","4,814","Less Than 1/4 Acre Lot","RCS-15","VICTORIA PARK","","No","Zoned Residential","Unimproved Agri/Recreatn/Moblhome",""
"1","F10481420","C","3600","1223 Cordova Road","$850,000","0.1600","7,000","Less Than 1/4 Acre Lot, East Of US 1","Resident","Lauderdale Harbors","","No","Zoned Residential","Residential",""
"1","F10490644","C","3390","55 NE 25th St","$849,000","0.2860","12,497","","RM-16","Petite","","No","Zoned Multifamily","Residential",""
"1","A11608317","C","3470","1023 W Las Olas Blvd","$840,000","0.2238","9,750","","¤RML-25","WAVERLY PLACE","","No","Zoned Residential","Residential",""
"1","A11717274","C","3140","4557 Poinciana St","$799,999","0.1473","6,415","Less Than 1/4 Acre Lot","¤RM-25","LAUDERDALE BY THE SEA","","No","Zoned Multifamily","Residential",""
"1","F10545461","C","3270","742 NE 17th Avenue","$799,000","0.1100","4,814","Less Than 1/4 Acre Lot","RCS-15","VICTORIA PARK","","No","Zoned Residential","Unimproved Agri/Recreatn/Moblhome",""
"1","F10480640","C","3470","806-808 Tequesta St","$775,000","0.3213","14,000","Less Than 1/4 Acre Lot","","BRYAN SUBDIVISION","Paved Road, Public Road","No","Zoned Residential","Residential",""
"1","R11056770","C","3240","1020 NE 16th Terrace","$760,000","0.1600","","Less Than 1/4 Acre Lot","RMM-25","PROGRESSO","City/County Maintained","No","","Unimproved Agri/Recreatn/Moblhome",""
"1","A11830563","C","3500","214/216 SW 9th ST","$698,997","","3,323","Less Than 1/4 Acre Lot","RD-15","LAUDERDALE","","No","","Other",""
"1","A11730484","C","3370","516 NE 28th Dr","$675,000","0.1600","7,005","","¤RS-5","TROPICAL MANORS","","No","Zoned Residential","Residential",""
"1","A11719797","C","3380","1120 NE 15th Ave","$649,000","0.1492","6,502","Less Than 1/4 Acre Lot","¤RC-15","PROGRESSO","","No","Zoned Duplex","Other",""
"1","A11715599","C","3380","1120 NE 15th Ave","$649,000","0.1492","6,502","","¤RC-15","PROGRESSO","","No","Zoned Duplex","Other",""
"1","A11772315","C","3800","501 SE 21st St","$599,999","0.1556","6,776","Less Than 1/4 Acre Lot","¤RMM-25","CROISSANT PARK","","No","Zoned Multifamily","Residential",""
"1","F10505981","C","3424","833 NW 12th Ave","$599,000","0.2000","8,975","","RMM-25","Lincoln Park Third Add 7-","","No","Zoned Residential","Residential",""
"1","A11653840","C","3470","807 SW 12th Ave","$575,000","0.1500","6,500","Less Than 1/4 Acre Lot","¤RD-15","RIVERSIDE ADD AMEN PLAT","","No","Zoned Duplex","Residential",""
"1","R10997298","C","3470","604 SW 7th Street","$510,000","0.1492","","Less Than 1/4 Acre Lot","RD-15","Tarpon River","City/County Maintained","No","","Unimproved Agri/Recreatn/Moblhome",""
"1","A11517257","C","3360","1547 NE 35th St","$505,000","0.2500","11,598","","¤R-1","OAKLAND PARK SECOND ADD","","No","Zoned Residential","Residential",""
"1","F10532846","C","3450","800 NE 43rd Street","$499,999","0.2500","","Less Than 1/4 Acre Lot","RES","FLORANADA CENTER 9-51 B","Paved Road, Public Road","No","Zoned Residential","Unimproved Agri/Recreatn/Moblhome",""
"1","F10529502","C","3450","800 NE 43rd Street","$499,000","0.2500","","Less Than 1/4 Acre Lot","RES","FLORANADA CENTER 9-51 B","Paved Road","No","Zoned Residential","Unimproved Agri/Recreatn/Moblhome",""
"1","F10447862","C","3470","806 Tequesta St","$499,000","0.1600","7,000","Less Than 1/4 Acre Lot","RML25","BRYAN SUBDIVISION","Paved Road, Public Road","No","Zoned Residential","Residential",""
"1","F10466853","C","3240","203 SW 10th St","$495,000","0.2500","10,751","1/4 To Less Than 1/2 Acre Lot, Oversized Lot, West Of US 1","RD-15","LAUDERDALE","Paved Road","No","Zoned Residential","Residential",""
"1","F10518984","C","3390","509 NW 21st St","$465,000","0.2500","10,445","Less Than 1/4 Acre Lot","RS-5","MEADOWBROOK","Legal Access Road, City/County Maintained, Paved Road","No","Zoned Residential","Residential",""
"1","A11734632","C","3600","1801 SE 17th St","$460,000","0.0000","","1/2 To Less Than 3/4 Acre Lot","¤B-1","PORT MARINA CONDO","Paved Road, Private Road","Yes","Boat Dock or Dockominium","Dockominium",""
"1","A11745653","C","3360","1547 NE 35th St","$455,000","0.2500","11,598","","¤R-1","OAKLAND PARK SECOND ADD","","No","Zoned Residential","Residential",""
"1","F10516973","C","3450","3250 NE 3rd Ave","$449,000","0.1440","6,294","Less Than 1/4 Acre Lot","","Oakland Park Second Add 1","Paved Road, Public Road","No","Zoned Residential","Residential",""
"1","F10516916","C","3450","3210 NE 3rd Ave","$400,000","0.1549","6,750","Less Than 1/4 Acre Lot","R-1","Oakland Park Second Add 1","","No","Zoned Residential","Residential",""
"1","A11767338","C","3600","902 SE 13th St","$399,000","0.0780","3,375","","","EVERGLADE LAND SALES CO","","No","Zoned Duplex","Residential",""
"1","A11767333","C","3600","904 SE 13th St","$399,000","0.0780","3,375","","¤RML-25","EVERGLADE LAND SALES CO","","No","Zoned Duplex","Residential",""
"1","A11853678","C","3390","1445 NW 7th Ter","$315,000","0.2300","10,134","","¤RDS-15","PROGRESSO","","No","Zoned Multifamily","Residential",""
"1","A11959867","C","3480","1316 SW 20 St","$295,000","0.1984","8,644","","","LAUDERDALE GROVES AMEND","","No","Zoned Residential","Residential",""
"1","F10473052","C","3390","732 NW 43rd Ct","$199,000","0.1500","","","R-1","Prospect Gardens 22-26 B","","No","Zoned Residential","Residential",""
"1","A11737978","C","3390","1615 NW 8th Ave","$185,000","0.1600","6,747","","¤RDS-15","PROGRESSO","","No","Zoned Residential","Residential",""
"1","F10490930","C","3560","0000 NW 6TH CT","$169,000","0.1263","5,501","Less Than 1/4 Acre Lot","rs-6","WASHINGTON PARK THIRD","City/County Maintained, Paved Road, Public Road","No","Zoned Residential","Residential",""
"1","F10463119","C","3470","Riverside SW 20th Ave","$150,000","0.0855","3,728","","RD-15","Riverside Park 7-24 B","","No","Zoned Duplex","Residential",""
"1","F10550084","C","3460","1609 NW 5th Street","$139,999","0.1068","","Less Than 1/4 Acre Lot","RS-8","Dorsey Park Second Add 23","","No","Zoned Residential","Unimproved Agri/Recreatn/Moblhome",""
"1","F10471424","C","3490","SW 27 Ct","$139,990","0.1100","4,738","","","HIBISCUS GARDENS","","No","Zoned Residential","Residential",""
"1","A11706229","C","3460","531 NW 7th Terrace","$75,000","0.1550","6,750","Less Than 1/4 Acre Lot","¤RMM-25","NORTH LAUDERDALE","","No","Zoned Residential","Other",""
"1","A11675729","C","3460","908 NW 13th Ave","$55,000","0.0573","2,500","","¤RMM-25","LINCOLN PARK FOURTH ADD","","No","Zoned Residential","Residential",""
"1","A11561549","C","3390","908 NW 13th ave","$45,000","0.0573","2,500","","¤RMM-25","LINCOLN PARK FOURTH ADD","","No","Zoned Residential","Residential",""
"1","A11870857","C","3280","2000 Sunrise Key Blvd (Dock for Lease)","$5,000","0.2600","11,400","1/4 To Less Than 1/2 Acre Lot","¤RS-4.4","SUNRISE KEY","Legal Access Road","Yes","Boat Dock or Dockominium","Other",""
"1","A11970496","C","3580","2001 SW 23rd Ave","$2,500","0.1600","7,000","Less Than 1/4 Acre Lot","¤RS-8","FLAMINGO PARK SEC","Public Road","Yes","Boat Dock or Dockominium","Residential",""
"1","R11120317","C","3470","1512 SW 5th Street Unit#Dock","$1,250","","","Less Than 1/4 Acre Lot","RS-8","GILL ISLES","Public Road","Yes","","",""
"1","A11793602","C","3050","320 Hendricks Isle","$1,200","0.0000","6,250","Less Than 1/4 Acre Lot","¤RMM-25","VICTORIA ISLES","Other Road","Yes","Boat Dock or Dockominium","Dockominium",""
"1","A11686235","C","3280","90 Isle Of Venice Dr","$1,000","0.0000","","","¤RMM-25","ISLE OF VENICE APTS INC C","","Yes","Zoned Multifamily","Residential",""
"1","A11645932","C","3280","90 Isle Of Venice Dr","$1,000","0.0000","","","¤RMM-25","ISLE OF VENICE APTS","","Yes","Zoned Multifamily","Residential",""
"1","A11664015","C","3250","3040 NE 44th St","$1","0.2800","12,219","1/4 To Less Than 1/2 Acre Lot","¤RS-8","CORAL RIDGE COUNTRY CLUB","Other Road","Yes","Boat Dock or Dockominium","Residential",""
"1","A11973614","T","3280","416 Coconut Isle Dr","$3,595,000","0.2152","9,375","","¤RS-8","Las Olas Isles","","Yes","Zoned Residential","Residential",""
"1","F10467670","T","3160","3320 NE 16th Court","$2,750,000","0.0000","12,400","","RS-8","Las Olas By The Sea Ext 3","","No","Zoned Residential","Unimproved Agri/Recreatn/Moblhome",""
"1","F10541973","W","3160","2900 N Atlantic Blvd","$7,800,000","0.2230","9,712","1/4 To Less Than 1/2 Acre Lot","RS-8","Lauderdale Beach 4-2 B","Public Road","Yes","Zoned Residential","Other",""
"1","F10541818","W","3470","281-311 SW 14th Way","$4,630,000","0.7200","31,250","1/2 To Less Than 3/4 Acre Lot","RS-8","River Highlands","","Yes","Zoned Residential","Unimproved Agri/Recreatn/Moblhome",""
"1","F10534426","W","3600","1725 SE 13th Street","$3,950,000","0.2500","7,700","Less Than 1/4 Acre Lot","RS-8","Lauderdale Harbors Sec A","","Yes","Zoned Residential","Unimproved Agri/Recreatn/Moblhome",""
"1","A12012785","W","3280","0 14th St","$3,200,000","0.2500","8,800","","¤RS-8","LAUDERDALE HARBORS SECTIO","","Yes","Zoned Residential","Other",""
"1","F10519730","W","3800","121 S Rose Dr","$1,700,000","0.8500","37,406","3/4 To Less Than 1 Acre Lot, Oversized Lot","ROA","PLACIDENA FIRST UNIT","City/County Maintained","Yes","Zoned Residential","Residential",""
"1","F10544037","W","3470","281 SW 14th Way","$1,200,000","0.1782","7,762","Less Than 1/4 Acre Lot, Cul-De-Sac Lot, Less Than 1 Acre","RS-8","River Highlands 10-3 B","City/County Maintained, Paved Road","Yes","Zoned Residential","Unimproved Agri/Recreatn/Moblhome",""
"1","F10540581","W","3470","291 SW 14 Way","$1,200,000","0.1783","7,766","Less Than 1/4 Acre Lot, Cul-De-Sac Lot, Less Than 1 Acre","RS-8","River Highlands 10-3 B","City/County Maintained, Paved Road","Yes","Zoned Residential","Unimproved Agri/Recreatn/Moblhome",""
"1","F10540897","W","3470","311 SW 14 Way","$950,000","0.1623","7,070","Less Than 1/4 Acre Lot","RS-8","River Highlands 10-3 B","City/County Maintained","Yes","Zoned Residential","Unimproved Agri/Recreatn/Moblhome",""
"1","F10523212","X","3280","1000 Riviera Isle Drive","$29,995,000","1.2100","52,656","1 To Less Than 2 Acre Lot","RS-8","Kents Island 15-22 B","","Yes","Zoned Residential","Unimproved Agri/Recreatn/Moblhome",""
"1","F10530936","X","3280","1000 Riviera Isle Drive","$19,995,000","0.4500","19,688","1/4 To Less Than 1/2 Acre Lot","","Kents Island 15-22 B","","Yes","Zoned Residential","Unimproved Agri/Recreatn/Moblhome",""
"1","F10417605","X","3280","1000 SE 25th Avenue","$19,995,000","0.6800","29,542","1/2 To Less Than 3/4 Acre Lot","","Kents Island 15-22 B","","Yes","Zoned Residential","Unimproved Agri/Recreatn/Moblhome",""
"1","F10538062","X","3280","2617 Aqua Vista Blv","$12,900,000","0.3000","","","","Las Olas Seven Isles","","Yes","Zoned Residential","Residential",""
"1","F10448411","X","3160","623 Bayshore Drive","$11,900,000","0.4020","17,000","","IO-A","Birch Ocean Front Sub 2","","Yes","Zoned Multifamily","Unimproved Agri/Recreatn/Moblhome",""
"1","F10448625","X","3280","2617 Aqua Vista Blv","$10,900,000","0.2800","","","","AQUA VISTA","","Yes","Zoned Residential","Residential",""
"1","F10347762","X","3600","1813 SE 10th Street","$10,900,000","0.3400","15,000","1/4 To Less Than 1/2 Acre Lot","","RIO VISTA ISLES","Public Road","Yes","Zoned Residential","Unimproved Agri/Recreatn/Moblhome",""
"1","F10530937","X","3280","1010 Riviera Isle Drive","$9,995,000","0.4100","17,999","1/4 To Less Than 1/2 Acre Lot","","Kents Island 15-22 B","","Yes","Zoned Residential","Unimproved Agri/Recreatn/Moblhome",""
"1","F10493538","X","3490","1031 SW 28th Street","$9,900,000","5.2400","43,560","","RD-15","Edgewood","","No","Zoned Residential","Unimproved Agri/Recreatn/Moblhome",""
"1","F10545490","X","3170","2455 Del Lago Drive","$9,800,000","0.3600","15,750","1/4 To Less Than 1/2 Acre Lot","RS-4.4","Del Lago Isle 42-2 B","","Yes","Zoned Residential","Unimproved Agri/Recreatn/Moblhome",""
"1","B26016106","X","3170","2455 Del Lago Drive","$8,900,000","0.3600","","1/4 To Less Than 1/2 Acre Lot, Less Than 1 Acre","RS-4.4","DEL LAGO ISLE","Paved Road","Yes","","Unimproved Agri/Recreatn/Moblhome",""
"1","F10432885","X","3280","2701 Aqua Vista Boulevard","$8,600,000","0.2800","12,259","","RS-4.4","Sea Island","","Yes","Zoned Residential","Unimproved Agri/Recreatn/Moblhome",""
"1","F10445866","X","3280","1700 Brickell Drive","$6,995,000","0.4700","20,391","","RS-8","COLEE HAMMOCK","","Yes","Zoned Residential","Residential",""
"1","A11600292","X","3470","700 & 710 SW 12th Ave","$6,600,000","0.7700","33,605","3/4 To Less Than 1 Acre Lot","¤RS-8","RIVERSIDE PARK","City/County Maintained, Paved Road, Public Road","Yes","Zoned Residential","Residential",""
"1","A11521152","X","3600","1531 SE 12th Ct","$6,499,000","0.1770","7,700","Less Than 1/4 Acre Lot, East Of US 1, Oversized Lot","¤RS-8","LAUDERDALE HARBORS SEC A","City/County Maintained, Paved Road","Yes","Zoned Residential","Residential",""
"1","A11572471","X","3270","2810 E Oakland Park Blvd","$5,999,999","0.7500","","","¤RMH-25","OAKLAND OCEAN MILE","","No","Zoned Multifamily","Residential",""
"1","F10485978","X","3280","17 SE 17th Ave","$5,400,000","0.2800","12,500","","","Colee Hammock 1-17 B","","No","Zoned Residential","Residential",""
"1","F10455652","X","3260","2799 NE 15th St","$5,150,000","0.4010","17,506","1/4 To Less Than 1/2 Acre Lot","RMM-25","Coral Ridge 21-50 B","","Yes","Zoned Multifamily","Residential",""
"1","F10441243","X","3280","455 Bontona Avenue","$4,900,000","0.2904","12,650","1/4 To Less Than 1/2 Acre Lot","RS-8","Venice","","Yes","Zoned Residential","Unimproved Agri/Recreatn/Moblhome",""
"1","F10423863","X","3260","1832-1836 Coral Ridge Drive","$4,500,000","0.6150","26,800","","RC-15","Livermore Estates 19-11 B","City/County Maintained","No","Zoned Multifamily","Unimproved Agri/Recreatn/Moblhome",""
"1","F10467679","X","3270","929 NE 17th Way","$4,500,000","4,649.0000","20,250","","RMM-25","Progresso 2-18 D","","No","Zoned Multifamily","Other",""
"1","F10513137","X","3600","1524 SE 13th St","$4,449,000","0.1768","7,700","Less Than 1/4 Acre Lot","RS-8","Lauderdale Harbors Sec A","City/County Maintained, Paved Road, Public Road","Yes","Zoned Residential","Residential",""
"1","F10460214","X","3600","1209 N Rio Vista Blvd","$4,199,000","0.3000","","1/4 To Less Than 1/2 Acre Lot","RS-8","Rio Vista C J Hectors Res","","Yes","Zoned Residential","Residential",""
"1","A11220738","X","3280","430 Royal Plaza Dr","$4,000,000","0.2750","12,000","","","STILWELL ISLES","","Yes","Zoned Residential","Residential",""
"1","A11884317","X","3370","929 NE 17 way","$3,995,000","0.4600","","Corner Lot","RMM-25","Victoria Park Corr Plat","","No","Zoned Residential","Residential",""
"1","A11468446","X","3280","18 Fiesta Way","$3,800,000","0.2344","10,200","","¤RS-4.4","NURMI ISLES ISLAND NO 3","","Yes","Zoned Residential","Residential",""
"1","F10451096","X","3160","2856 NE 26th Place","$3,350,000","0.2500","11,403","Less Than 1/4 Acre Lot","RS-4.4","Coral Ridge Galt Add 1","","Yes","Zoned Residential","Unimproved Agri/Recreatn/Moblhome",""
"1","F10410364","X","3570","1551 Davie Boulevard","$3,295,000","1.1000","49,530","","RM15","RIVERSIDE NO 3","City/County Maintained","No","Zoned Residential","Unimproved Agri/Recreatn/Moblhome",""
"1","F10503776","X","3570","1551 Davie Boulevard","$3,250,000","1.1000","49,530","","RM15","RIVERSIDE NO 3","City/County Maintained","No","Zoned Residential","Unimproved Agri/Recreatn/Moblhome",""
"1","F10496912","X","3280","324-328 SE 25th Avenue","$3,198,000","0.3440","15,000","1/4 To Less Than 1/2 Acre Lot, Less Than 1 Acre","RS-8","Idlewyld - Riviera Isle","","No","Zoned Residential","Unimproved Agri/Recreatn/Moblhome",""
"1","A11677828","X","3280","19 Fiesta Way","$3,195,000","0.2479","10,800","","¤RS-4.4","NURMI ISLES ISLAND NO 3","","Yes","Zoned Residential","Residential",""
"1","F10505874","X","3570","521 SW 3rd Avenue","$3,000,000","0.3300","14,500","","RAC-SMU","Ft Lauderdale B-40 D","","No","Zoned Multifamily","Unimproved Agri/Recreatn/Moblhome",""
"1","F10493300","X","3570","521 SW 3rd Avenue","$3,000,000","0.3300","14,500","","RAC-SMU","Ft Lauderdale B-40 D","","No","Zoned Multifamily","Unimproved Agri/Recreatn/Moblhome",""
"1","F10457724","X","3570","521 SW 3rd Avenue","$3,000,000","0.3300","14,500","","RAC-SMU","Ft Lauderdale B-40 D","","No","Zoned Multifamily","Unimproved Agri/Recreatn/Moblhome",""
"1","F10515808","X","3700","412 NE 2nd Ave","$2,800,000","0.2926","12,750","1/4 To Less Than 1/2 Acre Lot","RAC-CC","NORTH LAUDERDALE AMENDED","City/County Maintained","No","Zoned Multifamily","Residential",""
"1","F10370734","X","3121","239 Hibiscus Avenue","$2,750,000","0.3100","13,909","","RD-10","Silver Shores","","Yes","Zoned Duplex","Unimproved Agri/Recreatn/Moblhome",""
"1","A11597970","X","3470","710 SW 12th Ave","$2,750,000","0.3100","13,797","","¤RS-8","RIVERSIDE ADD AMEN PLAT","City/County Maintained, Public Road","Yes","Zoned Residential","Residential",""
"1","F10446512","X","3170","1236 E Lake Dr","$2,470,000","0.2996","13,050","","RS-4.4","Harbor Beach","","No","Zoned Residential","Residential",""
"1","F10452575","X","3250","4700 NE 23 Ave","$2,399,000","0.4820","21,000","","RS-4.4","Coral Ridge Country Club","","No","Zoned Residential","Other",""
"1","F10467421","X","3380","908 NE 17th Ave","$2,000,000","2,324.0000","10,125","","RMM-25","Progresso 2-18 D","","No","Zoned Residential","Residential",""
"1","F10374528","X","3470","1399 Pina Del Rio","$1,975,000","0.3300","14,250","","","RiverSound","","Yes","Zoned Residential","Residential",""
"1","A11598420","X","3250","1383 Ne 34 Ct","$1,950,000","0.5600","24,560","1/2 To Less Than 3/4 Acre Lot","R-6","OAKLAND PARK","City/County Maintained, Paved Road, Public Road","No","Zoned Multifamily","Residential",""
"1","A11855304","X","3470","1501 SW 4th Ct","$1,950,000","0.2280","9,934","Less Than 1/4 Acre Lot","¤RS-8","GILL ISLES","City/County Maintained, Paved Road, Public Road","Yes","Zoned Residential","Residential",""
"1","F10473442","X","3270","548 NE 9th Ave","$1,925,000","0.2800","12,150","1/4 To Less Than 1/2 Acre Lot","RS-8","Victoria Park","","No","Zoned Residential","Residential",""
"1","F10492146","X","3270","459 NE 15th Ave","$1,899,999","0.2840","12,366","1/4 To Less Than 1/2 Acre Lot","RC-15","Las Olas Park Corr 6-12 B","","No","Zoned Residential","Residential",""
"1","F10468551","X","3470","333 SW 14th Way","$1,895,000","0.2300","","Less Than 1/4 Acre Lot","","SAILBOAT BEND","City/County Maintained","Yes","Zoned Residential","Residential",""
"1","F10456981","X","3470","333 14th Way","$1,895,000","0.2300","","Less Than 1/4 Acre Lot","","SAILBOAT BEND","City/County Maintained","Yes","Zoned Residential","Unimproved Agri/Recreatn/Moblhome",""
"1","R11136132","X","3600","1248 Cordova Road","$1,875,000","0.2000","","Less Than 1/4 Acre Lot, Less Than 1 Acre","RS-8","LAUDERDALE HARBORS","City/County Maintained, Paved Road","Yes","","Unimproved Agri/Recreatn/Moblhome",""
"1","F10475947","X","3480","2323 SW 19th Ave","$1,775,000","1.0220","44,551","1 To Less Than 2 Acre Lot","RD-15","River Oaks","Paved Road, Public Road","No","Zoned Multifamily","Residential",""
"1","F10520886","X","3450","1383 NE 34th Ct","$1,700,000","0.5700","8,048","1/2 To Less Than 3/4 Acre Lot","TD (12 U","Oakland Park 2-38 B","City/County Maintained, Paved Road, Public Road","No","Zoned Multifamily","Residential",""
"1","F10430546","X","3150","3312 NE 37th St","$1,699,000","0.1840","8,000","","RS-8","BERMUDA-RIVIERA SUB","","Yes","Zoned Residential","Residential",""
"1","F10488988","X","3550","2014 NW 28th St","$1,673,000","1.7500","14,998","1 To Less Than 2 Acre Lot","R-1","Middle River Gardens 22-4","","No","Zoned Multifamily","Other",""
"1","A11665801","X","3130","2018 NE 31st Ave","$1,650,000","0.2000","8,250","","¤RS-8","LAUDERDALE BEACH EXT","","No","Zoned Residential","Residential",""
"1","F10450661","X","3270","434 NE 7th Avenue","$1,599,999","0.1800","7,830","Less Than 1/4 Acre Lot","RMM-25","Victoria Park","Public Road","No","Zoned Multifamily","Residential",""
"1","F10429672","X","3280","1213 SE 1st St","$1,550,000","0.1600","6,750","Less Than 1/4 Acre Lot","RM-15","Colee Hammock 1-17 B","","No","Zoned Multifamily","Residential",""
"1","A11681275","X","3380","827 NE 14th Pl","$1,500,000","0.2162","9,416","Less Than 1/4 Acre Lot","¤RMM-25","DIXIE PARK","Paved Road","No","Zoned Residential","Residential",""
"1","A11498346","X","3480","1201 Guava Isle","$1,500,000","0.1800","7,950","","¤RS-8","SOUTH NEW RIVER ISLES SEC","","Yes","Zoned Residential","Residential",""
"1","A11664849","X","3360","1816 1818 Middle River Dr","$1,490,000","0.2200","9,776","","¤RC-15","LIVERMORE ESTATES","","No","Zoned Duplex","Residential",""
"1","A11535910","X","3360","1302 NE 32nd St","$1,450,000","0.2000","8,697","Less Than 1/4 Acre Lot","¤RM-16","OAKLAND PARK","","No","Zoned Residential","Residential",""
"1","F10403693","X","3690","2323 W State Road 84","$1,395,000","0.1200","5,586","Less Than 1/4 Acre Lot","B-2","Yacht Haven 157-17 B","","Yes","Zoned Residential","Unimproved Agri/Recreatn/Moblhome",""
"1","A11949002","X","3460","501 NW 7th Ter","$1,300,000","0.4650","20,250","","¤RMM-25","NORTH LAUDERDALE","City/County Maintained, Public Road","No","Zoned Multifamily","Other",""
"1","F10533579","X","3160","2713 NE 33rd Avenue","$1,295,000","0.2200","9,778","Less Than 1/4 Acre Lot","RD-15","Dolphin Isles","Public Road","No","Zoned Duplex","Unimproved Agri/Recreatn/Moblhome",""
"1","F10480628","X","3250","2601 NE 32nd St","$1,290,000","0.3100","13,503","1/4 To Less Than 1/2 Acre Lot, East Of US 1","RD-15","Coral Ridge Galt Add 2","City/County Maintained, Paved Road, Public Road","No","Zoned Multifamily","Residential",""
"1","F10447039","X","3140","4200 N Ocean Drive","$1,250,000","0.1290","5,624","Less Than 1/4 Acre Lot","RM-25","LAUDERDALE BY THE SEA","Public Road","No","Zoned Multifamily","Unimproved Agri/Recreatn/Moblhome",""
"1","F10482172","X","3270","306 NE 16th Avenue","$1,223,000","0.2141","","","RC-15","Victoria Park","","No","Zoned Residential","Unimproved Agri/Recreatn/Moblhome",""
"1","F10536951","X","3270","701 NE 1st Street","$1,200,000","0.1600","6,750","Less Than 1/4 Acre Lot, Less Than 1 Acre","RMM-25","Davis Add 3-28 D","","No","Zoned Multifamily","Unimproved Agri/Recreatn/Moblhome",""
"1","F10498097","X","3280","741 NE 19th Avenue","$1,200,000","0.2980","12,991","1/2 To Less Than 3/4 Acre Lot, East Of US 1, Oversized Lot","RS-8","VICTORIA HIGHLANDS AMD PL","","No","Zoned Residential","Unimproved Agri/Recreatn/Moblhome",""
"1","A11627971","X","3280","1518 SE 2nd Ct","$1,200,000","0.1262","5,500","","¤RM-15","COLEE HAMMOCK","","No","Zoned Residential","Residential",""
"1","A11588505","X","3140","277 Miramar Ave","$1,150,000","0.0000","7,519","","¤RS-5","SILVER SHORES-SUB TRACT","","No","Zoned Residential","Residential",""
"1","A11768424","X","3380","827 NE 14th Pl","$1,150,000","0.2162","9,416","Less Than 1/4 Acre Lot","¤RMM-25","DIXIE PARK","Paved Road","No","Zoned Residential","Residential",""
"1","A11983518","X","3470","310 SW 10th St","$1,100,000","0.1400","6,250","","¤RD-15","LAUDERDALE","","No","Zoned Residential","Residential",""
"1","A11623250","X","3390","901 NW 3rd Ave","$1,099,000","0.3100","13,500","","¤RMM-25","Progresso","","No","Zoned Multifamily","Multifamily",""
"1","F10479693","X","3480","1401 SW 15th Ave","$1,095,000","0.4132","17,999","","RS-8","Mrs E F Marshalls Sub Rev","","No","Zoned Residential","Residential",""
"1","F10457240","X","3480","1700-1710 SW 21st Street","$1,000,000","23,205.0000","11,391","Less Than 1/4 Acre Lot","RD-15","Osceola Park 9-46 B","","No","Zoned Multifamily","Unimproved Agri/Recreatn/Moblhome",""
"1","A11928971","X","3390","811 NW 1st Ave","$999,000","0.3100","13,500","1/4 To Less Than 1/2 Acre Lot","¤RMM-25","PROGRESSO","","No","Zoned Residential","Residential",""
"1","F10473265","X","3470","808 SW 8th Ter","$999,000","0.2573","11,210","1/4 To Less Than 1/2 Acre Lot","RD-15","Seawanna Sub Blk 63","","Yes","Zoned Residential","Residential",""
"1","F10429584","X","3450","1001 NE 33rd St","$995,000","0.3300","11,608","1/4 To Less Than 1/2 Acre Lot","R-1","Oakland Park Second Add 1","","No","Zoned Multifamily","Residential",""
"1","A11781427","X","3600","823 SE 18TH ST","$995,000","0.0000","","","RMM-25","Everglades Land Sale Co.","","No","Zoned Multifamily","Residential",""
"1","F10403694","X","3690","2323 W State Road 84","$879,000","0.0400","2,112","Less Than 1/4 Acre Lot","B-2","Yacht Haven 157-17 B","","Yes","Zoned Residential","Unimproved Agri/Recreatn/Moblhome",""
"1","A11600461","X","3140","4557 Poinciana St","$858,000","0.1473","6,415","Less Than 1/4 Acre Lot","¤RM-25","LAUDERDALE BY THE SEA","","No","Zoned Multifamily","Residential",""
"1","F10519661","X","3470","2397 SW 18th Ave","$850,000","0.2750","","1/4 To Less Than 1/2 Acre Lot","","OSCEOLA PARK","Public Road","No","Zoned Residential","Residential",""
"1","F10486462","X","3810","739 NE 5th Ave","$799,000","0.1500","6,750","Less Than 1/4 Acre Lot","RAC-UV","Flagler Village","","No","Zoned Residential","Residential",""
"1","A11803022","X","3500","214 SW 9th St","$756,000","0.0000","3,323","Less Than 1/4 Acre Lot","","LAUDERDALE","","No","Zoned Duplex","Residential",""
"1","A11872838","X","3470","214 SW 9th St","$750,000","0.1500","3,325","","¤RD-15","LAUDERDALE","","No","Zoned Multifamily","Residential",""
"1","A11272872","X","3370","1022 NE 2nd Ave","$749,900","0.5000","10,123","Less Than 1/4 Acre Lot","","PROGRESSO","","No","Zoned Multifamily","Residential",""
"1","A11884335","X","3010","43 NE 26th Ct","$749,000","0.1650","7,172","","¤RS-5","SUN SET MANORS FIRST ADD","","No","Zoned Residential","Residential",""
"1","A11252854","X","3480","15 Sw Ave","$699,000","0.2020","8,814","1/4 To Less Than 1/2 Acre Lot","","SHADY BANKS","","No","Zoned Residential","Residential",""
"1","F10403688","X","3690","2323 W State Road 84","$699,000","0.0400","1,600","Less Than 1/4 Acre Lot","B-2","Yacht Haven 157-17 B","","Yes","Zoned Residential","Unimproved Agri/Recreatn/Moblhome",""
"1","F10403669","X","3690","2323 W State Road 84","$699,000","0.0400","1,782","Less Than 1/4 Acre Lot","B-2","Yacht Haven 157-17 B","","Yes","Zoned Residential","Unimproved Agri/Recreatn/Moblhome",""
"1","F10403667","X","3690","2323 W State Road 84 Lort 205","$699,000","0.0400","1,896","Less Than 1/4 Acre Lot","B-2","Yacht Haven 157-17 B","","Yes","Zoned Residential","Unimproved Agri/Recreatn/Moblhome",""
"1","F10466163","X","3480","900 Guava Isle","$679,000","0.2240","9,776","Less Than 1/4 Acre Lot","RS-8","South New River Isles Sec","City/County Maintained, Public Road","Yes","Zoned Residential","Unimproved Agri/Recreatn/Moblhome",""
"1","F10403665","X","3690","2323 W State Road 84","$679,000","0.0400","2,080","Less Than 1/4 Acre Lot","B-2","Yacht Haven 157-17 B","","Yes","Zoned Residential","Unimproved Agri/Recreatn/Moblhome",""
"1","A11730719","X","3280","1326 NE 14th Ave","$649,000","0.1500","6,749","","¤RM-15","PROGRESSO","","No","Zoned Duplex","Residential",""
"1","A11926671","X","3460","425 NW 7th Ter","$625,000","0.2325","10,127","","","NORTH LAUDERDALE","City/County Maintained, Paved Road, Public Road","No","Zoned Residential","Residential",""
"1","F10528252","X","3480","1717 SW 14th St","$599,900","0.1446","6,300","Less Than 1/4 Acre Lot","RS-8","Shady Banks","City/County Maintained","No","Zoned Residential","Residential",""
"1","A11793354","X","3380","1120 NE 15th Ave","$579,900","0.1492","6,502","","¤RC-15","PROGRESSO","","No","Zoned Duplex","Residential",""
"1","A11765179","X","3380","1120 NE 15th Ave","$579,900","0.1492","6,502","","¤RC-15","PROGRESSO","","No","Zoned Duplex","Residential",""
"1","A11811572","X","3370","901 NE 16th Ct","$565,000","0.0000","5,500","Less Than 1/4 Acre Lot","RMS-15 R-MULTI-FAMIL","LAUDERDALE PARK 6-33 1/2","Legal Access Road, City/County Maintained","No","Zoned Multifamily","Residential",""
"1","F10457244","X","3470","1730 SW 21st St","$549,999","23,205.0000","5,720","Less Than 1/4 Acre Lot","RD-15","Osceola Park 9-46 B","","No","Zoned Multifamily","Residential",""
"1","F10413344","X","3690","2323 W State Road 84","$549,000","0.0400","1,600","Less Than 1/4 Acre Lot","B-2","Yacht Haven 157-17 B","","Yes","Zoned Residential","Unimproved Agri/Recreatn/Moblhome",""
"1","F10413343","X","3690","2323 W State Road 84","$549,000","0.0400","1,782","Less Than 1/4 Acre Lot","B-2","Yacht Haven 157-17 B","","Yes","Zoned Residential","Unimproved Agri/Recreatn/Moblhome",""
"1","F10457246","X","3470","1720 SW 21st Street","$535,000","23,205.0000","5,720","Less Than 1/4 Acre Lot","RD-15","Osceola Park 9-46 B","","No","Zoned Multifamily","Unimproved Agri/Recreatn/Moblhome",""
"1","F10403659","X","3690","2323 W State Road 84","$529,000","0.0500","2,436","Less Than 1/4 Acre Lot","B-2","Yacht Haven 157-17 B","","Yes","Zoned Residential","Unimproved Agri/Recreatn/Moblhome",""
"1","F10403656","X","3690","2323 W State Road 84","$529,000","0.0300","","Less Than 1/4 Acre Lot","B-2","Yacht Haven 157-17 B","","Yes","Zoned Residential","Unimproved Agri/Recreatn/Moblhome",""
"1","A11562598","X","3390","918-924 NW 13th Ave","$499,999","0.2296","10,000","","¤RMM-25","LINCOLN PARK FOURTH ADD","","No","Zoned Multifamily","Income/MultiFamily",""
"1","F10500366","X","3450","800 NE 43rd Street","$499,000","0.2500","","Less Than 1/4 Acre Lot","RES","FLORANADA CENTER 9-51 B","Paved Road","No","Zoned Residential","Unimproved Agri/Recreatn/Moblhome",""
"1","F10413269","X","3690","2323 W State Road 84 Lort 409","$499,000","0.0500","1,896","Less Than 1/4 Acre Lot","B-2","Yacht Haven 157-17 B","","Yes","Zoned Residential","Unimproved Agri/Recreatn/Moblhome",""
"1","F10403662","X","3690","2323 W State Road 84","$499,000","0.0300","1,674","Less Than 1/4 Acre Lot","B-2","Yacht Haven 157-17 B","","Yes","Zoned Residential","Unimproved Agri/Recreatn/Moblhome",""
"1","F10403660","X","3690","2323 W State Road 84","$499,000","0.0300","1,705","Less Than 1/4 Acre Lot","B-2","Yacht Haven 157-17 B","","Yes","Zoned Residential","Unimproved Agri/Recreatn/Moblhome",""
"1","F10481698","X","3470","806 Tequesta St","$429,000","0.1600","7,000","Less Than 1/4 Acre Lot","RML25","BRYAN SUBDIVISION","Paved Road, Public Road","No","Zoned Residential","Residential",""
"1","A11725313","X","3020","918 - 924 NW 13th Ave","$420,000","0.2300","10,000","","¤RMM-25","LINCOLN PARK FOURTH ADD","City/County Maintained","No","Zoned Multifamily","Residential",""
"1","R11015626","X","3560","1312 NW 2nd Street","$420,000","","","Less Than 1/4 Acre Lot","RMM-25","SEMINOLE FOREST","City/County Maintained, Paved Road, Public Road","No","","Single",""
"1","F10541313","X","3450","937 NE 34th Court","$399,999","0.2200","9,619","","","Oakland Park Second Add 1","","No","Zoned Residential","Unimproved Agri/Recreatn/Moblhome",""
"1","F10541306","X","3450","935 NE 34th Court","$399,999","0.2200","9,619","Less Than 1/4 Acre Lot","R-1","Oakland Park Second Add 1","","No","Zoned Residential","Unimproved Agri/Recreatn/Moblhome",""
"1","F10432855","X","3350","1375 NE 40th Ct","$399,000","0.1100","5,041","Less Than 1/4 Acre Lot","R-1","Central Corals","Paved Road","No","Zoned Residential","Residential",""
"1","F10413236","X","3690","2323 W State Road 84","$399,000","0.0500","2,436","Less Than 1/4 Acre Lot","B-2","Yacht Haven 157-17 B","","Yes","Zoned Residential","Unimproved Agri/Recreatn/Moblhome",""
"1","F10413229","X","3690","2323 W State Road 84","$399,000","0.0400","","Less Than 1/4 Acre Lot","B-2","Yacht Haven 157-17 B","","Yes","Zoned Residential","Unimproved Agri/Recreatn/Moblhome",""
"1","F10526383","X","3480","1310 SW 20th Street","$398,000","0.1530","7,493","Less Than 1/4 Acre Lot","","Lauderdale Groves Amd 18-","City/County Maintained, Paved Road","No","Zoned Residential","Unimproved Agri/Recreatn/Moblhome",""
"1","A11860963","X","3470","16 Sw Ave","$395,000","0.1500","6,363","","¤RD-15","SHERWOOD FOREST","Legal Access Road, City/County Maintained","No","Zoned Duplex","Residential",""
"1","F10464008","X","3480","1306 SW 20th St","$388,000","0.1530","6,659","Less Than 1/4 Acre Lot","","Lauderdale Groves Amd 18-","City/County Maintained, Paved Road","No","Zoned Residential","Residential",""
"1","A11476021","X","3390","1445 NW 7th Ter","$370,000","0.2300","10,134","1/4 To Less Than 1/2 Acre Lot","¤RDS-15","PROGRESSO","","No","Zoned Residential","Residential",""
"1","R11116418","X","3600","1801 SE 17 Street","$365,000","","","East Of US 1","B1","The Port Marina Condo","Paved Road, Public Road, State Road","Yes","","",""
"1","A11762584","X","3450","751 NE 43rd St","$359,000","0.2300","10,106","1/4 To Less Than 1/2 Acre Lot","¤RM-16","FLORANADA CENTER","Legal Access Road, City/County Maintained, Paved Road","No","Zoned Multifamily","Residential",""
"1","A11476169","X","3450","3640 NE 6th Ave","$350,000","0.1500","6,460","Less Than 1/4 Acre Lot","¤R-1","OAKLAND PARK SECOND ADD","","No","Zoned Residential","Residential",""
"1","A11959705","X","3411","00 NE 43rd St","$349,900","0.1500","6,246","","¤RM-16","FLORANADA CENTER","","No","Zoned Multifamily","Residential",""
"1","F10413265","X","3690","2323 W State Road 84","$345,000","0.0800","1,674","Less Than 1/4 Acre Lot","B-2","Yacht Haven 157-17 B","","Yes","Zoned Residential","Unimproved Agri/Recreatn/Moblhome",""
"1","A11695068","X","3540","9 Nw Ct","$325,000","0.1600","7,284","","¤RD-15","LAUDERDALE HOMESITES","","No","Zoned Duplex","Residential",""
"1","F10413238","X","3690","2323 W State Road 84","$325,000","0.0500","1,705","Less Than 1/4 Acre Lot","B-2","Yacht Haven 157-17 B","","Yes","Zoned Residential","Unimproved Agri/Recreatn/Moblhome",""
"1","A11699255","X","3390","1445 NW 7th Ter","$315,000","0.2300","10,134","","¤RDS-15","PROGRESSO","","No","Zoned Multifamily","Residential",""
"1","F10482463","X","3350","1375 NE 40th Ct","$299,000","0.1100","5,041","Less Than 1/4 Acre Lot","R-1","Central Corals","Paved Road","No","Zoned Residential","Residential",""
"1","F10519043","X","3370","1110 NE 5th Avenue","$299,000","0.0780","3,376","","Resident","PROGRESSO","Public Road","No","Zoned Residential","Unimproved Agri/Recreatn/Moblhome",""
"1","F10548538","X","3370","1110 NE 5th Avenue","$259,000","0.0780","3,376","","Resident","PROGRESSO","Public Road","No","Zoned Residential","Unimproved Agri/Recreatn/Moblhome",""
"1","A11701016","X","3550","1031 NW 21st St","$250,000","8,267.0000","8,267","Corner Lot","¤RS-8","HILLMONT MIDDLE RIVER VIS","Legal Access Road, City/County Maintained, Other Road","Yes","Zoned Residential","Residential",""
"1","A11533254","X","3570","636 NW 12th Ave","$240,000","0.0000","6,750","","¤RMM-25","PROGRESSO","","No","Zoned Multifamily","Other",""
"1","R11139271","X","3600","1801 SE 17 Street","$218,990","","","East Of US 1","B1","The Port Marina","City/County Maintained, Paved Road, Public Road","Yes","","",""
"1","R11107414","X","3560","1602 Lauderdale Manor Drive","$210,000","0.1281","","Less Than 1/4 Acre Lot","RS-8","LAUDERDALE MANORS REVISED ","Public Road","No","","Unimproved Agri/Recreatn/Moblhome",""
"1","F10482984","X","3460","TBD NW 15th Way","$200,000","0.2590","11,300","","RS-8","Dorsey Park First Add 21-","","No","Zoned Residential","Residential",""
"1","F10443921","X","3560","2630 NW 20th Ave","$199,000","0.2000","9,008","Less Than 1/4 Acre Lot","R-1","Gedeon Sub 21-24 B","Other Road","No","Zoned Residential","Residential",""
"1","A11580538","X","3400","628 NW 22nd Rd","$177,000","0.0660","5,014","","¤CB","WASHINGTON PARK","","No","Zoned Multifamily","Other",""
"1","F10465008","X","3560","0 NW 7th Court","$140,000","0.0000","5,501","","RS-6","Washington Park Third Add","","No","Zoned Residential","Unimproved Agri/Recreatn/Moblhome",""
"1","A11760660","X","3050","600-610 Las Olas Blvd","$125,000","0.0000","","Zero Lot Line Lot","0000","Symphony Condominuim","City/County Maintained, Private Road","Yes","Boat Dock or Dockominium","Dockominium",""
"1","A11746022","X","3400","628 NW 22nd Rd","$125,000","0.0660","5,014","","¤CB","WASHINGTON PARK","","No","Zoned Multifamily","Other",""
"1","F10426858","X","3690","2323 W State Road 84","$10,000","21.7000","862,176","Less Than 1/4 Acre Lot","B-2","Yacht Haven","Paved Road","Yes","Boat Dock or Dockominium","Dockominium",""
"1","R11054331","X","3280","516 Royal Plaza Drive","$7,500","0.0021","","1/4 To Less Than 1/2 Acre Lot","","STILWELL ISLES","","Yes","","",""
"1","R10995784","X","3260","1335 Seminole Drive Unit#1335","$5,000","","","Less Than 1/4 Acre Lot, Cul-De-Sac Lot","RS-4.4","BEACH WAY HEIGHTS UNIT","City/County Maintained","Yes","","",""
"1","A11738599","X","3500","65 Hendricks Isle","$1,400","0.0000","","Other Lot Description","¤RMM-25","VISTA DEL SOL CONDO BOAT","Public Road","Yes","Boat Dock or Dockominium","Dockominium",""
"1","A11797609","X","3450","322 Hendricks Isle","$1,100","0.0000","6,250","Less Than 1/4 Acre Lot","¤RMM-25","VICTORIA ISLES","Paved Road, Private Road","Yes","Boat Dock or Dockominium","Other",""
"1","A11609092","X","3280","76 Isle of Venice DOCK 4","$750","0.0000","","Less Than 1/4 Acre Lot","COOPERATIVE","NURMI ISLES ISLAND NUMBER","Public Road","Yes","Boat Dock or Dockominium","Other",""
"1","F10506482","X","3260","1821 Middle River Drive","$500","0.5000","","Less Than 1/4 Acre Lot","","Coral Ridge","City/County Maintained, Paved Road","Yes","Boat Dock or Dockominium","Dockominium",""
"1","R11106162","X","3470","1733 SW 5 Court","$500","","","Less Than 1/4 Acre Lot","RES","GILL ISLES","City/County Maintained","Yes","","",""
